url_name,name,tags,ducats,live_buys,live_sells,buy_sell_ratio,top_buy_price,low_sell_price,low5_avg,spread,volume_48h,avg_price_48h,median_now,median_90d,medians_7d,donch_top_90d,donch_bot_90d,score
biotic_rounds,Biotic Rounds,"['mod', 'rare', 'primary', 'ax_52']",,5,0,50.0,90,0,0.0,0,11,140.8,135.0,195.0,"[189.0, 195.0, 178.0, 175.5, 175.0, 150.0, 135.0]",239.5,135.0,78999.0
axi_a5_relic,Axi A5 Relic,"['relic', 'axi']",,8,0,80.0,36,0,0.0,0,120,7.3,9.2,9.2,"[8.0, 7.0, 12.0, 8.5, 15.0, 6.0, 9.165]",15.0,6.0,70866.9
styanax_prime_set,Styanax Prime Set,"['warframe', 'prime', 'set']",205,11,58,0.19,42,49,49.6,7,884,51.4,50.0,69.0,"[60.0, 60.0, 55.0, 55.0, 54.0, 50.0, 50.0]",149.0,50.0,54011.5
high_voltage,High Voltage,"['mod', 'rare', 'rifle', 'primary']",,21,65,0.32,27,25,26.0,-2,1448,25.7,25.0,70.0,"[40.5, 45.0, 45.0, 47.0, 45.0, 25.0, 25.0]",90.0,25.0,49203.5
voruna_prime_set,Voruna Prime Set,"['warframe', 'prime', 'set']",290,13,66,0.2,37,45,48.6,8,690,47.3,47.0,59.0,"[48.0, 48.0, 47.0, 48.0, 48.0, 47.0, 47.0]",80.0,44.0,39073.9
titania_prime_set,Titania Prime Set,"['set', 'prime', 'warframe']",205,20,101,0.2,60,60,63.8,0,496,63.0,65.0,87,"[65.0, 65.0, 65.0, 65.0, 65.0, 65.0, 65.0]",89.5,65.0,37463.3
khora_prime_set,Khora Prime Set,"['prime', 'warframe', 'set']",225,18,72,0.25,79,80,82.8,1,346,81.7,83.0,84.0,"[83.0, 82.0, 83.0, 83.0, 82.0, 83.0, 83.0]",85,80.0,35331.2
wisp_prime_set,Wisp Prime Set,"['prime', 'warframe', 'set']",225,16,85,0.19,65,69,69.8,4,428,69.0,70.0,70.0,"[70.0, 70.0, 70.0, 70.0, 70.0, 70.0, 70.0]",70.0,69,35088.6
vauban_prime_set,Vauban Prime Set,"['set', 'prime', 'warframe']",290,22,47,0.47,109,117,119.2,8,203,114.4,115.0,110,"[110.0, 115.0, 118.0, 116.0, 111.0, 115.0, 115.0]",118.0,100.0,34097.0
hildryn_prime_set,Hildryn Prime Set,"['warframe', 'prime', 'set']",205,11,80,0.14,60,70,70.0,10,417,67.5,70.0,69.0,"[70.0, 70.0, 70.0, 70.0, 70.0, 69.0, 70.0]",70,60.0,32004.1
leaded_gas,Leaded Gas,"['mod', 'rare', 'secondary', 'vesper_77']",,6,0,60.0,20,0,0.0,0,7,73.7,87.5,83.8,"[90.0, 85.0, 90.0, 80.0, 60.0, 75.0, 87.5]",109.0,50.0,31476.0
vay_hek_frequency_triangulator,Vay Hek Frequency Triangulator,"['triangulator', 'collectible']",,9,1,9.0,3000,6767,6767.0,3767,1,3000.0,3000.0,3000.0,"[4100, 3250.0, 3000.0, 2815.0, 3300.0, 4999.5, 3000.0]",4999.5,2000,30000.0
meso_d2_relic,Meso D2 Relic,"['relic', 'meso']",,4,0,40.0,48,0,0.0,0,81,8.9,8.5,10.0,"[8.5, 12.0, 8.0, 8.0, 7.585, 7.585, 8.5]",25,6,29510.8
gara_prime_set,Gara Prime Set,"['warframe', 'prime', 'set']",205,16,69,0.23,57,35,62.0,-22,372,64.3,65.0,83.0,"[65.0, 65.0, 65.0, 65.0, 64.0, 65.0, 65.0]",85.0,64.0,29484.5
arcane_hot_shot,Arcane Hot Shot,"['legendary', 'arcane_enhancement']",,15,34,0.44,108,22,23.4,-86,938,21.0,20.0,20.0,"[22.0, 20.0, 20.0, 20.0, 20.0, 20.0, 20.0]",22.0,17.0,28445.2
neo_a5_relic,Neo A5 Relic,"['relic', 'neo']",,12,0,120.0,38,0,0.0,0,27,8.6,8.0,7.2,"[6.0, 7.5, 6.17, 8.0, 6.5, 9.0, 8.0]",11.0,3,27951.0
legendary_fusion_core,Legendary Fusion Core,['fusion core'],,13,24,0.54,78,94,97.6,16,193,89.8,90.0,90.0,"[90.0, 95.0, 95.0, 91.5, 90.0, 90.0, 90.0]",95,85.0,26724.0
nidus_prime_set,Nidus Prime Set,"['warframe', 'prime', 'set']",225,15,75,0.2,85,30,76.2,-55,244,89.3,90.0,90.0,"[90.0, 90.0, 90.0, 90.0, 90.0, 90.0, 90.0]",100.0,88.0,26157.0
mirage_prime_set,Mirage Prime Set,"['warframe', 'prime', 'set']",175,14,65,0.22,80,30,74.2,-50,255,84.1,84.0,88.0,"[85.0, 85.0, 84.0, 85.0, 84.0, 85.0, 84.0]",90,84.0,26072.4
gauss_prime_set,Gauss Prime Set,"['prime', 'warframe', 'set']",185,9,95,0.09,41,49,49.4,8,474,50.1,50.0,50.0,"[50.0, 50.0, 50.0, 50.0, 50.0, 50.0, 50.0]",50.0,44,26009.3
hespar_blade_blueprint,Hespar Blade Blueprint,"['weapon', 'blueprint', 'component']",,8,4,2.0,102,120,127.2,18,78,110.0,114.5,115.0,"[120.0, 110.0, 120.0, 120.0, 110.0, 106.0, 114.5]",135,100.0,25741.5
wukong_prime_set,Wukong Prime Set,"['set', 'prime', 'warframe']",205,13,98,0.13,60,68,69.0,8,331,67.4,69.0,77.0,"[69.0, 70.0, 70.0, 69.0, 69.0, 69.0, 69.0]",90,65.0,25251.4
revenant_prime_set,Revenant Prime Set,"['prime', 'warframe', 'set']",205,8,88,0.09,51,55,59.0,4,387,59.0,60.0,65.0,"[64.0, 65.0, 64.0, 65.0, 65.0, 60.0, 60.0]",70.0,60.0,24929.5
afentis_prime_set,Afentis Prime Set,"['prime', 'weapon', 'primary', 'set']",260,8,28,0.29,42,50,54.4,8,356,52.9,50.0,70.0,"[63.0, 60.0, 60.0, 55.0, 54.0, 50.0, 50.0]",210.0,50.0,24207.4
xaku_prime_set,Xaku Prime Set,"['warframe', 'prime', 'set']",205,36,99,0.36,25,20,23.6,-5,720,24.4,25.0,25.0,"[25.0, 25.0, 25.0, 24.0, 25.0, 25.0, 25.0]",25.0,20,23953.0
volt_prime_set,Volt Prime Set,"['set', 'prime', 'warframe']",180,12,94,0.13,57,60,64.0,3,322,65.5,65.0,65.0,"[65.0, 65.0, 65.0, 67.0, 65.0, 65.0, 65.0]",67.0,60,23772.8
nautilus_prime_set,Nautilus Prime Set,"['prime', 'sentinel', 'set']",260,22,93,0.24,40,40,43.0,0,432,42.2,42.0,35.0,"[40.0, 40.0, 40.0, 40.0, 44.0, 40.0, 42.0]",44.0,30.0,22532.0
bite,Bite,"['mod', 'rare', 'melee', 'claws']",,8,27,0.3,51,66,68.6,15,254,64.0,65.0,65.0,"[65.0, 65.0, 65.0, 65.0, 65.0, 65.0, 65.0]",69.0,60,21076.5
caliban_prime_set,Caliban Prime Set,"['warframe', 'prime', 'set']",260,22,94,0.23,30,29,29.8,-1,530,32.1,30.0,38,"[34.0, 33.0, 30.0, 30.0, 30.0, 30.0, 30.0]",40.0,30.0,20979.3
banshee_prime_set,Banshee Prime Set,"['warframe', 'prime', 'set']",225,12,49,0.24,73,85,87.4,12,189,86.8,88.0,80.0,"[90.0, 90.0, 90.0, 87.5, 90.0, 89.0, 88.0]",99.0,79.0,20425.7
garuda_prime_set,Garuda Prime Set,"['warframe', 'prime', 'set']",225,10,57,0.18,75,75,81.8,0,202,84.5,85.0,85,"[85.0, 85.0, 85.0, 85.0, 85.0, 85.0, 85.0]",90.0,80.0,20057.1
octavia_prime_set,Octavia Prime Set,"['warframe', 'prime', 'set']",175,10,57,0.18,75,83,84.6,8,205,83.2,84.0,85.0,"[85.0, 85.0, 84.0, 83.0, 81.0, 84.0, 84.0]",85.0,80,20039.5
mesa_prime_set,Mesa Prime Set,"['set', 'prime', 'warframe']",260,11,88,0.12,51,65,68.4,14,249,69.1,70.0,70.0,"[69.0, 70.0, 69.5, 68.0, 70.0, 70.0, 70.0]",70,55.0,19344.9
hammer_shot,Hammer Shot,"['mod', 'rare', 'rifle', 'primary']",,13,11,1.18,91,80,103.0,-11,81,106.0,110.0,100.0,"[110.0, 110.0, 110.0, 105.0, 110.0, 108.0, 110.0]",115,90.0,18739.6
valkyr_prime_set,Valkyr Prime Set,"['prime', 'warframe', 'set']",225,10,86,0.12,66,70,72.4,4,225,73.0,73.0,74.0,"[72.0, 75.0, 74.0, 74.0, 75.0, 74.0, 73.0]",75.0,70.0,18323.2
meso_f3_relic,Meso F3 Relic,"['relic', 'meso']",,5,0,50.0,25,0,0.0,0,9,39.0,39.0,24.5,"[22.5, 24, 50, 20, 25.0, 25.0, 39.0]",50,20,17901.0
hydroid_prime_set,Hydroid Prime Set,"['warframe', 'prime', 'set']",205,13,32,0.41,80,90,93.8,10,134,92.6,95.0,94.0,"[93.0, 93.5, 94.0, 94.0, 94.0, 92.0, 95.0]",99.0,89,17445.9
gyre_prime_set,Gyre Prime Set,"['warframe', 'prime', 'set']",205,17,75,0.23,30,29,29.8,-1,454,31.0,30.0,35.0,"[34.0, 33.0, 33.0, 35.0, 34.0, 30.0, 30.0]",40,30.0,17278.8
rifle_riven_mod_(veiled),Rifle Riven Mod (Veiled),"['mod', 'riven_mod', 'common', 'veiled_riven']",,24,22,1.09,10,10,10.6,0,827,9.7,10.0,10,"[10.0, 10.0, 10.0, 10.0, 10.0, 10.0, 10.0]",12.0,10,16725.2
vectis_prime_set,Vectis Prime Set,"['weapon', 'prime', 'set', 'primary']",225,14,13,1.08,121,144,147.4,23,57,138.8,140.0,120,"[140.0, 140.0, 140.0, 139.5, 140.0, 140.0, 140.0]",140.0,105.0,16426.4
nekros_prime_set,Nekros Prime Set,"['set', 'warframe', 'prime']",225,14,49,0.29,90,94,95.6,4,132,94.2,95.0,90.0,"[95.0, 95.0, 95.0, 95.0, 95.0, 95.0, 95.0]",95.0,85,15987.9
larkspur_prime_set,Larkspur Prime Set,"['prime', 'archwing', 'weapon', 'primary', 'set']",205,8,36,0.22,50,60,66.6,10,205,63.3,65.0,64.0,"[60.0, 64.0, 65.0, 64.0, 65.0, 65.0, 65.0]",70.0,55.0,15849.8
yareli_prime_set,Yareli Prime Set,"['warframe', 'prime', 'set']",260,25,102,0.25,27,29,29.8,2,434,28.8,29.0,38,"[30.0, 30.0, 30.0, 30.0, 30.0, 29.0, 29.0]",40,27.0,15570.6
zephyr_prime_set,Zephyr Prime Set,"['prime', 'warframe', 'set']",205,9,35,0.26,65,77,79.2,12,162,75.7,75.0,78.0,"[77.0, 78.0, 79.0, 79.0, 77.0, 79.0, 75.0]",80,74,15418.2
chroma_prime_set,Chroma Prime Set,"['set', 'prime', 'warframe']",205,9,53,0.17,80,89,89.2,9,147,89.0,89.0,90.0,"[90.0, 90.0, 89.0, 89.0, 90.0, 90.0, 89.0]",90,88.0,15305.2
akarius_prime_set,Akarius Prime Set,"['prime', 'secondary', 'weapon', 'set']",305,6,59,0.1,61,75,79.0,14,190,72.5,75.0,70,"[72.0, 75.0, 75.0, 74.0, 75.0, 75.0, 75.0]",75.0,65,15181.9
sevagoth_prime_set,Sevagoth Prime Set,"['prime', 'warframe', 'set']",175,24,87,0.28,28,30,34.2,2,367,32.3,30.0,30,"[30.0, 30.0, 34.0, 30.0, 32.0, 33.0, 30.0]",34.0,22.0,15104.3
saryn_prime_set,Saryn Prime Set,"['set', 'prime', 'warframe']",225,14,71,0.2,73,77,78.4,4,160,77.9,79.0,78.0,"[79.0, 79.0, 80.0, 78.0, 79.0, 79.0, 79.0]",80.0,74,14924.1
voruna_prime_blueprint,Voruna Prime Blueprint,"['warframe', 'prime', 'blueprint']",100,9,14,0.64,25,25,26.6,0,383,23.5,25.0,27.0,"[25.0, 25.0, 25.0, 25.0, 25.0, 24.0, 25.0]",33.0,24.0,14755.3
lith_t11_relic,Lith T11 Relic,"['lith', 'relic']",,13,6,2.17,25,5,4.67,-20,1069,4.3,4.2,4.7,"[5.0, 5.0, 5.0, 4.17, 4.0, 4.0, 4.17]",10,1,14638.5
harrow_prime_set,Harrow Prime Set,"['warframe', 'prime', 'set']",205,5,63,0.08,50,30,55.2,-20,202,64.2,65.0,68,"[65.0, 65.0, 65.0, 65.0, 68.0, 65.0, 65.0]",70,60.0,13994.5
hildryn_prime_blueprint,Hildryn Prime Blueprint,"['prime', 'warframe', 'blueprint']",100,12,31,0.39,30,35,37.8,5,268,37.6,39.0,38,"[37.0, 39.0, 38.0, 38.0, 38.0, 38.0, 39.0]",39.0,35,13959.0
protea_prime_set,Protea Prime Set,"['warframe', 'prime', 'set']",260,18,77,0.23,30,39,39.6,9,294,37.6,40.0,35,"[39.0, 40.0, 40.0, 40.0, 40.0, 40.0, 40.0]",40.0,30,13635.0
neo_s5_relic,Neo S5 Relic,"['relic', 'neo']",,9,1,9.0,48,20,20.0,-28,150,9.0,9.0,9.0,"[10.0, 8.33, 12.0, 12.0, 9.0, 9.0, 9.0]",15.0,5,13500.0
nezha_prime_set,Nezha Prime Set,"['set', 'prime', 'warframe']",260,12,58,0.21,60,70,70.6,10,155,71.0,70.0,73.0,"[70.0, 70.0, 70.0, 70.0, 70.0, 70.0, 70.0]",75.0,70,13274.1
ember_prime_set,Ember Prime Set,"['set', 'prime', 'warframe']",175,4,78,0.05,50,65,68.0,15,189,66.1,67.0,65.0,"[65.0, 68.0, 68.0, 68.0, 65.0, 68.0, 67.0]",69.0,60,13137.3
dethcube_prime_set,Dethcube Prime Set,"['set', 'prime', 'sentinel']",225,6,45,0.13,60,75,75.0,15,162,71.1,70.0,73.0,"[70.0, 70.0, 73.5, 70.0, 73.0, 72.5, 70.0]",75.0,69.5,13053.7
ivara_prime_set,Ivara Prime Set,"['set', 'prime', 'warframe']",205,8,68,0.12,51,60,65.6,9,178,65.4,65.0,69,"[65.0, 66.0, 69.0, 68.0, 68.0, 67.0, 65.0]",70.0,64,13007.7
athodai_prime_set,Athodai Prime Set,"['prime', 'secondary', 'weapon', 'set']",160,7,26,0.27,30,35,36.0,5,300,33.7,33.0,45.0,"[40.0, 40.0, 40.0, 35.0, 34.0, 32.5, 33.0]",170.0,32.5,12824.3
inaros_prime_set,Inaros Prime Set,"['set', 'prime', 'warframe']",205,5,57,0.09,47,65,68.4,18,177,65.7,69.0,69.0,"[68.0, 69.0, 68.0, 65.0, 65.0, 65.0, 69.0]",70.0,65,12645.3
neo_n6_relic,Neo N6 Relic,"['relic', 'neo']",,4,0,40.0,6,0,0.0,0,35,8.8,9.5,9.0,"[10.0, 10.0, 7.0, 20.0, 6.0, 8.0, 9.5]",20.0,5,12628.0
oberon_prime_set,Oberon Prime Set,"['warframe', 'prime', 'set']",225,10,45,0.22,68,80,81.8,12,121,80.6,80.0,80.0,"[80.0, 80.0, 80.0, 80.0, 80.0, 80.0, 80.0]",84,79.0,11913.0
ayatan_anasa_sculpture,Ayatan Anasa Sculpture,['ayatan_sculpture'],,16,38,0.42,42,7,8.0,-35,930,9.0,6.5,9,"[6.5, 9.0, 5.0, 9.0, 8.0, 9.0, 6.5]",10,4,11910.4
primed_flow,Primed Flow,"['mod', 'legendary', 'warframe']",,7,28,0.25,35,44,47.6,9,214,44.5,45.0,40.0,"[40.0, 40.0, 45.0, 40.0, 43.0, 45.0, 45.0]",49.0,25,11906.2
atlas_prime_set,Atlas Prime Set,"['set', 'prime', 'warframe']",205,6,62,0.1,47,68,69.6,21,158,67.8,69.0,68,"[65.5, 70.0, 70.0, 70.0, 66.5, 67.0, 69.0]",70.0,60.0,11747.0
arcane_coil_helmet,Arcane Coil Helmet,"['arcane_helmet', 'skin']",,5,4,1.25,500,900,1696.5,400,5,1040.0,1000.0,900.0,"[1000.0, 950.0, 501.0, 885.0, 1025.0, 943.5, 1000.0]",1400.0,200,11700.0
limbo_prime_set,Limbo Prime Set,"['set', 'prime', 'warframe']",260,7,38,0.18,85,94,96.0,9,102,96.5,95.0,100,"[98.0, 98.0, 98.0, 99.0, 95.0, 95.0, 95.0]",105.0,93.0,11661.5
sancti_magistar,Sancti Magistar,"['syndicate', 'weapon', 'melee']",,9,24,0.38,40,23,30.0,-17,258,32.9,35.0,30,"[30.0, 35.0, 35.0, 35.0, 35.0, 35.0, 35.0]",40.0,25.0,11656.6
frost_prime_set,Frost Prime Set,"['set', 'prime', 'warframe']",175,8,53,0.15,70,78,79.0,8,128,79.1,79.0,79,"[79.0, 79.0, 79.0, 79.0, 79.0, 79.0, 79.0]",80,75,11656.2
neo_v1_relic,Neo V1 Relic,"['relic', 'neo']",,3,0,30.0,8,0,0.0,0,25,15.0,5.0,12.8,"[10.0, 10.0, 5.0, 12.5, 20.0, 15.0, 5.0]",20.0,5.0,11625.0
grendel_prime_set,Grendel Prime Set,"['prime', 'warframe', 'set']",225,11,61,0.18,46,60,60.0,14,165,59.5,60.0,55.0,"[60.0, 60.0, 60.0, 60.0, 60.0, 60.0, 60.0]",60.0,50.0,11580.2
corinth_prime_set,Corinth Prime Set,"['weapon', 'prime', 'set', 'primary']",260,10,39,0.26,60,63,69.6,3,131,70.3,70.0,90.0,"[70.0, 70.0, 70.0, 68.0, 70.0, 70.0, 70.0]",98.5,68.0,11575.3
meso_r4_relic,Meso R4 Relic,"['relic', 'meso']",,7,0,70.0,36,0,0.0,0,26,6.0,6.0,6.0,"[5.5, 6.0, 5.0, 6.0, 5.0, 5.5, 6.0]",11.5,4.5,11005.0
ash_prime_set,Ash Prime Set,"['set', 'prime', 'warframe']",170,7,69,0.1,52,65,67.2,13,148,67.1,68.0,66,"[70.0, 68.0, 68.0, 68.0, 68.0, 68.0, 68.0]",70.0,60.0,10946.2
nova_prime_set,Nova Prime Set,"['set', 'prime', 'warframe']",175,16,83,0.19,65,69,69.6,4,129,70.1,70.0,69.0,"[70.0, 70.0, 70.0, 70.0, 73.0, 73.0, 70.0]",73.0,60,10787.4
blind_rage,Blind Rage,"['mod', 'warframe', 'rare']",,7,27,0.26,10,15,16.4,5,514,16.4,16.0,17,"[17.0, 17.0, 17.0, 15.0, 16.0, 15.0, 16.0]",20.0,14.0,10633.2
wyrm_prime_set,Wyrm Prime Set,"['sentinel', 'prime', 'set']",90,12,35,0.34,70,75,77.4,5,104,75.9,78.0,74.0,"[75.0, 75.0, 75.0, 75.0, 75.0, 75.0, 78.0]",78.0,69.0,10601.9
neo_d2_relic,Neo D2 Relic,"['relic', 'neo']",,7,0,70.0,24,0,0.0,0,37,4.0,3.3,5.0,"[5.0, 3.0, 4.0, 4.0, 5.0, 4.0, 3.33]",12.5,3.0,10508.0
disciplines_merit,Discipline's Merit,"['mod', 'rare', 'melee']",,8,13,0.62,55,70,70.0,15,96,67.6,69.0,75.0,"[65.0, 69.0, 70.0, 70.0, 69.0, 68.0, 69.0]",80,65.0,10488.7
titania_prime_systems_blueprint,Titania Prime Systems Blueprint,"['component', 'prime', 'warframe', 'blueprint']",100,9,43,0.21,21,25,26.6,4,353,24.5,25.0,43.0,"[24.0, 25.0, 25.0, 25.0, 24.5, 24.0, 25.0]",45.0,24.0,10468.9
acid_shells,Acid Shells,"['mod', 'uncommon', 'primary', 'sobek']",,4,6,0.67,22,40,45.2,18,168,36.6,38.0,35,"[37.0, 37.0, 38.0, 35.0, 35.0, 38.0, 38.0]",40.0,28,10234.2
lith_g11_relic,Lith G11 Relic,"['lith', 'relic']",,11,3,3.67,25,27,29.0,2,496,4.3,4.2,4.2,"[4.17, 4.25, 4.25, 4.17, 4.0, 4.17, 4.17]",5,4.0,10042.4
wisp_prime_blueprint,Wisp Prime Blueprint,"['prime', 'warframe', 'blueprint']",100,5,24,0.21,20,35,37.8,15,235,35.2,35.0,35.0,"[36.0, 35.0, 35.0, 35.0, 35.0, 35.0, 35.0]",39.0,30.0,10006.2
prisma_dual_cleavers,Prisma Dual Cleavers,"['weapon', 'melee']",,5,27,0.19,25,30,45.0,5,265,31.8,30.0,49.5,"[64.5, 60.0, 60.0, 50.0, 64.0, 30.0, 30.0]",65.0,27,9973.3
gara_prime_blueprint,Gara Prime Blueprint,"['prime', 'warframe', 'blueprint']",100,10,36,0.28,20,22,23.8,2,348,22.1,22.0,40.0,"[22.0, 23.0, 23.0, 23.0, 20.0, 22.0, 22.0]",43,20.0,9833.8
lavos_prime_set,Lavos Prime Set,"['warframe', 'prime', 'set']",205,18,77,0.23,21,19,20.2,-2,359,22.0,20.0,20.0,"[20.0, 20.0, 20.0, 21.0, 20.0, 22.0, 20.0]",23,20,9757.2
gauss_prime_systems_blueprint,Gauss Prime Systems Blueprint,"['prime', 'warframe', 'component', 'blueprint']",100,10,20,0.5,20,30,32.8,10,261,24.8,25.0,24,"[25.0, 25.0, 25.0, 27.0, 28.0, 25.0, 25.0]",29.0,19,9719.2
phantasma_prime_set,Phantasma Prime Set,"['weapon', 'prime', 'primary', 'set']",225,5,34,0.15,68,70,75.6,2,117,71.8,70.0,75.0,"[79.0, 78.0, 75.0, 75.0, 70.0, 72.0, 70.0]",79.0,69.0,9638.2
styanax_prime_neuroptics_blueprint,Styanax Prime Neuroptics Blueprint,"['warframe', 'prime', 'component', 'blueprint']",100,5,35,0.14,11,14,14.0,3,558,15.0,14.0,19.0,"[18.0, 18.0, 17.5, 15.0, 15.0, 15.0, 14.0]",34.0,14.0,9554.3
okina_prime_set,Okina Prime Set,"['weapon', 'melee', 'prime', 'set']",220,11,54,0.2,35,48,49.2,13,174,44.9,48.0,40.0,"[45.0, 45.0, 45.0, 50.0, 45.0, 45.0, 48.0]",60.0,39.0,9399.1
atlas_prime_neuroptics_blueprint,Atlas Prime Neuroptics Blueprint,"['component', 'prime', 'warframe', 'blueprint']",100,15,16,0.94,40,50,52.8,10,101,47.8,48.5,48.0,"[48.0, 48.0, 48.0, 48.0, 49.0, 49.0, 48.5]",50,43,9345.5
loki_prime_set,Loki Prime Set,"['set', 'prime', 'warframe']",175,16,37,0.43,70,79,79.8,9,83,78.3,79.0,78.0,"[79.0, 78.0, 79.0, 79.0, 78.0, 79.0, 79.0]",79.5,73,9313.0
destreza_prime_blade,Destreza Prime Blade,"['component', 'weapon', 'prime']",100,11,12,0.92,45,60,65.0,15,85,57.1,58.5,58.0,"[60.0, 60.0, 61.5, 61.5, 60.0, 57.0, 58.5]",89.0,50.0,9301.6
ballistica_prime_set,Ballistica Prime Set,"['weapon', 'prime', 'secondary', 'set']",250,6,26,0.23,95,110,116.6,15,70,106.7,105.0,93.0,"[110.0, 115.0, 110.0, 110.0, 110.0, 110.0, 105.0]",175.0,84.0,9192.0
mag_prime_set,Mag Prime Set,"['set', 'prime', 'warframe']",175,15,57,0.26,65,73,74.4,8,97,74.3,74.5,74.0,"[75.0, 75.0, 75.0, 75.0, 75.0, 75.0, 74.5]",75,70,9103.6
growing_power,Growing Power,"['mod', 'aura', 'rare']",,12,21,0.57,26,30,30.0,4,194,29.8,30.0,29.0,"[30.0, 30.0, 30.0, 30.0, 30.0, 30.0, 30.0]",30.0,27.0,9089.1
primed_chamber,Primed Chamber,"['mod', 'rare', 'primary', 'sniper']",,12,13,0.92,240,271,282.6,31,18,256.4,253.0,300,"[279.0, 255.0, 260.0, 252.5, 255.0, 269.0, 253.0]",398.0,230.0,8876.9
destreza_prime_set,Destreza Prime Set,"['weapon', 'prime', 'set', 'melee']",160,7,23,0.3,80,90,90.0,10,76,89.4,90.0,84,"[94.5, 95.0, 94.5, 90.0, 90.0, 88.5, 90.0]",140.0,75.0,8862.4
strun_prime_set,Strun Prime Set,"['primary', 'weapon', 'prime', 'set']",205,11,52,0.21,55,64,64.6,9,114,63.3,60.0,59.0,"[70.0, 70.0, 69.0, 69.0, 65.0, 65.0, 60.0]",77,50.0,8745.5
limbo_prime_chassis_blueprint,Limbo Prime Chassis Blueprint,"['component', 'prime', 'warframe', 'blueprint']",100,14,13,1.08,35,45,48.8,10,88,47.7,48.0,50,"[48.0, 45.5, 48.0, 49.0, 48.0, 48.0, 48.0]",53,45.0,8709.6
larkspur_prime_barrel,Larkspur Prime Barrel,"['component', 'weapon', 'prime']",100,7,6,1.17,25,40,45.8,15,113,34.7,38.0,36.0,"[35.0, 35.0, 35.0, 35.0, 35.0, 34.0, 38.0]",43,30.0,8498.8
equinox_prime_set,Equinox Prime Set,"['set', 'prime', 'warframe']",205,9,73,0.12,47,55,58.8,8,136,55.6,55.0,69,"[56.5, 55.0, 59.0, 58.0, 59.0, 59.0, 55.0]",79,55.0,8488.1
nautilus_prime_cerebrum,Nautilus Prime Cerebrum,"['component', 'prime', 'weapon']",100,9,9,1.0,20,19,26.6,-1,229,18.5,20.0,15.0,"[19.5, 20.0, 20.0, 20.0, 19.0, 19.0, 20.0]",20.0,10,8474.0
melee_riven_mod_(veiled),Melee Riven Mod (Veiled),"['mod', 'riven_mod', 'common', 'veiled_riven']",,27,43,0.63,6,7,8.2,1,789,6.5,7.0,7.0,"[6.0, 5.0, 6.0, 6.0, 6.5, 6.5, 7.0]",9.0,5.0,8404.1
voltaic_strike,Voltaic Strike,"['mod', 'melee', 'rare']",,13,30,0.43,35,45,46.4,10,137,41.7,40.0,40.0,"[45.0, 45.0, 43.5, 40.0, 40.0, 44.0, 40.0]",60.0,25,8194.4
nyx_prime_set,Nyx Prime Set,"['set', 'prime', 'warframe']",225,9,87,0.1,50,59,59.6,9,128,57.6,60.0,58.0,"[58.0, 58.0, 60.0, 59.0, 59.0, 60.0, 60.0]",88.0,50.0,8131.9
shade_prime_set,Shade Prime Set,"['prime', 'sentinel', 'set']",205,5,53,0.09,25,40,47.4,15,149,49.5,50.0,50.0,"[50.0, 50.0, 50.0, 50.0, 50.0, 50.0, 50.0]",50.0,45.0,8077.9
magnus_prime_set,Magnus Prime Set,"['secondary', 'weapon', 'prime', 'set']",160,5,22,0.23,35,50,50.0,15,144,45.6,45.0,45,"[45.0, 48.5, 45.0, 45.0, 48.0, 47.0, 45.0]",50.0,40,8053.4
health_conversion,Health Conversion,"['mod', 'rare', 'warframe']",,3,11,0.27,35,48,56.6,13,110,56.7,57.0,58.5,"[55.0, 57.0, 55.0, 59.0, 58.0, 58.5, 57.0]",60,55.0,7937.4
helios_prime_set,Helios Prime Set,"['prime', 'sentinel', 'set']",205,0,41,0.0,0,70,70.0,0,111,71.5,72.5,70.0,"[70.0, 70.0, 70.0, 70.0, 70.0, 70.0, 72.5]",75,68,7931.0
rhino_prime_set,Rhino Prime Set,"['set', 'prime', 'warframe']",225,5,89,0.06,40,56,59.0,16,126,59.2,60.0,59.0,"[60.0, 60.0, 60.0, 60.0, 60.0, 60.0, 60.0]",90.0,50.0,7882.8
voidrig_set,Voidrig Set,"['necramech', 'set']",,5,24,0.21,70,74,74.8,4,93,69.9,70.0,65,"[73.0, 75.0, 66.0, 69.0, 70.0, 70.0, 70.0]",75.0,60,7853.0
strun_wraith_stock,Strun Wraith Stock,"['component', 'weapon']",,4,0,40.0,12,0,0.0,0,10,19.0,19.0,15.0,"[19.0, 16.0, 20.0, 22.5, 30.0, 15.0, 19.0]",30.0,10,7790.0
meso_h1_relic,Meso H1 Relic,"['relic', 'meso']",,5,0,50.0,25,0,0.0,0,10,15.0,10.0,8.0,"[5, 5, 10, 8.0, 10.0]",10,5,7650.0
augur_secrets,Augur Secrets,"['mod', 'rare', 'warframe']",,4,46,0.09,15,23,23.6,8,299,23.5,24.0,20.0,"[28.0, 25.0, 25.0, 25.0, 25.0, 24.0, 24.0]",29.0,20,7629.3
kronen_prime_set,Kronen Prime Set,"['weapon', 'prime', 'set', 'melee']",305,10,24,0.42,90,100,109.0,10,53,101.0,100.0,105.0,"[100.0, 105.0, 105.0, 105.0, 100.0, 100.0, 100.0]",110.0,100.0,7585.5
lethal_torrent,Lethal Torrent,"['mod', 'rare', 'pistol', 'secondary']",,7,21,0.33,12,19,19.6,7,294,19.1,20.0,15.0,"[20.0, 20.0, 20.0, 20.0, 20.0, 20.0, 20.0]",20.0,9,7481.3
primed_chilling_grasp,Primed Chilling Grasp,"['mod', 'legendary', 'primary', 'shotgun']",,4,40,0.1,20,24,26.8,4,261,25.9,20.5,45.0,"[45.0, 45.0, 45.0, 48.5, 46.0, 20.0, 20.5]",50.0,20.0,7448.7
octavia_prime_blueprint,Octavia Prime Blueprint,"['blueprint', 'warframe', 'prime']",100,9,20,0.45,41,47,48.4,6,111,46.2,48.0,46.0,"[49.0, 48.0, 45.0, 48.0, 48.0, 48.0, 48.0]",49.0,43.5,7438.5
lith_m5_relic,Lith M5 Relic,"['relic', 'lith']",,7,0,70.0,25,0,0.0,0,31,3.4,4.0,5.0,"[5.0, 5.0, 4.0, 4.0, 3.33, 5.0, 4.0]",9.0,3,7376.9
bo_prime_set,Bo Prime Set,"['weapon', 'prime', 'set', 'melee']",90,22,37,0.59,73,76,77.4,3,60,76.3,78.0,74.0,"[77.0, 76.0, 78.0, 78.0, 75.0, 76.0, 78.0]",79.0,69,7303.2
yareli_prime_systems_blueprint,Yareli Prime Systems Blueprint,"['component', 'warframe', 'prime', 'blueprint']",100,11,16,0.69,10,15,15.6,5,360,12.0,12.0,18,"[12.0, 12.0, 12.0, 12.0, 14.0, 12.0, 12.0]",20.0,10.0,7281.6
catalyzing_shields,Catalyzing Shields,"['mod', 'rare', 'warframe']",,2,23,0.09,9,13,13.8,4,395,16.8,17.0,15.0,"[18.0, 18.0, 18.0, 18.0, 17.0, 18.0, 17.0]",20.0,13.0,7220.1
caliban_prime_systems_blueprint,Caliban Prime Systems Blueprint,"['component', 'warframe', 'prime', 'blueprint']",100,11,38,0.29,12,13,13.8,1,381,14.7,15.0,20.0,"[15.0, 15.0, 15.0, 15.0, 16.0, 15.0, 15.0]",25,12.0,7199.1
nidus_prime_neuroptics_blueprint,Nidus Prime Neuroptics Blueprint,"['blueprint', 'component', 'warframe', 'prime']",65,8,26,0.31,31,37,37.8,6,145,37.9,38.0,38.0,"[38.0, 38.0, 38.0, 37.0, 38.0, 38.0, 38.0]",40.0,37.0,7192.3
axi_h3_relic,Axi H3 Relic,"['relic', 'axi']",,5,0,50.0,24,0,0.0,0,11,12.7,15.0,10.0,"[10, 11, 10, 19.0, 10.0, 10.0, 15.0]",19.0,10.0,7140.0
baruuk_prime_set,Baruuk Prime Set,"['prime', 'warframe', 'set']",225,8,55,0.15,50,60,66.4,10,90,68.9,67.0,70.0,"[70.0, 70.0, 70.0, 70.0, 70.0, 68.0, 67.0]",70.0,65.0,7104.7
banshee_prime_systems_blueprint,Banshee Prime Systems Blueprint,"['warframe', 'component', 'blueprint', 'prime']",65,8,13,0.62,35,40,41.0,5,116,37.7,39.0,33,"[39.0, 40.0, 40.0, 40.0, 39.0, 39.0, 39.0]",40.0,29.0,7072.2
cedo_prime_set,Cedo Prime Set,"['primary', 'weapon', 'prime', 'set']",205,8,49,0.16,15,20,20.0,5,307,19.8,20.0,20,"[20.0, 20.0, 20.0, 20.0, 20.0, 20.0, 20.0]",20,15,7063.9
xaku_prime_blueprint,Xaku Prime Blueprint,"['warframe', 'prime', 'blueprint']",100,11,20,0.55,13,10,12.0,-3,407,11.2,10.0,10.0,"[10.0, 11.0, 12.0, 12.0, 12.0, 10.0, 10.0]",14.0,10,7060.2
boltor_prime_set,Boltor Prime Set,"['weapon', 'prime', 'set', 'primary']",175,2,49,0.04,40,50,56.8,10,134,50.3,55.0,40.0,"[40.0, 50.0, 50.0, 55.0, 56.0, 57.0, 55.0]",80.0,37.0,7008.9
garuda_prime_systems_blueprint,Garuda Prime Systems Blueprint,"['blueprint', 'component', 'prime', 'warframe']",65,10,21,0.48,30,33,34.0,3,135,34.9,35.0,33.0,"[34.0, 35.0, 35.0, 35.0, 35.0, 35.0, 35.0]",35.0,29,6960.2
khora_prime_neuroptics_blueprint,Khora Prime Neuroptics Blueprint,"['prime', 'component', 'warframe', 'blueprint']",100,10,18,0.56,26,28,29.2,2,154,29.0,29.0,30.0,"[30.0, 29.0, 30.0, 29.0, 29.0, 29.0, 29.0]",30.0,28.0,6944.0
sevagoth_prime_chassis_blueprint,Sevagoth Prime Chassis Blueprint,"['component', 'prime', 'warframe', 'blueprint']",100,8,20,0.4,15,26,28.6,11,233,21.3,23.0,19.0,"[20.0, 20.0, 25.0, 25.0, 25.0, 21.0, 23.0]",25.0,15.0,6937.7
carrier_prime_set,Carrier Prime Set,"['sentinel', 'prime', 'set']",110,8,25,0.32,89,95,95.0,6,55,94.8,94.0,95.0,"[95.0, 95.5, 95.0, 95.0, 95.0, 95.0, 94.0]",100.0,90.0,6880.5
nidus_prime_chassis_blueprint,Nidus Prime Chassis Blueprint,"['blueprint', 'component', 'warframe', 'prime']",100,10,23,0.43,25,30,34.6,5,151,31.7,32.0,33,"[33.0, 34.0, 34.0, 33.0, 35.0, 30.0, 32.0]",48.0,29,6859.7
acceltra_prime_set,Acceltra Prime Set,"['prime', 'primary', 'weapon', 'set']",225,3,45,0.07,25,40,40.0,15,162,39.6,40.0,40.0,"[40.0, 40.0, 40.0, 40.0, 40.0, 40.0, 40.0]",40.0,35.0,6841.6
perigale_prime_set,Perigale Prime Set,"['weapon', 'primary', 'prime', 'set']",175,4,19,0.21,21,30,37.8,9,188,29.9,30.0,40,"[34.0, 35.0, 30.0, 30.0, 30.0, 30.0, 30.0]",49,25.0,6812.2
volt_prime_neuroptics_blueprint,Volt Prime Neuroptics Blueprint,"['component', 'prime', 'warframe', 'blueprint']",65,7,13,0.54,24,28,29.6,4,171,25.9,25.0,26,"[24.0, 25.0, 25.0, 25.0, 27.0, 25.0, 25.0]",30,24.0,6803.8
styanax_prime_blueprint,Styanax Prime Blueprint,"['warframe', 'prime', 'blueprint']",15,6,25,0.24,10,9,11.4,-1,465,11.7,12.0,15.0,"[14.0, 14.0, 14.0, 13.0, 12.0, 12.0, 12.0]",30.0,12.0,6749.3
grendel_prime_systems_blueprint,Grendel Prime Systems Blueprint,"['prime', 'component', 'warframe', 'blueprint']",65,8,15,0.53,20,27,28.0,7,158,27.8,26.0,25.0,"[29.5, 28.5, 28.0, 26.0, 28.0, 28.0, 26.0]",30.0,15.0,6740.5
neo_l1_relic,Neo L1 Relic,"['relic', 'neo']",,13,1,13.0,42,90,90.0,48,72,6.7,6.5,8.0,"[10.0, 8.0, 10.0, 10.0, 10.0, 8.0, 6.5]",12,2.0,6720.0
valkyr_prime_chassis_blueprint,Valkyr Prime Chassis Blueprint,"['warframe', 'component', 'blueprint', 'prime']",100,8,30,0.27,35,37,37.6,2,145,36.4,36.0,38,"[35.0, 35.0, 35.0, 37.0, 35.0, 36.5, 36.0]",40.0,34.0,6686.7
afuris_prime_receiver,Afuris Prime Receiver,"['prime', 'component', 'weapon']",100,11,12,0.92,33,44,44.8,11,85,40.9,40.0,44,"[45.0, 45.0, 45.0, 45.0, 44.0, 39.0, 40.0]",48,39.0,6665.2
mesa_prime_neuroptics_blueprint,Mesa Prime Neuroptics Blueprint,"['component', 'prime', 'warframe', 'blueprint']",100,6,27,0.22,20,28,29.4,8,195,27.7,30.0,33,"[30.0, 30.0, 30.0, 29.0, 29.5, 29.0, 30.0]",37.0,20.0,6592.1
corinth_prime_barrel,Corinth Prime Barrel,"['component', 'weapon', 'prime']",100,13,24,0.54,20,25,26.2,5,168,25.1,25.0,49,"[25.0, 27.5, 25.0, 25.0, 27.5, 25.0, 25.0]",54.5,25.0,6500.4
pain_points,Pain Points,"['mod', 'rare', 'secondary', 'athodai']",,5,1,5.0,45,300,300.0,255,14,77.2,80.0,30,"[100.0, 100.0, 74.5, 100.0, 110.0, 92.5, 80.0]",117.5,10,6486.7
transient_fortitude,Transient Fortitude,"['mod', 'warframe', 'rare']",,5,24,0.21,10,13,14.4,3,396,13.4,14.0,14.0,"[15.0, 15.0, 14.0, 15.0, 14.0, 14.0, 14.0]",15,10.0,6434.4
primed_fulmination,Primed Fulmination,"['mod', 'legendary', 'secondary', 'pistol']",,5,42,0.12,25,46,49.2,21,120,47.9,50.0,58.0,"[49.0, 48.0, 50.0, 50.0, 50.0, 50.0, 50.0]",64.0,25.0,6428.4
akbolto_prime_receiver,Akbolto Prime Receiver,"['component', 'weapon', 'prime']",100,13,8,1.62,21,33,42.4,12,79,30.7,30.0,34.0,"[30.0, 32.5, 35.0, 32.0, 35.0, 32.0, 30.0]",40.0,28.0,6369.6
overextended,Overextended,"['mod', 'warframe', 'rare']",,3,28,0.11,10,11,13.2,1,415,13.8,14.0,14.0,"[14.0, 15.0, 13.0, 14.0, 14.0, 13.0, 14.0]",15,10.0,6347.2
wukong_prime_blueprint,Wukong Prime Blueprint,"['blueprint', 'prime', 'warframe']",100,18,42,0.43,21,23,27.4,2,173,25.5,28.0,28.0,"[25.0, 25.0, 25.0, 28.0, 25.0, 25.0, 28.0]",40,22.0,6303.6
primed_pressure_point,Primed Pressure Point,"['mod', 'legendary', 'melee']",,10,33,0.3,45,47,48.2,2,102,47.3,48.0,45,"[44.5, 45.0, 46.0, 46.0, 48.0, 49.0, 48.0]",50,35.0,6286.5
boar_prime_set,Boar Prime Set,"['weapon', 'prime', 'set', 'primary']",175,8,38,0.21,75,80,80.8,5,65,79.6,80.0,79.0,"[80.0, 80.0, 80.0, 80.0, 80.0, 80.0, 80.0]",80,75.0,6265.7
pistol_riven_mod_(veiled),Pistol Riven Mod (Veiled),"['mod', 'riven_mod', 'common', 'veiled_riven']",,23,31,0.74,6,5,7.0,-1,592,6.0,5.0,6,"[5.0, 5.0, 5.0, 5.0, 5.0, 6.0, 5.0]",7,5,6187.4
mirage_prime_blueprint,Mirage Prime Blueprint,"['warframe', 'blueprint', 'prime']",100,3,25,0.12,35,37,38.8,2,144,37.9,39.0,39,"[37.0, 38.0, 35.0, 38.5, 38.0, 38.0, 39.0]",40.0,35.0,6108.5
trumna_prime_set,Trumna Prime Set,"['primary', 'weapon', 'prime', 'set']",260,11,62,0.18,21,15,20.8,-6,227,22.8,22.0,25,"[25.0, 24.0, 24.0, 20.0, 20.0, 20.0, 22.0]",30.0,20,6103.2
astilla_prime_set,Astilla Prime Set,"['weapon', 'prime', 'set', 'primary']",205,6,43,0.14,31,35,39.0,4,126,42.2,42.0,50,"[40.0, 40.0, 40.0, 40.0, 40.0, 43.0, 42.0]",55,40.0,6065.7
primed_redirection,Primed Redirection,"['mod', 'legendary', 'warframe']",,5,32,0.16,20,49,49.8,29,106,49.2,50.0,47,"[49.0, 49.0, 50.0, 50.0, 50.0, 49.0, 50.0]",50.0,33,6029.3
primed_heated_charge,Primed Heated Charge,"['mod', 'legendary', 'secondary', 'pistol']",,5,28,0.18,35,48,49.6,13,103,49.0,49.5,45.0,"[48.0, 48.0, 48.0, 50.0, 50.0, 50.0, 49.5]",50.0,29,5950.0
corinth_prime_stock,Corinth Prime Stock,"['component', 'weapon', 'prime']",100,7,8,0.88,16,25,41.0,9,179,17.6,18.0,18,"[18.0, 19.0, 19.0, 19.0, 19.0, 19.0, 18.0]",20.0,15.0,5923.1
kogake_prime_set,Kogake Prime Set,"['weapon', 'prime', 'set', 'melee']",275,4,23,0.17,70,85,94.6,15,54,93.4,92.0,99.0,"[98.0, 98.0, 93.0, 90.0, 90.0, 94.0, 92.0]",100.0,90.0,5917.7
titania_prime_blueprint,Titania Prime Blueprint,"['blueprint', 'prime', 'warframe']",45,10,21,0.48,11,12,12.8,1,386,10.3,10.0,11.0,"[12.0, 10.0, 10.0, 10.0, 10.0, 10.0, 10.0]",14,9.5,5887.8
primed_continuity,Primed Continuity,"['mod', 'legendary', 'warframe']",,6,58,0.1,20,27,32.4,7,188,28.3,30.0,65,"[27.0, 28.0, 29.0, 28.0, 29.0, 30.0, 30.0]",74.5,23.0,5867.3
soma_prime_set,Soma Prime Set,"['weapon', 'prime', 'set', 'primary']",175,7,40,0.17,41,55,56.6,14,90,54.5,55.0,52.0,"[55.0, 55.0, 55.0, 55.0, 55.0, 55.0, 55.0]",58.0,45.0,5760.4
vectis_prime_receiver,Vectis Prime Receiver,"['component', 'weapon', 'prime']",100,7,10,0.7,50,64,68.4,14,53,63.2,66.5,50.0,"[64.0, 65.0, 61.5, 60.0, 60.0, 60.0, 66.5]",66.5,45,5689.9
companion_weapon_riven_mod_(veiled),Companion Weapon Riven Mod (Veiled),"['mod', 'riven']",,11,23,0.48,32,40,41.6,8,95,40.5,40.0,40.0,"[40.0, 40.0, 39.0, 40.0, 40.0, 40.0, 40.0]",45.0,35.0,5686.9
dual_zoren_prime_set,Dual Zoren Prime Set,"['melee', 'weapon', 'prime', 'set']",275,14,29,0.48,27,32,33.8,5,124,30.9,30.0,30.0,"[34.0, 33.0, 30.0, 30.0, 32.0, 30.0, 30.0]",35.0,27.5,5676.7
lith_g1_relic,Lith G1 Relic,"['relic', 'lith']",,12,1,12.0,40,20,20.0,-20,43,10.0,12.0,8.2,"[11.0, 10.0, 8.165, 11.0, 10.0, 10.0, 12.0]",39.0,3,5616.0
gara_prime_chassis_blueprint,Gara Prime Chassis Blueprint,"['component', 'prime', 'warframe', 'blueprint']",45,8,21,0.38,10,15,17.2,5,293,13.8,14.0,18.0,"[14.0, 14.0, 15.0, 15.0, 15.0, 14.0, 14.0]",20.0,12.0,5586.6
epitaph_prime_set,Epitaph Prime Set,"['prime', 'secondary', 'weapon', 'set']",160,14,34,0.41,11,15,17.8,4,227,17.4,20.0,14,"[20.0, 20.0, 19.0, 20.0, 20.0, 20.0, 20.0]",20.0,10,5582.1
rime_rounds,Rime Rounds,"['mod', 'rare', 'rifle', 'primary']",,2,30,0.07,14,20,20.0,6,232,22.5,21.0,25.0,"[25.0, 25.0, 25.0, 25.0, 25.0, 24.0, 21.0]",30,21.0,5580.3
critical_delay,Critical Delay,"['mod', 'rare', 'rifle', 'primary']",,2,20,0.1,7,10,12.8,3,410,12.3,13.0,14.0,"[14.0, 14.0, 14.0, 14.0, 12.0, 12.0, 13.0]",17,10,5538.0
helios_prime_cerebrum,Helios Prime Cerebrum,"['component', 'weapon', 'prime']",100,6,11,0.55,29,45,48.8,16,90,39.7,40.0,40.0,"[42.0, 40.0, 44.0, 40.0, 43.5, 40.0, 40.0]",44,38,5527.3
arcane_velocity,Arcane Velocity,"['uncommon', 'arcane_enhancement']",,4,18,0.22,6,9,9.6,3,509,8.9,9.0,7.0,"[9.0, 9.0, 9.0, 9.0, 9.0, 9.0, 9.0]",9.0,4,5510.8
raksa_kubrow_imprint,Raksa Kubrow Imprint,"['kubrow', 'pet', 'imprint']",,1,14,0.07,120,20,27.2,-100,203,25.3,25.0,20.0,"[25.0, 25.0, 25.0, 24.5, 24.0, 25.0, 25.0]",25.0,20,5502.3
spira_prime_set,Spira Prime Set,"['weapon', 'prime', 'set', 'secondary']",345,6,26,0.23,91,110,111.2,19,40,110.8,110.0,100,"[110.0, 110.0, 110.0, 110.0, 110.0, 110.0, 110.0]",110.0,95,5454.2
inaros_prime_neuroptics_blueprint,Inaros Prime Neuroptics Blueprint,"['component', 'prime', 'warframe', 'blueprint']",100,9,9,1.0,30,38,42.2,8,69,39.5,40.0,40,"[39.0, 40.0, 38.5, 40.0, 39.0, 39.0, 40.0]",45.0,35.0,5450.0
neo_m1_relic,Neo M1 Relic,"['relic', 'neo']",,10,1,10.0,30,9,9.0,-21,63,7.9,8.0,7.0,"[5.0, 6.0, 8.0, 8.0, 5.0, 7.0, 8.0]",9,4.085,5445.0
energy_conversion,Energy Conversion,"['mod', 'rare', 'warframe']",,4,9,0.44,38,52,53.8,14,70,53.6,55.0,55.0,"[55.0, 55.0, 55.0, 54.0, 55.0, 54.0, 55.0]",60.0,51.5,5422.4
revenant_prime_blueprint,Revenant Prime Blueprint,"['warframe', 'prime', 'blueprint']",100,4,16,0.25,12,24,27.2,12,177,24.4,25.0,29.0,"[28.0, 29.0, 29.0, 28.0, 28.0, 25.0, 25.0]",30,25.0,5403.8
harrow_prime_systems_blueprint,Harrow Prime Systems Blueprint,"['warframe', 'component', 'blueprint', 'prime']",100,5,13,0.38,17,26,34.4,9,132,29.5,30.0,34.0,"[33.0, 34.5, 35.0, 30.0, 33.0, 29.0, 30.0]",39,29.0,5383.4
latron_prime_set,Latron Prime Set,"['weapon', 'prime', 'set', 'primary']",60,7,41,0.17,68,75,76.2,7,61,74.6,75.0,73.0,"[75.0, 75.0, 75.0, 75.0, 75.0, 75.0, 75.0]",75,68,5329.8
equinox_prime_systems_blueprint,Equinox Prime Systems Blueprint,"['component', 'prime', 'warframe', 'blueprint']",100,12,25,0.48,25,23,27.6,-2,139,25.8,27.0,30.0,"[25.0, 25.0, 25.0, 28.0, 29.0, 25.0, 27.0]",40,24.0,5305.8
oberon_prime_neuroptics_blueprint,Oberon Prime Neuroptics Blueprint,"['warframe', 'component', 'blueprint', 'prime']",100,9,11,0.82,25,29,36.8,4,94,31.0,30.0,33.0,"[32.0, 30.0, 30.0, 30.0, 30.0, 30.0, 30.0]",39,29,5300.9
scourge_prime_set,Scourge Prime Set,"['primary', 'weapon', 'prime', 'set']",260,2,27,0.07,70,79,82.0,9,62,79.5,80.0,80.0,"[80.0, 80.0, 79.0, 80.0, 80.0, 79.5, 80.0]",85.0,72.5,5295.2
velox_conclusion,Velox Conclusion,"['mod', 'rare', 'secondary', 'velox']",,6,2,3.0,21,99,40.25,78,42,30.7,36.5,40.2,"[29.0, 29.5, 30.0, 40.5, 35.0, 30.0, 36.5]",130,20,5152.0
archon_vitality,Archon Vitality,"['mod', 'archon', 'warframe']",,3,23,0.13,25,20,22.8,-5,200,22.6,25.0,23.0,"[25.0, 20.0, 20.0, 20.0, 20.5, 23.0, 25.0]",25,20,5108.4
zylok,Zylok,"['weapon', 'secondary']",,5,20,0.25,25,37,46.4,12,115,35.3,35.0,70.0,"[68.0, 50.0, 68.0, 67.0, 70.0, 35.0, 35.0]",100,30.0,5076.3
primed_cryo_rounds,Primed Cryo Rounds,"['mod', 'legendary', 'primary', 'rifle']",,3,28,0.11,26,46,48.4,20,98,46.5,50.0,47.5,"[45.0, 47.0, 48.0, 49.0, 49.0, 49.0, 50.0]",50.0,30.0,5048.6
carmine_penta_set,Carmine Penta Set,"['weapon', 'primary', 'set']",,9,7,1.29,90,120,132.0,30,24,91.8,87.0,99,"[95.0, 95.0, 99.0, 100.0, 105.0, 105.0, 87.0]",105.0,85.0,5033.1
quassus_prime_set,Quassus Prime Set,"['melee', 'weapon', 'prime', 'set']",275,14,28,0.5,26,29,29.6,3,117,28.4,28.0,27.5,"[30.0, 28.0, 27.0, 27.0, 26.0, 28.0, 28.0]",30,24.0,4979.2
athodai_set,Athodai Set,"['weapon', 'secondary', 'set']",,7,12,0.58,30,80,89.8,50,43,72.5,66.0,65.0,"[83.0, 70.0, 79.5, 80.0, 77.5, 80.0, 66.0]",90.0,50,4938.4
neo_p5_relic,Neo P5 Relic,"['neo', 'relic']",,7,3,2.33,25,27,29.0,2,321,4.6,4.5,4.5,"[4.335, 4.0, 3.92, 4.17, 4.0, 4.33, 4.5]",30.0,3,4929.1
imperator_vandal_set,Imperator Vandal Set,"['weapon', 'set', 'primary', 'archwing']",,6,15,0.4,60,71,79.0,11,54,65.0,65.0,55.0,"[60.0, 60.0, 60.0, 60.0, 70.0, 63.5, 65.0]",95.0,39.5,4914.0
lith_k5_relic,Lith K5 Relic,"['relic', 'lith']",,10,0,100.0,36,0,0.0,0,8,6.0,6.0,9,"[7.5, 10.0, 6.0, 6.0, 6.0, 6.0, 6.0]",14.0,5,4848.0
akarius_prime_receiver,Akarius Prime Receiver,"['prime', 'weapon', 'component']",65,4,11,0.36,12,25,27.8,13,190,18.6,20.0,16,"[19.0, 20.0, 18.0, 19.0, 18.0, 18.0, 20.0]",20.0,12.0,4823.2
shattering_storm,Shattering Storm,"['mod', 'uncommon', 'stance', 'hammers']",,3,8,0.38,8,19,23.6,11,182,19.2,20.0,15,"[14.0, 19.5, 19.0, 20.0, 20.0, 23.0, 20.0]",23.0,10,4815.2
banshee_prime_chassis_blueprint,Banshee Prime Chassis Blueprint,"['warframe', 'component', 'blueprint', 'prime']",100,4,14,0.29,26,38,39.0,12,112,33.4,34.5,30.0,"[36.0, 38.5, 35.5, 38.0, 35.0, 35.0, 34.5]",40.0,28,4807.9
vigilante_supplies,Vigilante Supplies,"['mod', 'rare', 'primary']",,2,38,0.05,10,19,19.8,9,234,19.5,20.0,20.0,"[20.0, 24.5, 21.0, 20.0, 20.0, 20.0, 20.0]",25.0,19.0,4801.6
afuris_prime_set,Afuris Prime Set,"['prime', 'secondary', 'weapon', 'set']",290,7,31,0.23,100,90,97.8,-10,38,103.0,98.0,109.0,"[109.5, 110.0, 110.0, 115.0, 109.5, 99.0, 98.0]",115.0,98.0,4796.6
pyrana_prime_set,Pyrana Prime Set,"['weapon', 'prime', 'secondary', 'set']",160,4,34,0.12,50,60,66.6,10,68,63.0,64.0,65.0,"[65.0, 63.0, 63.0, 60.0, 60.0, 65.0, 64.0]",70.0,59.0,4785.8
arcane_sculptor,Arcane Sculptor,"['rare', 'arcane_enhancement']",,2,15,0.13,5,7,7.8,2,545,7.6,7.5,8.0,"[8.0, 8.0, 8.0, 7.0, 7.0, 7.25, 7.5]",25.0,7.0,4714.7
rubico_prime_set,Rubico Prime Set,"['weapon', 'prime', 'set', 'primary']",185,4,35,0.11,40,45,51.0,5,84,50.2,50.0,50,"[50.0, 50.0, 50.0, 50.0, 50.0, 50.0, 50.0]",55.0,44.0,4699.5
axi_l4_relic,Axi L4 Relic,"['relic', 'axi']",,11,2,5.5,48,15,15.0,-33,72,10.0,10.0,10.0,"[10.0, 8.0, 10.0, 10.0, 13.0, 16.0, 10.0]",16.0,6.5,4680.0
vauban_prime_systems_blueprint,Vauban Prime Systems Blueprint,"['component', 'prime', 'warframe', 'blueprint']",100,8,17,0.47,25,35,37.6,10,85,37.3,38.5,35,"[35.0, 35.0, 38.0, 35.0, 35.0, 35.5, 38.5]",38.5,30,4658.8
hydroid_prime_systems_blueprint,Hydroid Prime Systems Blueprint,"['warframe', 'component', 'blueprint', 'prime']",100,6,20,0.3,30,37,39.0,7,96,37.3,38.0,38.0,"[38.0, 38.0, 38.0, 38.0, 38.0, 38.0, 38.0]",39.0,35.0,4650.1
tenora_prime_set,Tenora Prime Set,"['weapon', 'prime', 'set', 'primary']",260,3,26,0.12,60,69,72.6,9,58,71.6,74.0,70.0,"[70.0, 70.0, 74.0, 70.0, 70.0, 70.0, 74.0]",75.0,68,4631.6
daikyu_prime_set,Daikyu Prime Set,"['weapon', 'primary', 'prime', 'set']",220,12,35,0.34,17,17,18.8,0,194,17.7,17.0,18.0,"[16.0, 20.0, 15.0, 15.0, 15.0, 15.0, 17.0]",20,14.0,4619.4
yareli_prime_neuroptics_blueprint,Yareli Prime Neuroptics Blueprint,"['component', 'warframe', 'prime', 'blueprint']",100,8,23,0.35,8,7,9.2,-1,362,9.4,10.0,13,"[9.0, 9.0, 10.0, 9.0, 9.0, 9.0, 10.0]",15.0,9.0,4599.5
baza_prime_set,Baza Prime Set,"['primary', 'prime', 'weapon', 'set']",225,5,15,0.33,65,80,82.8,15,43,80.1,80.0,77.0,"[79.0, 80.0, 79.0, 80.0, 80.0, 80.0, 80.0]",80.0,70.0,4590.0
caliban_prime_neuroptics_blueprint,Caliban Prime Neuroptics Blueprint,"['component', 'warframe', 'prime', 'blueprint']",100,3,21,0.14,6,13,14.0,7,342,11.7,12.0,11.0,"[11.0, 10.0, 13.0, 12.0, 12.0, 11.0, 12.0]",13.0,10,4568.0
primed_ravage,Primed Ravage,"['mod', 'legendary', 'primary', 'shotgun']",,6,18,0.33,40,45,48.6,5,75,45.5,45.0,45.5,"[40.0, 40.0, 40.0, 45.0, 40.0, 45.0, 45.0]",55.0,25.0,4554.0
sarofang_prime_set,Sarofang Prime Set,"['melee', 'weapon', 'prime', 'set']",160,4,36,0.11,16,26,28.4,10,154,26.5,25.0,30,"[29.0, 30.0, 28.0, 27.0, 25.0, 25.0, 25.0]",40.0,25.0,4532.8
primed_pistol_gambit,Primed Pistol Gambit,"['mod', 'legendary', 'secondary', 'pistol']",,6,27,0.22,30,38,44.2,8,86,42.6,45.0,40.0,"[40.0, 40.0, 41.0, 45.0, 46.0, 40.0, 45.0]",60,25,4481.3
archon_stretch,Archon Stretch,"['mod', 'archon', 'warframe']",,3,17,0.18,20,20,23.6,0,165,22.9,25.0,23.0,"[24.0, 20.0, 20.0, 20.0, 22.0, 23.0, 25.0]",28,20,4448.2
augur_reach,Augur Reach,"['mod', 'uncommon', 'warframe']",,0,24,0.0,0,18,18.0,0,268,16.5,17.0,16,"[18.0, 18.0, 18.0, 17.0, 17.0, 17.0, 17.0]",18,15,4425.5
titania_prime_neuroptics_blueprint,Titania Prime Neuroptics Blueprint,"['component', 'prime', 'warframe', 'blueprint']",45,6,16,0.38,11,10,13.6,-1,336,9.5,10.0,9.0,"[10.0, 10.0, 10.0, 10.0, 10.0, 9.0, 10.0]",10,8.0,4378.7
cinta_set,Cinta Set,"['weapon', 'primary', 'set']",,3,4,0.75,55,79,119.8,24,33,75.6,75.0,79.0,"[79.0, 69.0, 70.0, 70.0, 74.5, 75.0, 75.0]",90.0,69.0,4366.2
zephyr_prime_systems_blueprint,Zephyr Prime Systems Blueprint,"['component', 'prime', 'warframe', 'blueprint']",100,4,14,0.29,26,38,40.4,12,87,38.8,39.0,39.0,"[39.0, 39.0, 39.5, 40.0, 38.0, 39.0, 39.0]",43,35.0,4336.1
ayatan_orta_sculpture,Ayatan Orta Sculpture,['ayatan_sculpture'],,3,26,0.12,18,4,5.0,-14,717,5.4,3.7,5.5,"[3.0, 7.0, 3.5, 6.0, 3.25, 7.0, 3.665]",7.0,2,4326.2
sabot_rounds,Sabot Rounds,"['rare', 'primary', 'mod', 'archwing', 'archgun']",,5,7,0.71,25,48,51.4,23,56,44.6,45.0,44.0,"[44.5, 45.0, 45.0, 43.0, 45.0, 45.0, 45.0]",50.0,35.0,4277.1
primed_convulsion,Primed Convulsion,"['mod', 'legendary', 'secondary', 'pistol']",,10,32,0.31,40,50,51.0,10,67,48.6,50.0,45.0,"[50.0, 48.5, 50.0, 50.0, 50.0, 50.0, 50.0]",95,29.0,4269.6
wisp_prime_chassis_blueprint,Wisp Prime Chassis Blueprint,"['prime', 'component', 'warframe', 'blueprint']",65,4,24,0.17,10,1,15.8,-9,217,16.7,15.0,17.5,"[18.0, 17.0, 17.0, 18.0, 18.0, 17.0, 15.0]",19.0,15.0,4233.8
ivara_prime_chassis_blueprint,Ivara Prime Chassis Blueprint,"['component', 'prime', 'warframe', 'blueprint']",100,5,15,0.33,25,32,34.0,7,103,30.7,30.0,32.0,"[30.0, 30.0, 30.0, 33.0, 30.0, 30.0, 30.0]",35,30.0,4211.3
nova_prime_chassis_blueprint,Nova Prime Chassis Blueprint,"['component', 'prime', 'warframe', 'blueprint']",100,8,30,0.27,25,29,29.6,4,112,29.2,30.0,29,"[29.0, 30.0, 30.0, 30.0, 29.5, 29.0, 30.0]",30.0,23,4140.1
trinity_prime_set,Trinity Prime Set,"['set', 'warframe', 'prime']",130,4,61,0.07,35,50,50.0,15,78,49.8,50.0,49.0,"[50.0, 50.0, 50.0, 50.0, 50.0, 50.0, 50.0]",50,40.0,4138.2
aeolak_stock_blueprint,Aeolak Stock Blueprint,"['weapon', 'blueprint', 'component']",,3,1,3.0,20,25,25.0,5,46,22.5,20.0,25.0,"[24.0, 23.0, 24.5, 24.0, 20.0, 23.0, 20.0]",32.0,20,4132.0
garuda_prime_neuroptics_blueprint,Garuda Prime Neuroptics Blueprint,"['blueprint', 'component', 'prime', 'warframe']",100,5,19,0.26,21,25,29.0,4,112,29.1,29.0,30.0,"[30.0, 30.0, 28.0, 28.0, 30.0, 29.0, 29.0]",35.0,25,4112.8
euphona_prime_receiver,Euphona Prime Receiver,"['component', 'prime', 'weapon']",100,13,11,1.18,35,55,56.6,20,38,49.5,50.0,49.5,"[49.5, 49.0, 50.0, 50.0, 49.5, 50.0, 50.0]",54.0,40,4104.0
karak_wraith_stock,Karak Wraith Stock,"['component', 'weapon']",,4,0,40.0,12,0,0.0,0,5,20.0,20.0,18.5,"[19.0, 25.0, 10.0, 20.0, 20.0, 20.0, 20.0]",25,10,4100.0
frostbite,Frostbite,"['mod', 'rare', 'pistol', 'secondary']",,1,13,0.08,10,20,20.8,10,191,19.8,20.0,20,"[20.0, 20.0, 20.0, 20.0, 20.0, 20.0, 20.0]",22,18.0,4065.4
sybaris_prime_set,Sybaris Prime Set,"['primary', 'prime', 'weapon', 'set']",175,5,23,0.22,65,73,79.2,8,46,72.6,73.0,73,"[70.0, 70.0, 70.0, 73.0, 75.0, 74.0, 73.0]",85.0,69,4063.0
aksomati_prime_set,Aksomati Prime Set,"['weapon', 'prime', 'secondary', 'set']",235,4,25,0.16,70,100,105.6,30,35,99.9,100.0,99.5,"[100.0, 99.0, 99.0, 100.0, 100.0, 100.0, 100.0]",100,94.0,4056.5
tigris_prime_set,Tigris Prime Set,"['primary', 'prime', 'weapon', 'set']",205,8,23,0.35,40,55,60.8,15,55,54.4,55.0,53,"[50.0, 55.0, 54.5, 55.0, 55.0, 55.0, 55.0]",60.0,45.0,4030.7
guandao_prime_set,Guandao Prime Set,"['weapon', 'prime', 'set', 'melee']",175,2,32,0.06,50,60,60.0,10,65,58.3,60.0,60,"[58.0, 60.0, 56.5, 58.0, 59.5, 59.0, 60.0]",60.0,50.0,4026.9
archon_continuity,Archon Continuity,"['mod', 'archon', 'warframe']",,2,12,0.17,20,20,23.4,0,153,22.6,24.0,23.0,"[25.0, 20.0, 20.0, 20.0, 20.0, 24.0, 24.0]",25.0,20.0,4026.2
voruna_prime_systems_blueprint,Voruna Prime Systems Blueprint,"['component', 'warframe', 'prime', 'blueprint']",100,8,24,0.33,8,7,7.6,-1,351,8.5,8.0,14.0,"[9.0, 9.0, 9.0, 9.0, 9.0, 9.0, 8.0]",19,8.0,3998.7
akbolto_prime_set,Akbolto Prime Set,"['weapon', 'prime', 'secondary', 'set']",350,3,28,0.11,87,99,99.8,12,36,100.3,100.0,100.0,"[100.0, 100.0, 105.0, 103.0, 100.0, 100.0, 100.0]",110.0,95.0,3997.9
vome_invocation,Vome Invocation,"['mod', 'rare', 'secondary', 'tome']",,3,3,1.0,30,79,86.3,49,34,58.8,54.0,55.0,"[65.0, 60.0, 58.0, 65.0, 60.0, 56.0, 54.0]",65,42.5,3996.0
neo_n14_relic,Neo N14 Relic,"['relic', 'neo']",,2,0,20.0,6,0,0.0,0,45,4.2,5.0,5,"[5, 5, 5, 5, 4, 5.0, 5.0]",5,3.0,3969.0
akvasto_prime_blueprint,Akvasto Prime Blueprint,"['weapon', 'prime', 'secondary', 'blueprint']",100,5,18,0.28,11,25,31.0,14,106,29.1,28.0,35.0,"[40.0, 38.0, 39.0, 35.5, 36.0, 30.0, 28.0]",50,25,3943.2
akstiletto_prime_set,Akstiletto Prime Set,"['weapon', 'prime', 'secondary', 'set']",285,4,19,0.21,95,110,114.4,15,32,100.7,100.0,100,"[100.0, 100.0, 100.0, 104.5, 100.0, 101.0, 100.0]",104.5,95.0,3899.7
chroma_prime_systems_blueprint,Chroma Prime Systems Blueprint,"['component', 'prime', 'warframe', 'blueprint']",65,2,14,0.14,20,28,30.4,8,117,29.1,29.0,29.0,"[29.0, 29.5, 29.0, 29.0, 30.0, 30.0, 29.0]",34.0,25.0,3894.3
chroma_prime_neuroptics_blueprint,Chroma Prime Neuroptics Blueprint,"['component', 'prime', 'warframe', 'blueprint']",100,0,12,0.0,0,34,36.4,0,123,31.7,33.0,30.0,"[30.0, 30.0, 30.0, 30.0, 30.0, 30.0, 33.0]",35.0,28.0,3893.5
glaive_prime_set,Glaive Prime Set,"['weapon', 'prime', 'set', 'melee']",235,5,57,0.09,55,60,70.4,5,51,69.8,70.0,70.0,"[70.0, 70.0, 70.0, 70.0, 70.0, 70.0, 70.0]",70.0,68.0,3872.3
nikana_prime_set,Nikana Prime Set,"['weapon', 'prime', 'set', 'melee']",190,1,32,0.03,56,68,69.2,12,54,69.3,70.0,70,"[69.0, 69.0, 70.0, 69.5, 68.5, 69.5, 70.0]",70,68.0,3860.5
akjagara_prime_set,Akjagara Prime Set,"['secondary', 'weapon', 'prime', 'set']",350,2,30,0.07,67,100,100.8,33,36,99.9,100.0,100.0,"[100.0, 99.5, 100.0, 100.0, 100.0, 100.0, 100.0]",100,90,3837.3
primed_fever_strike,Primed Fever Strike,"['mod', 'legendary', 'melee']",,5,32,0.16,40,48,48.6,8,79,42.0,40.0,35.0,"[40.0, 40.0, 43.5, 45.0, 45.0, 40.0, 40.0]",59,28,3837.0
kestrel_prime_set,Kestrel Prime Set,"['prime', 'weapon', 'melee', 'set']",175,5,21,0.24,15,20,24.2,5,123,25.1,25.0,28,"[25.0, 25.0, 27.0, 25.0, 25.0, 25.0, 25.0]",30,24.0,3821.4
mag_prime_blueprint,Mag Prime Blueprint,"['blueprint', 'prime', 'warframe']",100,10,14,0.71,25,38,39.6,13,63,35.4,35.0,35,"[33.5, 35.0, 35.0, 34.5, 35.0, 35.0, 35.0]",39,28.0,3819.4
dual_keres_prime_set,Dual Keres Prime Set,"['prime', 'melee', 'weapon', 'set']",220,3,33,0.09,49,60,66.6,11,54,64.4,65.0,64.0,"[60.0, 63.5, 64.5, 65.0, 65.0, 65.0, 65.0]",68.0,55,3796.4
meso_a6_relic,Meso A6 Relic,"['relic', 'meso']",,9,1,9.0,25,30,30.0,5,85,4.5,4.7,4.3,"[4.5, 4.33, 4.17, 4.17, 4.0, 4.17, 4.67]",14.0,4.0,3785.8
baruuk_prime_neuroptics_blueprint,Baruuk Prime Neuroptics Blueprint,"['prime', 'component', 'warframe', 'blueprint']",65,5,19,0.26,25,31,32.4,6,90,33.2,34.0,35,"[35.0, 30.0, 35.0, 35.0, 34.0, 30.0, 34.0]",38.0,30,3773.1
volnus_prime_set,Volnus Prime Set,"['weapon', 'prime', 'set', 'melee']",160,4,42,0.1,20,30,30.0,10,111,31.0,30.0,40.0,"[32.5, 31.5, 30.0, 30.0, 28.5, 30.0, 30.0]",45.0,28.5,3764.3
khora_prime_blueprint,Khora Prime Blueprint,"['prime', 'warframe', 'blueprint']",65,5,17,0.29,26,29,31.4,3,98,29.7,30.0,31,"[30.0, 30.0, 30.0, 30.0, 30.0, 30.0, 30.0]",35,28.0,3763.3
dethcube_prime_cerebrum,Dethcube Prime Cerebrum,"['component', 'weapon', 'prime']",65,4,15,0.27,21,30,34.6,9,95,31.1,30.0,29,"[30.0, 30.0, 30.0, 32.0, 30.0, 32.0, 30.0]",33.5,20.0,3739.2
parallax_set,Parallax Set,['set'],,1,43,0.02,10,15,16.6,5,242,15.0,15.0,15,"[15.0, 15.0, 15.0, 15.0, 15.0, 15.0, 15.0]",15.0,13,3719.0
narrow_minded,Narrow Minded,"['mod', 'warframe', 'rare']",,2,32,0.06,7,9,9.0,2,374,9.4,10.0,10.0,"[10.0, 10.0, 10.0, 10.0, 10.0, 10.0, 10.0]",10,9.0,3718.2
jolt,Jolt,"['mod', 'rare', 'pistol', 'secondary']",,6,15,0.4,22,35,39.0,13,79,33.4,34.0,38.5,"[35.0, 35.0, 35.0, 35.0, 34.0, 35.0, 34.0]",45,20.0,3695.3
energy_generator,Energy Generator,"['mod', 'rare', 'sentinel', 'dethcube']",,3,6,0.5,35,47,51.2,12,52,47.1,45.0,48.0,"[49.0, 50.0, 49.0, 49.0, 49.0, 48.0, 45.0]",50,45.0,3670.5
vasto_prime_set,Vasto Prime Set,"['weapon', 'prime', 'set', 'secondary']",75,1,46,0.02,4,20,22.2,16,172,20.9,20.0,24.0,"[20.0, 20.0, 20.0, 22.0, 20.0, 20.0, 20.0]",30.0,20,3665.0
dual_zoren_prime_blade,Dual Zoren Prime Blade,"['component', 'weapon', 'prime']",100,6,9,0.67,9,10,14.4,1,185,11.9,12.0,12.0,"[13.0, 12.0, 12.0, 10.0, 14.0, 12.0, 12.0]",14,10.0,3661.7
primed_target_cracker,Primed Target Cracker,"['mod', 'legendary', 'secondary', 'pistol']",,9,25,0.36,40,45,51.6,5,54,49.8,50.0,49,"[50.0, 50.0, 50.0, 50.0, 50.0, 50.0, 50.0]",50.0,30,3658.4
perigale_prime_barrel,Perigale Prime Barrel,"['component', 'weapon', 'prime']",100,4,7,0.57,10,10,16.8,0,164,14.2,14.0,14.0,"[14.0, 15.0, 15.0, 14.0, 14.0, 15.0, 14.0]",15.0,11.0,3648.1
saryn_prime_chassis_blueprint,Saryn Prime Chassis Blueprint,"['component', 'prime', 'warframe', 'blueprint']",100,7,25,0.28,30,38,39.6,8,73,38.9,40.0,40.0,"[38.0, 38.0, 39.0, 39.0, 39.0, 38.0, 40.0]",45.0,38,3638.4
lith_b3_relic,Lith B3 Relic,"['relic', 'lith']",,5,0,50.0,24,0,0.0,0,10,7.0,11.0,6.8,"[8.335, 6.5, 3.0, 6.0, 7.0, 4.0, 11.0]",24,3,3570.0
lith_d2_relic,Lith D2 Relic,"['relic', 'lith']",,5,0,50.0,25,0,0.0,0,14,5.0,5.0,5.0,"[7.0, 6.0, 4.0, 4.0, 6.0, 2.0, 5.0]",15.0,2.0,3570.0
primed_firestorm,Primed Firestorm,"['mod', 'legendary', 'primary', 'rifle']",,3,30,0.1,25,45,47.8,20,76,42.7,44.0,50.0,"[42.0, 40.0, 45.0, 42.0, 45.0, 45.0, 44.0]",65,25.0,3566.2
brief_respite,Brief Respite,"['mod', 'aura', 'uncommon']",,2,14,0.14,11,13,14.4,2,223,13.9,14.0,14.0,"[14.0, 14.0, 14.0, 14.0, 14.0, 14.0, 14.0]",14,12,3547.4
arcane_energize,Arcane Energize,"['legendary', 'arcane_enhancement']",,2,19,0.11,9,6,6.8,-3,462,6.9,7.0,7.0,"[7.0, 7.0, 7.0, 7.0, 7.0, 7.0, 7.0]",7,5.0,3518.1
phantasma_prime_stock,Phantasma Prime Stock,"['component', 'weapon', 'prime']",65,5,8,0.62,19,33,37.6,14,86,25.0,25.0,25.0,"[25.0, 29.5, 25.0, 27.0, 30.0, 27.0, 25.0]",30.0,23.0,3491.3
arcane_reaper,Arcane Reaper,"['legendary', 'arcane_enhancement']",,4,11,0.36,13,13,15.6,0,188,13.6,13.0,15,"[14.0, 13.0, 14.0, 13.0, 14.0, 14.0, 13.0]",18.0,11.0,3477.1
wukong_prime_systems_blueprint,Wukong Prime Systems Blueprint,"['component', 'prime', 'warframe', 'blueprint']",45,7,16,0.44,10,14,14.8,4,198,12.2,12.0,14.0,"[13.0, 12.0, 12.0, 13.0, 13.0, 12.0, 12.0]",20.0,10.0,3465.8
titania_prime_chassis_blueprint,Titania Prime Chassis Blueprint,"['component', 'prime', 'warframe', 'blueprint']",15,4,28,0.14,8,7,8.2,-1,393,7.7,7.0,10.0,"[8.0, 8.0, 8.0, 7.0, 7.0, 8.0, 7.0]",13,7.0,3461.1
tiberon_prime_set,Tiberon Prime Set,"['weapon', 'prime', 'set', 'primary']",205,6,32,0.19,46,54,58.8,8,49,58.4,60.0,60.0,"[59.0, 60.0, 60.0, 60.0, 60.0, 60.0, 60.0]",68,50,3401.0
blood_rush,Blood Rush,"['mod', 'melee', 'uncommon']",,2,22,0.09,5,9,9.8,4,324,9.6,10.0,10,"[10.0, 10.0, 10.0, 10.0, 10.0, 10.0, 10.0]",10,9.0,3399.3
gunsen_prime_set,Gunsen Prime Set,"['melee', 'prime', 'weapon', 'set']",305,3,29,0.1,41,52,58.2,11,54,57.0,59.5,55.0,"[55.0, 56.0, 59.5, 59.0, 58.0, 59.0, 59.5]",60.0,50,3398.6
galatine_prime_set,Galatine Prime Set,"['weapon', 'prime', 'set', 'melee']",160,2,27,0.07,30,50,57.8,20,58,54.4,55.0,55.0,"[55.0, 55.0, 59.5, 55.0, 58.5, 55.0, 55.0]",60,50,3391.9
afentis_prime_blueprint,Afentis Prime Blueprint,"['prime', 'weapon', 'primary', 'blueprint']",100,4,22,0.18,13,17,19.2,4,151,18.9,18.0,23.0,"[20.0, 20.0, 20.0, 19.0, 19.0, 18.0, 18.0]",43.0,18.0,3378.8
primed_dual_rounds,Primed Dual Rounds,"['primary', 'mod', 'legendary', 'archwing', 'archgun']",,6,20,0.3,38,60,63.0,22,46,56.3,55.0,49.0,"[55.0, 50.0, 52.5, 55.0, 57.0, 55.0, 55.0]",115,30.0,3367.7
primed_bane_of_the_murmur,Primed Bane Of The Murmur,"['mod', 'legendary', 'primary', 'rifle']",,5,19,0.26,27,30,36.0,3,105,25.3,25.0,35.0,"[50.0, 40.0, 50.0, 50.0, 47.0, 20.0, 25.0]",50.0,20,3357.5
silva_and_aegis_prime_set,Silva & Aegis Prime Set,"['weapon', 'prime', 'melee', 'set']",205,5,29,0.17,41,50,54.2,9,54,53.0,55.0,52.5,"[50.0, 50.0, 55.0, 57.5, 54.0, 55.0, 55.0]",60,47.5,3356.6
nyx_prime_neuroptics_blueprint,Nyx Prime Neuroptics Blueprint,"['component', 'prime', 'warframe', 'blueprint']",100,7,17,0.41,30,28,29.2,-2,87,27.3,27.0,25.0,"[28.0, 26.0, 27.0, 29.0, 28.0, 28.0, 27.0]",40,20.0,3348.0
sicarus_prime_set,Sicarus Prime Set,"['weapon', 'prime', 'set', 'secondary']",130,5,41,0.12,55,59,59.8,4,50,59.5,60.0,58.5,"[60.0, 59.5, 60.0, 60.0, 59.0, 59.5, 60.0]",60.0,54,3336.7
weeping_wounds,Weeping Wounds,"['mod', 'melee', 'uncommon']",,1,8,0.12,9,14,17.0,5,190,15.5,15.0,17.0,"[17.0, 17.0, 16.0, 15.0, 15.0, 15.0, 15.0]",20.0,15.0,3322.7
kronen_prime_blade,Kronen Prime Blade,"['component', 'weapon', 'prime']",100,8,12,0.67,28,34,36.6,6,56,35.2,35.0,35.0,"[35.0, 38.0, 35.0, 35.0, 38.0, 35.0, 35.0]",40,33,3290.0
frost_prime_blueprint,Frost Prime Blueprint,"['blueprint', 'prime', 'warframe']",100,4,14,0.29,30,40,41.0,10,68,37.5,39.0,39,"[39.0, 38.0, 39.0, 39.0, 38.5, 38.0, 39.0]",40,35.0,3281.8
protea_prime_chassis_blueprint,Protea Prime Chassis Blueprint,"['component', 'warframe', 'prime', 'blueprint']",100,8,13,0.62,15,18,21.6,3,146,13.9,15.0,13,"[15.0, 15.0, 14.0, 15.0, 14.0, 14.0, 15.0]",15,10,3281.7
pangolin_prime_set,Pangolin Prime Set,"['weapon', 'prime', 'set', 'melee']",160,6,38,0.16,26,34,35.4,8,82,34.5,35.0,35.0,"[35.0, 35.0, 35.0, 34.0, 35.0, 35.0, 35.0]",40,30.0,3278.0
ember_prime_blueprint,Ember Prime Blueprint,"['blueprint', 'prime', 'warframe']",100,4,11,0.36,30,27,38.2,-3,85,27.9,30.0,28.0,"[28.5, 30.0, 29.0, 29.5, 28.0, 28.0, 30.0]",30,25,3230.5
wukong_prime_chassis_blueprint,Wukong Prime Chassis Blueprint,"['component', 'prime', 'warframe', 'blueprint']",45,7,19,0.37,10,9,9.8,-1,253,9.2,10.0,10.0,"[10.0, 10.0, 10.0, 10.0, 9.0, 9.0, 10.0]",15,9.0,3180.9
negate,Negate,"['mod', 'rare', 'sentinel', 'wyrm']",,1,10,0.1,23,48,49.4,25,57,50.7,50.0,50,"[50.0, 55.0, 50.0, 50.0, 50.0, 50.0, 50.0]",55.0,45,3179.0
corvas_prime_set,Corvas Prime Set,"['archwing', 'primary', 'weapon', 'prime', 'set']",175,3,28,0.11,30,45,49.0,15,59,48.5,50.0,49.0,"[49.0, 49.0, 48.0, 48.5, 50.0, 50.0, 50.0]",50.0,44,3166.4
meso_c10_relic,Meso C10 Relic,"['relic', 'meso']",,11,2,5.5,25,27,28.5,2,107,4.5,4.3,4.3,"[4.25, 4.33, 4.085, 4.17, 4.0, 4.67, 4.33]",5.0,4.0,3163.1
alternox_prime_set,Alternox Prime Set,"['primary', 'prime', 'weapon', 'set']",260,5,47,0.11,21,24,24.8,3,99,28.8,28.0,30,"[30.0, 30.0, 28.0, 28.0, 27.0, 28.0, 28.0]",32.0,25.0,3156.0
nautilus_set,Nautilus Set,"['sentinel', 'set']",,5,3,1.67,55,70,80.0,15,17,69.6,70.0,71.0,"[71.0, 74.0, 60.0, 70.0, 70.0, 67.5, 70.0]",90,60,3154.7
styanax_prime_systems_blueprint,Styanax Prime Systems Blueprint,"['warframe', 'prime', 'component', 'blueprint']",45,2,32,0.06,6,6,7.2,0,382,7.7,7.0,10.0,"[9.0, 9.0, 8.0, 8.0, 8.0, 7.0, 7.0]",40.0,7.0,3140.8
shade_prime_carapace,Shade Prime Carapace,"['component', 'weapon', 'prime']",100,6,16,0.38,25,30,34.0,5,78,29.0,28.0,30.0,"[29.0, 30.0, 30.0, 30.0, 30.0, 28.0, 28.0]",34.0,25.0,3114.4
scourge_prime_barrel,Scourge Prime Barrel,"['component', 'weapon', 'prime']",100,4,7,0.57,27,35,41.6,8,56,35.3,35.0,35.0,"[38.0, 35.0, 35.0, 38.0, 35.0, 33.0, 35.0]",40,30,3109.1
nezha_prime_neuroptics_blueprint,Nezha Prime Neuroptics Blueprint,"['component', 'prime', 'warframe', 'blueprint']",100,1,25,0.04,15,24,24.8,9,126,23.7,25.0,24.0,"[24.0, 22.0, 24.0, 25.0, 25.0, 24.0, 25.0]",25.0,20.0,3102.3
fulmin_prime_set,Fulmin Prime Set,"['primary', 'prime', 'weapon', 'set']",205,2,39,0.05,21,40,40.4,19,74,39.6,40.0,40.0,"[40.0, 40.0, 39.0, 40.0, 40.0, 40.0, 40.0]",45.0,35.5,3080.3
panthera_prime_set,Panthera Prime Set,"['weapon', 'prime', 'set', 'primary']",260,4,25,0.16,60,73,75.0,13,37,71.4,70.0,70,"[70.0, 70.0, 70.0, 74.0, 70.0, 71.5, 70.0]",75.0,60.0,3064.7
meso_s2_relic,Meso S2 Relic,"['relic', 'meso']",,5,0,50.0,24,0,0.0,0,6,10.0,20.0,9,"[10.0, 5.0, 9.0, 5.0, 7.0, 9.0, 20.0]",20.0,5.0,3060.0
meso_n5_relic,Meso N5 Relic,"['relic', 'meso']",,5,0,50.0,30,0,0.0,0,6,10.0,10.0,8,"[5.0, 5.0, 7.0, 5.0, 7.0, 6.0, 10.0]",12.0,4,3060.0
lith_b5_relic,Lith B5 Relic,"['relic', 'lith']",,5,0,50.0,25,0,0.0,0,6,10.0,10.0,8.6,"[10.0, 3.0, 8.165, 3.0, 12.5, 10.0, 10.0]",15,3.0,3060.0
thermite_rounds,Thermite Rounds,"['mod', 'rare', 'rifle', 'primary']",,0,31,0.0,0,15,17.0,0,208,14.7,15.0,19.5,"[15.0, 15.0, 15.0, 15.0, 15.0, 15.0, 15.0]",27,15.0,3054.0
strun_wraith_set,Strun Wraith Set,"['weapon', 'primary', 'set']",,4,16,0.25,70,72,74.6,2,38,64.1,65.0,70.0,"[70.0, 67.5, 80.0, 80.0, 72.5, 64.0, 65.0]",84.5,56.0,3046.9
strun_prime_blueprint,Strun Prime Blueprint,"['primary', 'weapon', 'prime', 'blueprint']",100,5,18,0.28,20,29,29.8,9,98,24.2,25.0,23,"[30.0, 30.0, 30.0, 30.0, 25.0, 25.0, 25.0]",38.5,19.0,3031.5
corrosive_projection,Corrosive Projection,"['mod', 'aura', 'uncommon']",,1,22,0.05,8,11,13.4,3,215,13.4,12.0,20.0,"[25.0, 14.0, 13.0, 14.0, 14.0, 13.0, 12.0]",28.0,11,3007.2
mirage_prime_systems_blueprint,Mirage Prime Systems Blueprint,"['warframe', 'component', 'blueprint', 'prime']",45,2,15,0.13,10,15,16.4,5,165,16.1,15.0,19.0,"[16.0, 15.0, 15.0, 15.0, 15.0, 17.0, 15.0]",20.0,15.0,3006.2
baza_prime_stock,Baza Prime Stock,"['component', 'weapon', 'prime']",100,7,10,0.7,30,40,44.0,10,50,35.3,36.0,35.5,"[37.0, 35.0, 35.0, 37.5, 38.0, 35.5, 36.0]",40,30,2999.7
akvasto_prime_set,Akvasto Prime Set,"['weapon', 'prime', 'set', 'secondary']",145,3,25,0.12,26,60,63.0,34,41,65.0,56.0,60.0,"[70.0, 65.0, 70.0, 70.0, 69.0, 64.0, 56.0]",79.0,45.0,2982.6
meso_v1_relic,Meso V1 Relic,"['relic', 'meso']",,7,0,70.0,50,0,0.0,0,6,7.0,7.0,9,"[6.0, 10.0, 6.0, 8.33, 12.0, 8.0, 7.0]",20.0,3,2982.0
akmagnus_prime_set,Akmagnus Prime Set,"['prime', 'secondary', 'weapon', 'set']",60,4,31,0.13,35,35,36.8,0,73,36.0,35.0,35,"[35.0, 35.0, 35.0, 35.0, 35.0, 35.5, 35.0]",40.0,28,2970.5
neo_v6_relic,Neo V6 Relic,"['relic', 'neo']",,4,0,40.0,24,0,0.0,0,12,6.0,8.0,8.0,"[5.5, 9.0, 5.0, 5.0, 10.0, 6.0, 8.0]",10,5,2952.0
axi_o1_relic,Axi O1 Relic,"['relic', 'axi']",,2,0,20.0,12,0,0.0,0,14,10.0,10.0,10,"[7.5, 5, 10, 12, 9, 11.0, 10.0]",12,5,2940.0
tekko_prime_set,Tekko Prime Set,"['weapon', 'prime', 'set', 'melee']",275,6,28,0.21,65,74,74.4,9,33,73.3,74.0,70.0,"[74.0, 73.0, 75.0, 74.0, 74.5, 75.0, 74.0]",75.0,65,2938.6
nami_skyla_prime_blade,Nami Skyla Prime Blade,"['component', 'weapon', 'prime']",100,5,9,0.56,25,32,51.0,7,64,29.5,29.5,34,"[33.0, 30.0, 32.0, 30.0, 30.0, 30.0, 29.5]",36.0,29.0,2936.1
zakti_prime_set,Zakti Prime Set,"['weapon', 'prime', 'secondary', 'set']",160,4,28,0.14,26,39,42.8,13,62,41.4,40.0,40,"[40.0, 40.0, 40.0, 40.0, 40.0, 44.0, 40.0]",45,35.0,2931.4
molt_augmented,Molt Augmented,"['rare', 'arcane_enhancement']",,3,32,0.09,1,4,4.0,3,850,3.2,3.0,4,"[4.0, 4.0, 3.0, 3.0, 3.0, 3.0, 3.0]",4.0,3.0,2929.2
tenacious_bond,Tenacious Bond,"['mod', 'rare', 'sentinel', 'companion']",,0,18,0.0,0,14,14.8,0,195,15.0,15.0,15.0,"[15.0, 15.0, 15.0, 15.0, 15.0, 15.0, 15.0]",16.0,14.0,2921.0
melee_duplicate,Melee Duplicate,"['legendary', 'arcane_enhancement']",,2,18,0.11,5,8,8.6,3,313,8.3,8.5,9,"[8.0, 8.0, 8.0, 8.0, 8.0, 8.0, 8.5]",10.0,7.0,2892.8
shell_shock,Shell Shock,"['shotgun', 'mod', 'rare', 'primary']",,4,6,0.67,20,38,39.4,18,50,34.5,34.5,25.0,"[35.0, 35.0, 35.0, 38.0, 35.0, 35.0, 34.5]",38.0,19,2875.0
cunning_drift,Cunning Drift,"['mod', 'rare', 'warframe']",,1,19,0.05,1,9,10.4,8,270,10.1,10.0,12.0,"[10.0, 10.0, 10.0, 10.0, 10.0, 10.0, 10.0]",15.0,10,2873.7
lavos_prime_systems_blueprint,Lavos Prime Systems Blueprint,"['component', 'warframe', 'prime', 'blueprint']",100,2,18,0.11,8,10,12.4,2,264,9.8,10.0,10,"[10.0, 10.0, 10.0, 10.0, 10.0, 10.0, 10.0]",10.0,9,2870.6
sybaris_prime_barrel,Sybaris Prime Barrel,"['component', 'weapon', 'prime']",100,5,10,0.5,21,39,53.8,18,59,32.3,32.0,35,"[30.0, 30.0, 33.0, 30.0, 34.0, 32.5, 32.0]",40,30.0,2859.7
primed_pistol_ammo_mutation,Primed Pistol Ammo Mutation,"['mod', 'legendary', 'secondary', 'pistol']",,1,21,0.05,20,43,49.6,23,104,26.1,25.0,50.0,"[49.0, 49.5, 58.0, 50.0, 58.5, 22.0, 25.0]",60.0,22.0,2848.0
nagantaka_prime_set,Nagantaka Prime Set,"['primary', 'weapon', 'prime', 'set']",205,8,34,0.24,38,42,44.4,4,55,41.9,45.0,40.0,"[40.0, 40.0, 40.0, 40.0, 40.5, 40.0, 45.0]",45.0,39.5,2848.0
nekros_prime_neuroptics_blueprint,Nekros Prime Neuroptics Blueprint,"['component', 'prime', 'warframe', 'blueprint']",45,5,7,0.71,16,28,32.6,12,72,23.0,23.0,22.0,"[25.0, 24.0, 20.0, 22.0, 23.0, 24.0, 23.0]",25.0,20.0,2841.4
kogake_prime_gauntlet,Kogake Prime Gauntlet,"['component', 'weapon', 'prime']",100,5,9,0.56,21,25,28.0,4,75,24.1,25.0,27.5,"[25.0, 28.0, 29.0, 27.5, 25.0, 25.0, 25.0]",30,22.0,2813.2
protea_prime_systems_blueprint,Protea Prime Systems Blueprint,"['component', 'warframe', 'prime', 'blueprint']",100,6,13,0.46,10,14,16.2,4,134,14.4,15.0,14,"[14.0, 14.0, 15.0, 14.0, 15.0, 15.0, 15.0]",15,12,2812.7
gyre_prime_neuroptics_blueprint,Gyre Prime Neuroptics Blueprint,"['warframe', 'prime', 'component', 'blueprint']",100,6,27,0.22,9,9,9.2,0,256,9.0,9.0,10.0,"[9.0, 9.0, 9.0, 9.0, 9.0, 9.0, 9.0]",10,9.0,2802.6
hunter_munitions,Hunter Munitions,"['mod', 'uncommon', 'primary']",,1,12,0.08,7,6,9.0,-1,288,9.0,9.0,9.0,"[10.0, 9.0, 9.0, 9.0, 9.0, 9.0, 9.0]",10.0,9.0,2796.1
wukong_prime_neuroptics_blueprint,Wukong Prime Neuroptics Blueprint,"['component', 'prime', 'warframe', 'blueprint']",15,10,16,0.62,7,5,8.2,-2,203,8.5,8.0,8.0,"[8.0, 8.0, 8.0, 9.0, 9.5, 9.0, 8.0]",9.5,7.0,2793.4
smeeta_kavat_imprint,Smeeta Kavat Imprint,"['kubrow', 'pet', 'imprint']",,1,30,0.03,12,17,19.0,5,140,19.3,19.0,20.0,"[20.0, 20.0, 20.0, 20.0, 20.0, 19.0, 19.0]",20.0,17,2789.5
rifle_elementalist,Rifle Elementalist,"['mod', 'uncommon', 'primary', 'rifle']",,2,23,0.09,7,9,9.8,2,254,10.1,10.0,8.0,"[10.0, 10.0, 10.0, 10.0, 10.0, 10.0, 10.0]",10,5.0,2786.4
prisma_dual_decurions,Prisma Dual Decurions,"['archwing', 'weapon', 'primary']",,11,30,0.37,58,80,85.8,22,28,72.8,75.0,78,"[72.5, 70.0, 70.0, 74.5, 70.0, 75.0, 75.0]",90.0,51.0,2785.3
kompressa_prime_set,Kompressa Prime Set,"['secondary', 'weapon', 'prime', 'set']",160,7,51,0.14,10,13,14.4,3,178,13.8,14.0,15,"[15.0, 14.0, 14.0, 14.0, 13.0, 13.0, 14.0]",15.0,13.0,2785.1
nezha_prime_chassis_blueprint,Nezha Prime Chassis Blueprint,"['component', 'prime', 'warframe', 'blueprint']",100,2,21,0.1,20,28,29.4,8,87,28.9,29.0,30.0,"[30.0, 30.0, 30.0, 30.0, 30.0, 30.0, 29.0]",35.0,27.0,2756.7
synth_deconstruct,Synth Deconstruct,"['mod', 'rare', 'sentinel', 'companion']",,2,8,0.25,10,20,22.2,10,117,18.8,17.0,19.0,"[19.0, 18.0, 19.0, 19.0, 18.0, 17.5, 17.0]",20,16.0,2753.8
nekros_prime_blueprint,Nekros Prime Blueprint,"['blueprint', 'warframe', 'prime']",65,4,19,0.21,17,25,27.2,8,87,26.1,25.0,24,"[25.0, 25.0, 25.0, 25.0, 27.0, 27.0, 25.0]",27.0,20,2746.1
tipedo_prime_set,Tipedo Prime Set,"['weapon', 'prime', 'set', 'melee']",205,2,35,0.06,55,50,56.8,-5,45,57.3,59.0,74,"[55.0, 55.5, 55.0, 57.0, 59.0, 58.0, 59.0]",82.0,52.0,2724.3
nautilus_prime_blueprint,Nautilus Prime Blueprint,"['prime', 'sentinel', 'blueprint']",100,8,21,0.38,10,10,12.8,0,196,10.0,10.0,10.0,"[10.0, 10.0, 10.0, 10.0, 10.0, 10.0, 10.0]",11.0,9.0,2719.1
gladiator_might,Gladiator Might,"['mod', 'uncommon', 'melee']",,1,16,0.06,7,15,16.2,8,170,15.0,15.0,15,"[15.0, 15.0, 15.0, 15.0, 15.0, 15.0, 15.0]",17.0,13.0,2701.9
acceltra_prime_stock,Acceltra Prime Stock,"['prime', 'weapon', 'component']",65,2,11,0.18,6,15,15.8,9,155,14.7,15.0,14.0,"[17.0, 15.0, 15.0, 18.0, 15.0, 15.0, 15.0]",18.0,10.0,2696.9
gara_prime_neuroptics_blueprint,Gara Prime Neuroptics Blueprint,"['component', 'prime', 'warframe', 'blueprint']",45,2,13,0.15,8,8,9.4,0,271,8.6,8.0,7.0,"[9.0, 8.0, 9.0, 8.0, 9.0, 9.0, 8.0]",9.0,5.0,2694.2
carrier_prime_cerebrum,Carrier Prime Cerebrum,"['component', 'weapon', 'prime']",65,8,11,0.73,40,49,51.8,9,34,45.6,46.0,45.0,"[50.0, 50.0, 46.0, 45.0, 45.0, 45.0, 46.0]",50.0,42.0,2678.1
limbo_prime_neuroptics_blueprint,Limbo Prime Neuroptics Blueprint,"['component', 'prime', 'warframe', 'blueprint']",100,2,15,0.13,19,24,26.6,5,85,27.6,25.0,29,"[29.0, 28.0, 29.0, 29.0, 29.0, 29.0, 25.0]",30,25.0,2659.9
panzer_vulpaphyla_imprint,Panzer Vulpaphyla Imprint,"['kubrow', 'pet', 'imprint']",,7,22,0.32,15,35,55.8,20,77,26.2,25.0,25,"[25.0, 25.0, 25.0, 29.0, 25.0, 25.0, 25.0]",30.0,20.0,2656.1
mesa_prime_systems_blueprint,Mesa Prime Systems Blueprint,"['component', 'prime', 'warframe', 'blueprint']",100,2,35,0.06,8,13,14.2,5,161,15.3,15.0,15.0,"[15.0, 15.0, 15.0, 15.0, 15.0, 15.0, 15.0]",19,12.0,2602.7
fulmin_prime_receiver,Fulmin Prime Receiver,"['prime', 'component', 'weapon']",100,3,7,0.43,12,25,31.2,13,80,22.7,24.0,25.0,"[22.5, 19.0, 23.0, 23.0, 24.0, 22.0, 24.0]",30.0,19.0,2598.6
ruinous_extension,Ruinous Extension,"['mod', 'uncommon', 'pistol', 'secondary']",,1,12,0.08,12,20,20.8,8,116,20.6,20.0,20.0,"[24.0, 20.0, 22.0, 20.0, 20.0, 20.0, 20.0]",29.0,19,2591.3
blaze,Blaze,"['shotgun', 'mod', 'rare', 'primary']",,5,15,0.33,26,38,39.2,12,50,38.8,40.0,40,"[40.0, 40.0, 40.0, 40.0, 40.0, 40.0, 40.0]",40.0,29.0,2584.0
nekros_prime_systems_blueprint,Nekros Prime Systems Blueprint,"['component', 'prime', 'warframe', 'blueprint']",100,4,27,0.15,30,30,32.6,0,75,29.9,30.0,30,"[30.5, 30.0, 30.0, 30.0, 30.0, 30.0, 30.0]",34.0,28.0,2571.3
magnus_prime_barrel,Magnus Prime Barrel,"['component', 'weapon', 'prime']",100,5,17,0.29,15,27,27.8,12,76,26.1,25.0,28.0,"[28.0, 29.0, 30.0, 28.0, 28.0, 29.0, 25.0]",30.5,23.0,2563.0
shedu_set,Shedu Set,"['primary', 'weapon', 'set']",,2,15,0.13,30,42,44.8,12,52,43.2,43.0,45.0,"[44.5, 45.0, 41.5, 42.5, 45.0, 45.0, 43.0]",50,40.0,2546.6
redeemer_prime_handle,Redeemer Prime Handle,"['component', 'weapon', 'prime']",100,8,11,0.73,25,38,39.4,13,44,33.4,33.0,37.0,"[34.5, 34.5, 35.0, 37.5, 37.5, 34.0, 33.0]",40,31.5,2541.7
vauban_prime_neuroptics_blueprint,Vauban Prime Neuroptics Blueprint,"['component', 'prime', 'warframe', 'blueprint']",100,5,17,0.29,30,30,33.8,0,63,31.1,30.0,30,"[30.0, 30.0, 29.5, 30.0, 30.0, 30.0, 30.0]",33,27.0,2533.2
glaive_prime_blade,Glaive Prime Blade,"['component', 'weapon', 'prime']",45,5,10,0.5,15,17,18.4,2,97,17.2,17.0,17.5,"[18.0, 17.0, 20.0, 17.5, 18.5, 18.0, 17.0]",20.0,14.0,2499.0
afentis_prime_blade,Afentis Prime Blade,"['prime', 'weapon', 'component']",100,1,17,0.06,6,12,13.4,6,179,13.2,12.0,15.0,"[15.0, 14.0, 14.0, 13.0, 13.0, 12.0, 12.0]",42.0,12.0,2497.8
pistol_elementalist,Pistol Elementalist,"['mod', 'uncommon', 'secondary', 'pistol']",,2,18,0.11,5,9,9.8,4,240,9.4,10.0,7.0,"[10.0, 10.0, 10.0, 10.0, 10.0, 10.0, 10.0]",10.0,5.0,2495.6
steel_charge,Steel Charge,"['mod', 'aura', 'uncommon']",,0,9,0.0,0,19,19.8,0,130,19.2,20.0,19.5,"[19.0, 20.0, 19.5, 20.0, 20.0, 20.0, 20.0]",25.0,10.0,2495.0
lith_s3_relic,Lith S3 Relic,"['relic', 'lith']",,3,0,30.0,18,0,0.0,0,7,11.4,20.0,20.0,"[50, 20, 20, 50.0, 25.0, 15.0, 20.0]",50,5,2480.0
manifold_bond,Manifold Bond,"['mod', 'rare', 'sentinel', 'robotic']",,0,23,0.0,0,13,13.8,0,180,13.8,14.0,15.0,"[14.0, 14.0, 14.0, 14.0, 14.0, 14.0, 14.0]",15.0,14.0,2477.0
styanax_prime_chassis_blueprint,Styanax Prime Chassis Blueprint,"['warframe', 'prime', 'component', 'blueprint']",45,3,35,0.09,3,5,5.4,2,378,6.0,6.0,8.0,"[7.0, 7.0, 6.0, 7.0, 5.0, 6.0, 6.0]",20.0,5.0,2466.2
axi_l5_relic,Axi L5 Relic,"['relic', 'axi']",,4,0,40.0,12,0,0.0,0,6,10.0,10.0,15.0,"[20, 30.0, 10.0, 15.0, 10.0, 8.0, 10.0]",30,7,2460.0
meso_m3_relic,Meso M3 Relic,"['relic', 'meso']",,4,0,40.0,30,0,0.0,0,12,5.0,5.0,9.0,"[6, 15, 9.0, 9.0, 10.0, 4.0, 5.0]",20,4.0,2460.0
axi_v11_relic,Axi V11 Relic,"['relic', 'axi']",,6,2,3.0,22,5,4.17,-17,145,4.2,4.1,4.2,"[4.17, 4.17, 4.17, 4.17, 4.0, 4.335, 4.085]",5.0,2,2455.0
secura_lecta,Secura Lecta,"['syndicate', 'weapon', 'melee']",,5,19,0.26,18,29,30.6,11,66,29.4,30.0,30.0,"[30.0, 30.0, 30.0, 30.0, 30.0, 30.0, 30.0]",59,26.5,2453.7
euphona_prime_set,Euphona Prime Set,"['prime', 'weapon', 'secondary', 'set']",160,4,26,0.15,45,57,58.2,12,37,57.4,58.0,60,"[58.0, 55.0, 60.0, 59.0, 55.0, 59.0, 58.0]",60.0,50,2451.3
boar_prime_stock,Boar Prime Stock,"['component', 'weapon', 'prime']",100,3,18,0.17,33,35,41.6,2,50,42.0,42.0,41,"[43.0, 44.5, 42.0, 43.0, 41.0, 40.5, 42.0]",50.0,37.5,2450.6
astilla_prime_barrel,Astilla Prime Barrel,"['component', 'weapon', 'prime']",100,1,22,0.05,5,14,16.4,9,162,14.5,15.0,23,"[15.0, 15.0, 15.0, 15.0, 14.5, 14.5, 15.0]",29.0,14.5,2447.4
gotva_prime,Gotva Prime,"['weapon', 'primary']",,9,24,0.38,35,60,66.8,25,32,55.2,55.5,69.0,"[40.0, 60.0, 55.0, 45.0, 57.0, 56.5, 55.5]",80.0,40.0,2428.2
gyre_prime_chassis_blueprint,Gyre Prime Chassis Blueprint,"['warframe', 'prime', 'component', 'blueprint']",45,1,14,0.07,5,10,11.2,5,250,9.0,10.0,9.0,"[9.0, 9.0, 10.0, 9.5, 9.0, 9.0, 10.0]",10,8.0,2419.3
synoid_heliocor,Synoid Heliocor,"['syndicate', 'weapon', 'melee']",,4,7,0.57,15,30,53.0,15,55,27.9,25.0,30.0,"[35.0, 30.0, 32.0, 30.0, 30.0, 30.0, 25.0]",36.5,24.0,2415.3
ninkondi_prime_set,Ninkondi Prime Set,"['weapon', 'prime', 'set', 'melee']",260,2,44,0.05,40,55,58.0,15,40,57.5,55.0,70.0,"[55.0, 56.0, 56.0, 60.0, 58.0, 60.0, 55.0]",80,55.0,2406.1
acceltra_prime_barrel,Acceltra Prime Barrel,"['prime', 'weapon', 'component']",100,4,16,0.25,10,9,13.4,-1,145,13.3,12.0,14.0,"[14.0, 13.0, 13.0, 15.0, 15.0, 15.0, 12.0]",15.5,12,2405.0
dreamers_wrath,Dreamer's Wrath,"['mod', 'rare', 'melee']",,1,9,0.11,20,40,44.0,20,55,39.3,40.0,38.0,"[40.0, 40.0, 40.0, 40.0, 40.0, 40.0, 40.0]",40,35,2403.9
aegis_gale,Aegis Gale,"['hildryn', 'mod', 'warframe', 'augment', 'rare']",,0,14,0.0,0,9,9.8,0,236,10.1,10.0,10.0,"[10.0, 10.0, 10.0, 10.0, 10.0, 10.0, 10.0]",10.0,10.0,2388.0
hildryn_prime_chassis_blueprint,Hildryn Prime Chassis Blueprint,"['component', 'prime', 'warframe', 'blueprint']",45,3,6,0.5,6,12,17.6,6,151,10.5,11.0,10.0,"[10.0, 10.0, 10.0, 12.0, 10.0, 10.0, 11.0]",13,9.0,2387.2
venka_prime_set,Venka Prime Set,"['weapon', 'prime', 'melee', 'set']",275,3,49,0.06,45,58,59.4,13,38,59.2,58.5,60.0,"[59.0, 60.0, 60.0, 60.0, 60.0, 60.0, 58.5]",65,58.0,2386.7
gara_prime_systems_blueprint,Gara Prime Systems Blueprint,"['component', 'prime', 'warframe', 'blueprint']",15,3,13,0.23,8,9,11.0,1,209,9.2,10.0,7.0,"[9.0, 10.0, 10.0, 9.0, 9.0, 10.0, 10.0]",10.0,5.0,2353.8
athodai_prime_barrel,Athodai Prime Barrel,"['prime', 'weapon', 'component']",100,2,11,0.18,8,15,15.0,7,185,10.7,10.0,15.0,"[13.0, 10.0, 10.0, 10.0, 10.0, 10.0, 10.0]",69.0,10.0,2341.2
cernos_prime_set,Cernos Prime Set,"['primary', 'prime', 'weapon', 'set']",200,7,22,0.32,58,58,62.6,0,30,59.2,59.0,58.5,"[60.0, 60.0, 60.0, 60.0, 59.0, 59.0, 59.0]",60,50.0,2341.1
eidolon_zenurik_lens,Eidolon Zenurik Lens,"['focus', 'lens']",,1,0,10.0,3,0,0.0,0,9,23.6,20.0,20.0,"[25.0, 20.0, 25.0, 23.5, 20.0, 25.0, 20.0]",30.5,15,2332.0
critical_deceleration,Critical Deceleration,"['shotgun', 'mod', 'rare', 'primary']",,1,29,0.03,4,8,8.0,4,269,8.4,8.0,8.0,"[9.0, 9.0, 9.0, 8.0, 8.0, 8.0, 8.0]",10,7,2324.0
orthos_prime_set,Orthos Prime Set,"['weapon', 'prime', 'set', 'melee']",150,4,38,0.11,10,10,11.4,0,201,10.5,10.0,10.0,"[10.0, 10.0, 10.0, 10.0, 10.0, 10.0, 10.0]",15.0,10.0,2323.8
aklex_prime_link,Aklex Prime Link,"['component', 'weapon', 'prime']",100,6,17,0.35,26,35,38.2,9,53,32.3,35.0,30.0,"[30.0, 28.5, 33.0, 33.0, 32.0, 33.5, 35.0]",40,25,2319.6
primed_charged_shell,Primed Charged Shell,"['mod', 'legendary', 'primary', 'shotgun']",,4,36,0.11,35,35,38.8,0,59,35.3,38.0,50.0,"[34.0, 32.5, 39.0, 38.0, 35.0, 35.0, 38.0]",55,20.0,2312.8
venka_prime_gauntlet,Venka Prime Gauntlet,"['component', 'weapon', 'prime']",100,8,14,0.57,17,23,24.4,6,61,24.0,24.0,24,"[25.0, 24.0, 24.0, 25.0, 25.0, 24.0, 24.0]",25,20.0,2304.5
arcane_fury,Arcane Fury,"['rare', 'arcane_enhancement']",,1,17,0.06,3,5,7.0,2,377,5.7,5.4,5.0,"[5.0, 6.0, 6.0, 6.0, 6.0, 6.0, 5.415]",6.0,4,2292.6
spring_loaded_blade,Spring-Loaded Blade,"['syndicate', 'mod', 'melee', 'rare']",,2,28,0.07,10,14,14.8,4,155,13.8,14.0,15.0,"[15.0, 15.0, 15.0, 15.0, 15.0, 15.0, 14.0]",15.0,14.0,2292.3
reinforced_bond,Reinforced Bond,"['mod', 'rare', 'sentinel', 'companion']",,1,13,0.08,5,14,16.0,9,142,14.8,15.0,15.0,"[15.0, 15.0, 15.0, 15.0, 15.0, 15.0, 15.0]",16,15.0,2259.9
resourceful_retriever,Resourceful Retriever,"['mod', 'rare', 'sentinel', 'beast']",,1,17,0.06,4,8,8.0,4,257,8.3,8.0,8.0,"[8.0, 8.0, 8.0, 8.0, 8.0, 8.0, 8.0]",9,8.0,2259.5
volnus_prime_handle,Volnus Prime Handle,"['component', 'weapon', 'prime']",100,1,18,0.06,10,15,16.6,5,145,14.6,15.0,29.0,"[15.0, 15.0, 15.0, 15.0, 15.0, 15.0, 15.0]",34.0,15.0,2239.4
secura_penta,Secura Penta,"['syndicate', 'primary', 'weapon']",,6,20,0.3,18,30,32.4,12,58,29.4,29.5,30.0,"[31.0, 30.0, 30.0, 30.0, 30.0, 30.0, 29.5]",40,20,2218.5
dual_kamas_prime_set,Dual Kamas Prime Set,"['weapon', 'prime', 'set', 'melee']",305,8,40,0.2,75,80,86.0,5,23,79.9,87.0,76.0,"[80.0, 80.0, 80.0, 84.0, 80.0, 80.0, 87.0]",87.0,65,2204.4
nightwatch_napalm,Nightwatch Napalm,"['mod', 'uncommon', 'primary', 'ogris']",,4,12,0.33,15,17,19.4,2,100,16.5,15.0,19.0,"[18.0, 15.0, 15.0, 15.0, 15.0, 15.0, 15.0]",20.0,15.0,2204.0
redeemer_prime_set,Redeemer Prime Set,"['weapon', 'prime', 'set', 'melee']",160,3,27,0.11,40,50,51.6,10,40,49.5,49.0,50,"[49.0, 50.0, 50.0, 50.0, 48.0, 50.0, 49.0]",50.0,45,2199.4
axi_l3_relic,Axi L3 Relic,"['relic', 'axi']",,6,0,60.0,42,0,0.0,0,2,18.0,18.0,13.0,"[30.0, 10.0, 3.33, 8.33, 9.0, 13.0, 18.0]",30,3.33,2196.0
aksomati_prime_link,Aksomati Prime Link,"['component', 'weapon', 'prime']",100,2,5,0.4,20,45,64.0,25,41,38.2,40.0,39.0,"[38.0, 40.0, 37.0, 40.0, 34.5, 38.0, 40.0]",44.5,31.0,2192.4
huras_kubrow_imprint,Huras Kubrow Imprint,"['kubrow', 'pet', 'imprint']",,1,14,0.07,120,19,19.6,-101,107,19.1,20.0,20.0,"[20.0, 20.0, 20.0, 20.0, 20.0, 20.0, 20.0]",20.0,17.5,2188.4
rakta_dark_dagger,Rakta Dark Dagger,"['syndicate', 'weapon', 'melee']",,8,13,0.62,10,30,31.6,20,53,25.5,23.0,27.0,"[26.0, 29.0, 25.0, 25.0, 25.0, 30.0, 23.0]",30.0,23.0,2186.4
sarofang_prime_blade,Sarofang Prime Blade,"['component', 'weapon', 'prime']",100,4,12,0.33,8,14,14.8,6,119,13.7,14.0,15.0,"[15.0, 15.0, 14.0, 14.0, 14.0, 13.0, 14.0]",19,11.0,2181.3
nami_skyla_prime_set,Nami Skyla Prime Set,"['weapon', 'prime', 'set', 'melee']",305,5,21,0.24,90,105,108.0,15,16,109.6,110.0,106.0,"[110.0, 109.0, 109.0, 109.5, 110.0, 110.0, 110.0]",110,100.0,2170.4
axi_g5_relic,Axi G5 Relic,"['relic', 'axi']",,3,0,30.0,12,0,0.0,0,14,5.0,5.0,8.0,"[5.5, 8.0, 10.0, 9.0, 8.0, 5.0, 5.0]",10,5.0,2170.0
spira_prime_pouch,Spira Prime Pouch,"['component', 'weapon', 'prime']",100,6,9,0.67,26,30,43.4,4,40,32.5,29.0,35,"[34.0, 39.0, 35.0, 30.0, 40.0, 36.0, 29.0]",40.0,29.0,2168.3
archon_intensify,Archon Intensify,"['mod', 'archon', 'warframe']",,1,16,0.06,20,20,22.8,0,94,21.7,24.0,22.0,"[24.0, 20.0, 20.0, 20.0, 20.0, 20.0, 24.0]",25,19.0,2166.4
vile_acceleration,Vile Acceleration,"['mod', 'rare', 'rifle', 'primary']",,2,24,0.08,5,8,8.6,3,227,8.7,9.0,9.0,"[9.0, 9.0, 9.0, 9.0, 8.0, 8.5, 9.0]",10.0,8.0,2146.6
ninkondi_prime_handle,Ninkondi Prime Handle,"['component', 'weapon', 'prime']",100,5,10,0.5,12,20,26.8,8,79,17.9,20.0,23.0,"[20.0, 20.0, 17.0, 20.0, 17.0, 18.0, 20.0]",34.0,17.0,2122.5
dual_kamas_prime_blade,Dual Kamas Prime Blade,"['component', 'weapon', 'prime']",100,6,12,0.5,30,31,36.6,1,45,31.3,30.0,30,"[30.0, 30.0, 30.0, 35.0, 30.0, 29.5, 30.0]",35.0,24,2115.8
zhuge_prime_set,Zhuge Prime Set,"['primary', 'prime', 'weapon', 'set']",220,1,30,0.03,25,44,46.6,19,47,43.5,44.0,57,"[45.0, 45.0, 44.5, 40.0, 40.0, 45.0, 44.0]",65.5,40.0,2114.7
razorwing_blitz,Razorwing Blitz,"['mod', 'warframe', 'titania', 'augment', 'rare']",,0,26,0.0,0,9,9.4,0,227,9.2,10.0,9.0,"[10.0, 9.0, 10.0, 10.0, 10.0, 10.0, 10.0]",10,9,2096.0
akjagara_prime_barrel,Akjagara Prime Barrel,"['component', 'weapon', 'prime']",100,4,18,0.22,15,23,24.4,8,72,23.7,25.0,25.0,"[24.0, 24.0, 25.0, 25.0, 30.0, 25.0, 25.0]",30,20.0,2086.9
meso_z3_relic,Meso Z3 Relic,"['relic', 'meso']",,6,1,6.0,30,10,10.0,-20,62,4.8,6.0,6.0,"[8.0, 8.0, 7.0, 7.0, 6.0, 3.0, 6.0]",10.0,3.0,2086.0
panthera_prime_receiver,Panthera Prime Receiver,"['component', 'weapon', 'prime']",100,5,9,0.56,13,17,18.4,4,76,17.6,18.0,18.0,"[19.0, 19.0, 18.0, 18.0, 18.0, 18.0, 18.0]",21.0,14.5,2080.6
ankyros_prime_set,Ankyros Prime Set,"['weapon', 'prime', 'set', 'melee']",175,4,49,0.08,40,45,49.0,5,39,49.2,49.0,50,"[48.0, 50.0, 50.0, 50.0, 49.0, 49.5, 49.0]",80,39.5,2074.0
ballistica_prime_blueprint,Ballistica Prime Blueprint,"['weapon', 'prime', 'secondary', 'blueprint']",100,2,21,0.1,30,30,33.0,0,56,33.6,30.0,34,"[33.5, 35.0, 35.0, 35.0, 38.0, 35.0, 30.0]",74.0,25,2062.3
karyst_prime_set,Karyst Prime Set,"['weapon', 'prime', 'set', 'melee']",160,3,31,0.1,20,30,34.0,10,51,36.8,40.0,35,"[35.0, 35.0, 35.0, 35.0, 38.0, 39.0, 40.0]",40.0,30,2059.2
braton_vandal_set,Braton Vandal Set,"['primary', 'weapon', 'set']",,1,18,0.06,20,29,29.6,9,94,20.7,20.0,30,"[24.0, 20.0, 24.0, 20.0, 20.0, 20.0, 20.0]",45,20.0,2055.2
prisma_skana,Prisma Skana,"['weapon', 'melee']",,6,24,0.25,50,60,66.8,10,28,58.7,60.0,50.0,"[64.0, 60.0, 60.0, 57.0, 66.5, 59.0, 60.0]",70.0,35.0,2054.4
axi_r3_relic,Axi R3 Relic,"['relic', 'axi']",,4,0,40.0,18,0,0.0,0,2,25.0,25.0,22.5,"[25.0, 20.0, 10.0, 25.0]",25.0,10.0,2050.0
gram_prime_set,Gram Prime Set,"['weapon', 'prime', 'set', 'melee']",160,1,35,0.03,15,30,35.6,15,53,37.5,40.0,39.0,"[35.0, 40.0, 39.0, 39.0, 38.0, 39.0, 40.0]",40.0,30.0,2044.3
shotgun_elementalist,Shotgun Elementalist,"['mod', 'uncommon', 'primary', 'shotgun']",,2,28,0.07,5,8,8.4,3,209,9.1,9.0,5.0,"[10.0, 9.0, 9.0, 9.0, 9.0, 9.0, 9.0]",10.0,5,2026.6
ash_prime_systems_blueprint,Ash Prime Systems Blueprint,"['component', 'prime', 'warframe', 'blueprint']",65,1,28,0.04,8,18,18.8,10,108,18.1,18.0,19.0,"[19.0, 19.0, 18.0, 17.5, 18.0, 18.0, 18.0]",20,15.0,2022.8
bonewidow_set,Bonewidow Set,"['necramech', 'set']",,0,10,0.0,0,85,95.0,0,23,87.8,85.0,85.0,"[90.0, 87.0, 88.5, 90.0, 90.0, 87.5, 85.0]",95.0,73.0,2020.0
pandero_prime_set,Pandero Prime Set,"['weapon', 'prime', 'set', 'secondary']",160,7,39,0.18,28,38,39.0,10,48,35.6,35.5,38.5,"[33.0, 35.5, 35.0, 33.5, 35.0, 35.0, 35.5]",40,33.0,2015.7
sentient_surge,Sentient Surge,"['mod', 'rare', 'secondary', 'ocucor']",,0,29,0.0,0,13,13.8,0,142,14.2,14.0,15.0,"[14.0, 14.0, 14.0, 15.0, 15.0, 14.0, 14.0]",18,14.0,2015.0
tatsu_prime_set,Tatsu Prime Set,"['weapon', 'prime', 'melee', 'set']",160,3,29,0.1,20,30,31.2,10,61,29.9,30.0,30.0,"[30.0, 30.0, 33.5, 35.0, 30.0, 30.0, 30.0]",38,30.0,2010.5
phantasma_prime_barrel,Phantasma Prime Barrel,"['component', 'weapon', 'prime']",100,2,12,0.17,16,25,29.6,9,71,24.2,24.0,25.0,"[25.0, 25.0, 24.0, 24.0, 25.0, 25.0, 24.0]",28.5,20.0,2006.7
omn_evi,Omn-Evi,"['mod', 'uncommon', 'any']",,2,10,0.2,12,20,25.6,8,82,20.4,20.0,20,"[20.0, 20.0, 20.0, 20.0, 19.0, 20.0, 20.0]",25,18.0,2004.0
dethcube_prime_blueprint,Dethcube Prime Blueprint,"['blueprint', 'prime', 'sentinel']",100,1,12,0.08,5,25,25.0,20,92,19.8,20.0,20.0,"[20.0, 20.0, 20.0, 20.0, 20.0, 22.0, 20.0]",25,18.0,1971.7
neo_s10_relic,Neo S10 Relic,"['relic', 'neo']",,6,0,60.0,36,0,0.0,0,2,16.0,16.0,10.0,"[20.0, 10.0, 10.5, 6.0, 14.0, 16.0, 16.0]",20,6,1952.0
odonata_prime_set,Odonata Prime Set,"['prime', 'set', 'archwing']",140,2,29,0.07,20,40,43.0,20,46,39.4,40.0,40.0,"[40.0, 40.0, 40.0, 40.0, 40.0, 40.0, 40.0]",40,35,1938.6
braton_prime_set,Braton Prime Set,"['weapon', 'prime', 'set', 'primary']",110,8,59,0.14,7,8,8.8,1,202,8.4,8.0,8.0,"[8.0, 8.0, 7.0, 8.0, 7.0, 8.0, 8.0]",10,7.0,1936.2
scorch,Scorch,"['mod', 'rare', 'pistol', 'secondary']",,2,10,0.2,6,10,11.2,4,184,8.8,10.0,10,"[10.0, 10.0, 10.0, 10.0, 10.0, 10.0, 10.0]",10.0,9,1933.2
aeolak_set,Aeolak Set,"['primary', 'weapon', 'set']",,2,9,0.22,55,80,88.6,25,21,74.9,70.0,75.0,"[75.0, 77.0, 74.0, 70.0, 70.0, 69.5, 70.0]",95,65,1922.6
telos_boltor,Telos Boltor,"['syndicate', 'primary', 'weapon']",,0,6,0.0,0,20,29.0,0,63,30.3,30.0,29.0,"[29.0, 30.0, 30.0, 30.0, 30.0, 30.0, 30.0]",35.0,22.5,1910.0
tekko_prime_blade,Tekko Prime Blade,"['component', 'weapon', 'prime']",100,6,11,0.55,18,23,26.0,5,60,20.5,20.0,21,"[22.0, 24.0, 22.0, 20.0, 22.0, 20.0, 20.0]",25,16.0,1903.2
stradavar_prime_set,Stradavar Prime Set,"['weapon', 'prime', 'set', 'primary']",175,1,42,0.02,25,30,33.2,5,62,29.9,30.0,39.0,"[30.0, 35.0, 30.0, 30.0, 30.0, 30.0, 30.0]",40,30.0,1896.6
lex_prime_set,Lex Prime Set,"['weapon', 'prime', 'set', 'secondary']",55,3,32,0.09,6,7,8.0,1,207,8.4,9.0,8,"[7.5, 10.0, 10.0, 10.0, 9.0, 10.0, 9.0]",10.0,5.0,1896.0
volt_prime_blueprint,Volt Prime Blueprint,"['blueprint', 'prime', 'warframe']",25,2,16,0.12,7,14,14.8,7,128,13.2,15.0,10.0,"[15.0, 13.0, 13.0, 13.0, 14.0, 13.0, 15.0]",15.0,9,1895.1
nova_prime_neuroptics_blueprint,Nova Prime Neuroptics Blueprint,"['component', 'prime', 'warframe', 'blueprint']",15,6,16,0.38,9,10,13.0,1,117,11.8,13.0,12.0,"[12.0, 10.0, 12.0, 12.0, 10.0, 10.0, 13.0]",14,10.0,1892.0
neo_l3_relic,Neo L3 Relic,"['relic', 'neo']",,2,0,20.0,6,0,0.0,0,30,3.0,3.0,5.0,"[4.0, 3.0, 6.0, 3.0, 6.0, 5.0, 3.0]",6.0,3.0,1890.0
tigris_prime_blueprint,Tigris Prime Blueprint,"['primary', 'prime', 'weapon', 'blueprint']",100,5,6,0.83,20,30,37.0,10,40,25.6,25.0,25.0,"[25.0, 25.0, 25.0, 25.0, 24.0, 29.0, 25.0]",30.0,18.0,1875.5
voruna_prime_chassis_blueprint,Voruna Prime Chassis Blueprint,"['component', 'warframe', 'prime', 'blueprint']",45,2,15,0.13,1,7,8.8,6,238,6.9,7.0,5.0,"[7.0, 7.0, 7.0, 7.0, 8.0, 7.0, 7.0]",8.0,4,1872.3
vermillion_storm,Vermillion Storm,"['mod', 'rare', 'stance', 'claws']",,1,11,0.09,10,25,30.6,15,69,24.7,22.5,30,"[28.0, 30.0, 30.0, 27.5, 27.0, 21.5, 22.5]",40.0,21.5,1861.6
neo_s13_relic,Neo S13 Relic,"['relic', 'neo']",,9,1,9.0,36,20,20.0,-16,24,7.8,7.5,8.0,"[7.0, 7.0, 8.0, 8.0, 13.0, 8.0, 7.5]",15,4.0,1860.0
primed_reach,Primed Reach,"['mod', 'legendary', 'melee']",,4,37,0.11,30,39,40.6,9,42,40.0,40.0,40.0,"[40.0, 40.0, 40.0, 40.0, 40.0, 40.0, 40.0]",68,25.0,1859.4
knell_prime_barrel,Knell Prime Barrel,"['component', 'weapon', 'prime']",100,4,13,0.31,20,28,32.6,8,51,27.9,28.5,29.0,"[29.0, 29.0, 27.0, 30.0, 30.0, 28.5, 28.5]",30.0,25,1858.9
knell_prime_set,Knell Prime Set,"['secondary', 'weapon', 'prime', 'set']",160,0,33,0.0,0,35,35.6,0,47,39.5,40.0,40,"[40.0, 40.0, 40.0, 40.0, 40.0, 40.0, 40.0]",40,33.0,1858.5
primed_animal_instinct,Primed Animal Instinct,"['mod', 'legendary', 'sentinel', 'companion']",,2,38,0.05,15,37,39.2,22,46,38.3,40.0,45.0,"[40.0, 40.0, 40.0, 40.0, 40.0, 40.0, 40.0]",52.5,20.0,1856.3
primed_rubedo_lined_barrel,Primed Rubedo-Lined Barrel,"['legendary', 'primary', 'mod', 'archwing', 'archgun']",,2,33,0.06,25,30,38.0,5,57,30.4,26.0,45,"[49.0, 48.0, 50.0, 45.0, 47.0, 23.0, 26.0]",50.0,23.0,1840.7
meso_i2_relic,Meso I2 Relic,"['relic', 'meso']",,5,0,50.0,30,0,0.0,0,6,6.0,6.0,5.0,"[5.0, 6.0, 5.0, 4.0, 5.0, 5.5, 6.0]",9.0,4,1836.0
mecha_overdrive,Mecha Overdrive,"['mod', 'rare', 'melee', 'kubrow_claws']",,2,14,0.14,10,15,16.6,5,96,16.6,15.0,17.5,"[17.0, 18.0, 17.0, 19.0, 18.0, 15.0, 15.0]",20,15.0,1822.9
trumna_prime_barrel,Trumna Prime Barrel,"['component', 'weapon', 'prime']",100,5,23,0.22,8,6,8.0,-2,181,8.2,8.0,10,"[8.0, 8.0, 8.0, 8.0, 7.0, 8.0, 8.0]",10,7.0,1812.1
razor_mortar,Razor Mortar,"['mod', 'warframe', 'augment', 'caliban', 'rare']",,1,14,0.07,8,9,9.6,1,158,10.7,10.0,10,"[10.0, 10.0, 10.0, 10.0, 10.0, 10.0, 10.0]",12.0,10.0,1809.6
aklex_prime_set,Aklex Prime Set,"['weapon', 'prime', 'set', 'secondary']",145,3,29,0.1,20,40,40.0,20,42,39.0,40.0,39.0,"[40.0, 40.0, 39.0, 40.0, 40.0, 39.0, 40.0]",45.0,34.0,1806.3
sicarus_prime_receiver,Sicarus Prime Receiver,"['component', 'weapon', 'prime']",100,1,8,0.12,20,40,53.8,20,45,35.6,35.0,37.0,"[40.0, 35.0, 35.0, 39.0, 39.0, 37.0, 35.0]",40.0,31,1802.8
zylok_prime_set,Zylok Prime Set,"['prime', 'secondary', 'weapon', 'set']",160,1,32,0.03,10,17,21.4,7,80,21.7,24.0,20.0,"[23.0, 20.0, 23.0, 20.0, 20.0, 25.0, 24.0]",26.5,20,1792.8
shocking_claws,Shocking Claws,"['mod', 'rare', 'melee', 'claws']",,1,5,0.2,10,15,18.8,5,109,13.6,14.0,12.0,"[14.0, 14.0, 13.0, 14.0, 13.0, 13.0, 14.0]",15.0,10,1780.2
merciless_gunfight,Merciless Gunfight,"['mod', 'rare', 'secondary', 'pistol']",,3,14,0.21,7,10,13.4,3,153,9.5,10.0,10,"[10.0, 10.0, 10.0, 10.0, 10.0, 10.0, 10.0]",12.0,9,1771.6
ballistica_prime_string,Ballistica Prime String,"['component', 'weapon', 'prime']",45,1,7,0.14,12,20,24.8,8,79,19.6,20.0,15,"[23.0, 19.0, 18.0, 19.0, 20.0, 20.0, 20.0]",40.0,10.0,1766.3
vauban_prime_chassis_blueprint,Vauban Prime Chassis Blueprint,"['component', 'prime', 'warframe', 'blueprint']",25,5,11,0.45,16,19,22.8,3,61,19.9,20.0,19,"[20.0, 20.0, 20.0, 20.0, 20.0, 20.0, 20.0]",21.5,14,1761.5
condition_overload,Condition Overload,"['mod', 'melee', 'rare']",,1,55,0.02,9,8,8.2,-1,208,8.3,8.0,9,"[9.0, 9.0, 9.0, 8.0, 8.0, 8.0, 8.0]",10.0,8,1759.4
prisma_twin_gremlins,Prisma Twin Gremlins,"['weapon', 'secondary']",,5,14,0.36,56,65,77.0,9,20,64.7,64.5,61.2,"[70.0, 56.0, 60.0, 62.5, 70.0, 70.5, 64.5]",100,37.5,1756.1
immunity_resistance,Immunity Resistance,"['mod', 'common', 'melee', 'claws']",,1,3,0.33,10,15,21.7,5,104,12.6,13.0,11.0,"[15.0, 11.0, 13.5, 12.0, 12.0, 12.0, 13.0]",15.0,10.0,1752.7
baruuk_prime_blueprint,Baruuk Prime Blueprint,"['prime', 'warframe', 'blueprint']",100,3,22,0.14,15,14,16.0,-1,105,14.7,15.0,16.0,"[16.0, 16.0, 15.0, 17.0, 18.0, 15.0, 15.0]",20,15,1750.6
truths_flame,Truth's Flame,"['mod', 'rare', 'melee']",,4,3,1.33,21,35,45.0,14,19,39.5,40.0,40.0,"[40.0, 39.0, 42.5, 42.5, 35.0, 35.0, 40.0]",50.0,20.0,1750.0
axi_c8_relic,Axi C8 Relic,"['relic', 'axi']",,5,2,2.5,25,27,28.5,2,118,4.2,4.2,4.2,"[4.17, 4.5, 4.17, 4.17, 4.085, 4.085, 4.17]",12.0,1.0,1740.8
rhino_prime_blueprint,Rhino Prime Blueprint,"['blueprint', 'prime', 'warframe']",100,2,30,0.07,18,19,19.8,1,84,19.4,20.0,20,"[20.0, 20.0, 20.0, 20.0, 20.0, 20.0, 20.0]",33,18.0,1739.7
venato_prime_set,Venato Prime Set,"['weapon', 'prime', 'melee', 'set']",160,7,42,0.17,11,10,14.0,-1,103,14.4,14.0,15.0,"[15.0, 15.0, 15.0, 14.0, 14.0, 15.0, 14.0]",18.0,12.0,1733.1
ambassador_blueprint,Ambassador Blueprint,"['primary', 'weapon', 'blueprint']",,3,15,0.2,18,40,41.4,22,41,35.2,36.0,40.0,"[35.0, 35.0, 40.0, 35.0, 28.0, 38.0, 36.0]",50.0,25.0,1732.8
revenant_prime_systems_blueprint,Revenant Prime Systems Blueprint,"['component', 'warframe', 'prime', 'blueprint']",45,4,13,0.31,6,9,10.8,3,136,9.7,10.0,10.0,"[10.0, 10.0, 10.0, 10.0, 10.0, 10.0, 10.0]",13.0,9.0,1720.9
malignant_force,Malignant Force,"['mod', 'rare', 'rifle', 'primary']",,1,22,0.05,3,8,9.4,5,196,8.4,8.0,9,"[9.0, 8.0, 8.0, 8.0, 8.0, 8.0, 8.0]",10,7.0,1716.6
vectis_prime_barrel,Vectis Prime Barrel,"['component', 'weapon', 'prime']",15,4,5,0.8,20,20,46.0,0,43,22.0,24.0,20.0,"[20.0, 23.0, 24.0, 20.5, 21.0, 20.0, 24.0]",30.0,15.0,1705.5
axi_b6_relic,Axi B6 Relic,"['axi', 'relic']",,2,0,20.0,18,0,0.0,0,18,4.5,4.5,5,"[3.0, 10.0, 10.0, 11.0, 4.75, 8.0, 4.5]",11.0,1.0,1701.0
vadarya_prime_blueprint,Vadarya Prime Blueprint,"['weapon', 'primary', 'prime', 'blueprint']",100,6,20,0.3,7,8,8.4,1,158,8.2,8.0,8.0,"[9.0, 8.0, 7.0, 8.0, 8.0, 8.0, 8.0]",10.0,7,1692.0
constitution,Constitution,"['mod', 'warframe', 'rare']",,1,20,0.05,10,10,10.0,0,168,9.6,10.0,10,"[10.0, 10.0, 10.0, 9.0, 10.0, 10.0, 10.0]",10,7.0,1689.5
volt_prime_systems_blueprint,Volt Prime Systems Blueprint,"['component', 'prime', 'warframe', 'blueprint']",45,3,12,0.25,7,8,11.6,1,141,9.6,10.0,9.0,"[10.0, 9.0, 10.0, 10.0, 10.0, 10.0, 10.0]",10,8,1688.8
valkyr_prime_systems_blueprint,Valkyr Prime Systems Blueprint,"['warframe', 'component', 'blueprint', 'prime']",65,0,26,0.0,0,14,15.8,0,114,14.8,15.0,15.0,"[14.0, 15.0, 15.0, 15.0, 15.0, 15.0, 15.0]",18,14.0,1687.5
prisma_obex,Prisma Obex,"['weapon', 'melee']",,7,26,0.27,55,69,71.4,14,21,63.3,65.0,75.0,"[64.0, 69.0, 60.0, 60.0, 65.0, 65.0, 65.0]",149,45.0,1686.2
venom_teeth,Venom Teeth,"['mod', 'rare', 'melee', 'claws']",,4,8,0.5,25,30,34.0,5,38,29.2,29.5,29.0,"[30.0, 30.0, 29.0, 30.0, 30.0, 29.0, 29.5]",30,25.0,1662.0
gauss_prime_neuroptics_blueprint,Gauss Prime Neuroptics Blueprint,"['prime', 'warframe', 'component', 'blueprint']",45,2,29,0.07,6,8,9.6,2,178,8.7,9.0,9.0,"[10.0, 9.0, 9.0, 9.5, 9.0, 9.0, 9.0]",10,8,1661.7
precision_intensify,Precision Intensify,"['mod', 'rare', 'warframe']",,0,24,0.0,0,4,5.4,0,316,5.2,5.0,5,"[5.0, 5.0, 5.0, 5.0, 5.0, 5.0, 5.0]",5.0,5.0,1650.0
magnetic_strafe,Magnetic Strafe,"['mod', 'rare', 'primary', 'shotgun']",,0,19,0.0,0,10,10.0,0,179,9.2,10.0,9.0,"[9.0, 9.0, 9.0, 9.0, 9.0, 9.0, 10.0]",10.0,8.0,1648.0
primary_compression,Primary Compression,"['rare', 'arcane_enhancement']",,2,11,0.18,24,7,9.2,-17,177,7.9,8.0,8.0,"[9.0, 8.0, 8.0, 7.0, 7.5, 7.0, 8.0]",12.0,6.5,1647.0
meso_p9_relic,Meso P9 Relic,"['meso', 'relic']",,4,0,40.0,18,0,0.0,0,4,10.0,10.0,6,"[6, 10.0, 3.0, 5.0, 5.5, 2.5, 10.0]",44,2.5,1640.0
mecha_recharge,Mecha Recharge,"['mod', 'kubrow', 'rare']",,0,9,0.0,0,19,19.6,0,98,16.7,17.0,17.0,"[19.0, 20.0, 20.0, 20.0, 17.0, 15.0, 17.0]",20,13.0,1635.0
melee_influence,Melee Influence,"['rare', 'arcane_enhancement']",,0,27,0.0,0,4,4.0,0,406,4.0,4.0,4,"[4.0, 4.0, 4.0, 4.0, 4.0, 4.0, 4.0]",5.0,4.0,1631.5
double_tap,Double Tap,"['primary', 'latron', 'pvp', 'rare', 'mod']",,1,3,0.33,5,35,15.0,30,54,22.6,29.0,15,"[30.0, 25.0, 30.0, 30.0, 30.0, 25.0, 29.0]",35,8.0,1626.0
melee_crescendo,Melee Crescendo,"['legendary', 'arcane_enhancement']",,4,27,0.15,5,6,6.4,1,225,6.3,6.0,6.0,"[5.0, 6.0, 5.335, 5.5, 6.0, 7.0, 6.0]",8.0,5,1624.9
fleeting_expertise,Fleeting Expertise,"['mod', 'warframe', 'rare']",,0,45,0.0,0,5,6.6,0,232,7.0,7.0,7.0,"[8.0, 7.0, 7.0, 7.0, 7.0, 7.0, 7.0]",9.0,6,1622.5
neo_b1_relic,Neo B1 Relic,"['relic', 'neo']",,8,0,80.0,36,0,0.0,0,1,20.0,20.0,15,"[20.0, 15.0, 15.0, 15.0, 10.0, 20.0, 20.0]",20,3,1620.0
meso_e1_relic,Meso E1 Relic,"['relic', 'meso']",,8,0,80.0,60,0,0.0,0,1,20.0,20.0,50.0,"[20.0, 102.0, 105.0, 33.5, 55.0, 8.0, 20.0]",105.0,8.0,1620.0
quassus_prime_blade,Quassus Prime Blade,"['component', 'weapon', 'prime']",100,4,20,0.2,7,8,8.8,1,158,8.5,8.0,9.0,"[9.0, 8.0, 8.0, 8.0, 8.0, 8.0, 8.0]",10.0,7.0,1617.6
hikou_prime_set,Hikou Prime Set,"['weapon', 'prime', 'set', 'secondary']",75,2,41,0.05,25,40,40.0,15,39,39.5,40.0,40,"[40.0, 40.0, 38.0, 40.0, 40.0, 40.0, 40.0]",60,35.0,1616.2
tempo_royale,Tempo Royale,"['mod', 'rare', 'stance', 'heavy_blade']",,1,6,0.17,11,25,37.0,14,57,24.3,25.0,20.0,"[27.5, 25.0, 33.5, 30.0, 30.0, 25.0, 25.0]",35.0,14.0,1615.2
pyrana_prime_blueprint,Pyrana Prime Blueprint,"['weapon', 'prime', 'secondary', 'blueprint']",100,6,15,0.4,32,34,37.6,2,34,33.9,35.0,37.0,"[36.5, 39.0, 35.0, 35.0, 35.0, 35.0, 35.0]",42.0,30,1613.5
corvas_prime_barrel,Corvas Prime Barrel,"['component', 'weapon', 'prime']",100,4,9,0.44,16,28,31.2,12,56,19.9,20.0,22,"[24.0, 21.5, 22.5, 20.0, 22.0, 20.0, 20.0]",25,19.0,1606.2
prisma_shade,Prisma Shade,['sentinel'],,2,6,0.33,33,75,90.2,42,18,66.8,79.0,55.8,"[59.0, 55.0, 57.5, 65.0, 50.0, 70.0, 79.0]",130.0,30,1602.7
cobra_and_crane_prime_set,Cobra & Crane Prime Set,"['prime', 'weapon', 'melee', 'set']",205,3,33,0.09,20,20,26.8,0,56,26.2,25.0,28.5,"[25.0, 25.0, 27.0, 30.0, 28.0, 28.0, 25.0]",30,25,1601.5
latron_wraith_set,Latron Wraith Set,"['primary', 'weapon', 'set']",,3,12,0.25,45,80,90.2,35,17,75.0,70.0,70.0,"[75.0, 75.0, 75.0, 74.0, 80.0, 75.0, 70.0]",80,50.0,1593.8
necrophagic_vigor,Necrophagic Vigor,"['mod', 'rare', 'primary', 'hema']",,4,6,0.67,60,90,132.6,30,12,79.7,75.5,79.2,"[75.0, 80.0, 79.5, 80.0, 89.5, 88.0, 75.5]",99.0,50.0,1593.3
tenora_prime_receiver,Tenora Prime Receiver,"['component', 'weapon', 'prime']",100,4,11,0.36,20,30,32.0,10,44,26.5,29.0,27.0,"[26.5, 28.0, 28.0, 29.0, 29.5, 28.0, 29.0]",30,24.0,1588.0
hespar_set,Hespar Set,"['melee', 'weapon', 'set']",,1,3,0.33,85,150,223.3,65,8,148.4,148.5,147.8,"[145.0, 148.5, 147.0, 148.5, 146.0, 150.0, 148.5]",167.5,110.0,1582.7
fragor_prime_set,Fragor Prime Set,"['weapon', 'prime', 'set', 'melee']",145,4,31,0.13,35,38,40.2,3,36,38.9,39.0,35.0,"[40.0, 39.0, 38.0, 38.0, 38.0, 39.0, 39.0]",40,30.0,1579.5
vastilok,Vastilok,"['melee', 'weapon']",,6,28,0.21,35,53,57.6,18,26,49.8,50.0,59.8,"[50.0, 55.0, 45.0, 50.0, 54.0, 54.5, 50.0]",67.0,40.0,1572.5
momentous_bond,Momentous Bond,"['mod', 'rare', 'sentinel', 'companion']",,0,17,0.0,0,14,15.0,0,106,14.8,15.0,15.0,"[17.0, 15.0, 15.0, 15.0, 15.0, 15.0, 15.0]",17,15.0,1571.5
mesas_waltz,Mesa's Waltz,"['mod', 'warframe', 'mesa', 'augment', 'rare']",,0,17,0.0,0,9,9.0,0,176,8.9,9.0,9.0,"[9.0, 9.0, 9.0, 9.0, 9.0, 9.0, 9.0]",10,8,1560.0
duplex_bond,Duplex Bond,"['mod', 'rare', 'sentinel', 'companion']",,0,17,0.0,0,12,13.8,0,114,13.7,14.0,14.0,"[14.0, 14.0, 14.0, 13.5, 14.0, 14.0, 14.0]",17,13.5,1558.0
contagious_bond,Contagious Bond,"['mod', 'rare', 'sentinel', 'companion']",,0,25,0.0,0,13,13.8,0,115,13.4,13.0,14.0,"[14.0, 14.0, 14.0, 14.0, 14.0, 13.0, 13.0]",15,13.0,1538.0
melee_exposure,Melee Exposure,"['rare', 'arcane_enhancement']",,2,22,0.09,5,4,4.6,-1,300,4.7,5.0,5,"[5.0, 5.0, 5.0, 4.0, 5.0, 5.0, 5.0]",5.0,4,1530.3
secura_dual_cestra,Secura Dual Cestra,"['syndicate', 'weapon', 'secondary']",,5,14,0.36,18,24,32.4,6,40,28.2,25.0,30.0,"[29.0, 30.0, 26.5, 30.0, 30.0, 30.0, 25.0]",37.0,20.0,1528.8
epitaph_prime_receiver,Epitaph Prime Receiver,"['component', 'prime', 'weapon']",100,3,12,0.25,7,8,12.0,1,125,9.7,10.0,8.0,"[9.0, 10.0, 10.0, 10.0, 10.0, 10.0, 10.0]",10.0,7.0,1521.9
arcane_chlora_helmet,Arcane Chlora Helmet,"['arcane_helmet', 'skin']",,3,2,1.5,200,500,749.5,300,2,300.0,300.0,250.0,"[300.0, 312.5, 349.0, 299.0, 290.0, 400.0, 300.0]",400.0,80,1500.0
synoid_simulor,Synoid Simulor,"['syndicate', 'primary', 'weapon']",,4,9,0.44,18,28,38.2,10,34,30.5,30.0,30,"[30.0, 25.0, 30.0, 35.0, 25.0, 30.0, 30.0]",35.0,20.0,1497.9
cedo_prime_blueprint,Cedo Prime Blueprint,"['primary', 'weapon', 'prime', 'blueprint']",100,2,18,0.11,7,8,9.0,1,143,9.4,10.0,8.0,"[10.0, 9.5, 9.0, 10.0, 9.0, 10.0, 10.0]",10.0,7,1497.2
hydroid_prime_neuroptics_blueprint,Hydroid Prime Neuroptics Blueprint,"['warframe', 'component', 'blueprint', 'prime']",45,2,13,0.15,8,13,14.2,5,91,14.2,15.0,15,"[14.0, 15.0, 15.0, 15.0, 14.0, 15.0, 15.0]",19.0,14,1496.0
magnetic_strike,Magnetic Strike,"['mod', 'common', 'melee', 'claws']",,2,1,2.0,10,15,15.0,5,34,14.6,15.0,14.0,"[15.0, 13.5, 15.0, 15.0, 15.0, 15.0, 15.0]",20.0,11.5,1494.0
saryn_prime_blueprint,Saryn Prime Blueprint,"['blueprint', 'prime', 'warframe']",65,2,14,0.14,15,19,19.8,4,74,17.5,18.0,15,"[19.0, 18.0, 18.0, 18.0, 16.0, 19.0, 18.0]",19.0,13,1481.1
preparation,Preparation,"['mod', 'rare', 'warframe']",,2,14,0.14,10,14,14.6,4,105,12.3,12.0,13.0,"[13.0, 13.0, 13.0, 12.0, 11.0, 12.0, 12.0]",15,11.0,1480.0
nikana_prime_hilt,Nikana Prime Hilt,"['component', 'weapon', 'prime']",100,7,18,0.39,30,38,39.4,8,27,39.4,40.0,40.0,"[39.0, 40.0, 39.5, 40.0, 40.0, 40.0, 40.0]",44.0,34.0,1475.7
pandero_prime_receiver,Pandero Prime Receiver,"['component', 'weapon', 'prime']",100,6,12,0.5,20,24,27.0,4,42,23.4,23.5,25.0,"[24.0, 25.0, 24.5, 24.0, 25.0, 23.0, 23.5]",30,22,1474.5
primed_combustion_rounds,Primed Combustion Rounds,"['primary', 'mod', 'archwing', 'legendary', 'archgun']",,4,20,0.2,35,48,51.2,13,26,47.2,49.5,40.0,"[47.0, 44.5, 47.0, 45.0, 48.0, 48.0, 49.5]",50.0,30,1471.8
meso_f1_relic,Meso F1 Relic,"['relic', 'meso']",,2,0,20.0,6,0,0.0,0,7,10.0,10.0,7.8,"[9.0, 5.0, 7.5, 12.0, 10.0, 8.0, 10.0]",12.0,5,1470.0
astral_twilight,Astral Twilight,"['mod', 'rare', 'stance', 'glaives']",,2,27,0.07,6,9,9.2,3,154,8.8,9.0,9.0,"[9.0, 9.0, 9.0, 9.0, 9.0, 9.0, 9.0]",10.0,8,1462.4
trumna_prime_receiver,Trumna Prime Receiver,"['component', 'weapon', 'prime']",100,4,15,0.27,7,8,9.6,1,126,9.2,9.0,9.0,"[10.0, 10.0, 10.0, 9.0, 9.0, 9.0, 9.0]",10.0,8,1462.4
karak_wraith_set,Karak Wraith Set,"['primary', 'weapon', 'set']",,1,11,0.09,41,60,75.4,19,19,70.5,70.0,66.5,"[64.5, 70.0, 75.0, 74.0, 70.0, 75.0, 70.0]",80.0,50.0,1461.8
volt_prime_chassis_blueprint,Volt Prime Chassis Blueprint,"['component', 'prime', 'warframe', 'blueprint']",45,1,25,0.04,1,9,9.8,8,149,9.4,10.0,10.0,"[10.0, 10.0, 10.0, 10.0, 10.0, 10.0, 10.0]",15,9.0,1460.7
hildryn_prime_neuroptics_blueprint,Hildryn Prime Neuroptics Blueprint,"['component', 'prime', 'warframe', 'blueprint']",45,1,23,0.04,2,7,8.4,5,169,8.2,8.0,7.0,"[8.0, 9.0, 8.0, 9.0, 8.0, 8.0, 8.0]",9.0,6,1454.1
hydroid_prime_blueprint,Hydroid Prime Blueprint,"['warframe', 'blueprint', 'prime']",45,2,10,0.2,10,15,17.8,5,80,15.1,15.0,15.0,"[15.0, 16.0, 17.0, 15.0, 15.0, 14.0, 15.0]",20.0,14,1452.6
cernos_prime_lower_limb,Cernos Prime Lower Limb,"['component', 'weapon', 'prime']",100,2,7,0.29,15,26,37.4,11,50,22.6,22.5,20.0,"[22.0, 22.0, 20.5, 23.0, 25.0, 24.0, 22.5]",25.0,18.0,1449.6
aeolak_receiver_blueprint,Aeolak Receiver Blueprint,"['weapon', 'blueprint', 'component']",,2,4,0.5,15,28,44.2,13,43,22.4,25.0,25.0,"[20.0, 21.0, 20.0, 20.0, 24.0, 24.0, 25.0]",32,20.0,1446.8
synoid_gammacor,Synoid Gammacor,"['syndicate', 'weapon', 'secondary']",,3,9,0.33,18,30,45.6,12,40,27.1,25.0,30.0,"[30.0, 28.0, 30.0, 25.0, 28.0, 30.0, 25.0]",35.0,18,1446.7
neo_n9_relic,Neo N9 Relic,"['relic', 'neo']",,6,2,3.0,6,10,12.5,4,36,10.0,10.0,8.0,"[10.0, 10.0, 7.0, 5.0, 10.0, 7.5, 10.0]",42,5.0,1440.0
gunsen_prime_blade,Gunsen Prime Blade,"['prime', 'component', 'weapon']",100,2,8,0.25,15,17,20.2,2,77,14.9,15.0,14.0,"[13.0, 15.0, 15.0, 15.0, 15.0, 15.0, 15.0]",18.0,12,1438.1
nova_prime_systems_blueprint,Nova Prime Systems Blueprint,"['component', 'prime', 'warframe', 'blueprint']",15,9,16,0.56,10,10,11.6,0,90,10.2,10.0,10.0,"[10.0, 10.0, 10.0, 10.0, 10.0, 12.0, 10.0]",13.0,9.0,1434.4
archon_flow,Archon Flow,"['mod', 'archon', 'warframe']",,1,15,0.07,20,20,23.0,0,65,20.7,20.0,20.0,"[20.0, 20.0, 20.0, 20.0, 20.0, 20.0, 20.0]",25.0,19.0,1433.1
eternal_war,Eternal War,"['mod', 'warframe', 'valkyr', 'augment', 'rare']",,0,11,0.0,0,10,10.4,0,136,10.5,10.0,10.0,"[10.0, 10.0, 10.0, 10.0, 10.0, 10.0, 10.0]",12.0,9.0,1429.0
bo_prime_ornament,Bo Prime Ornament,"['component', 'weapon', 'prime']",15,6,20,0.3,20,24,24.8,4,44,24.8,24.0,23.5,"[24.0, 24.5, 25.0, 21.0, 25.0, 25.0, 24.0]",28,18,1418.3
burning_hate,Burning Hate,"['mod', 'rare', 'melee', 'hate']",,2,21,0.1,15,24,25.8,9,56,23.1,24.0,20.0,"[23.0, 24.0, 22.0, 23.0, 22.0, 25.0, 24.0]",99,10,1418.3
valkyr_prime_neuroptics_blueprint,Valkyr Prime Neuroptics Blueprint,"['warframe', 'component', 'blueprint', 'prime']",45,2,14,0.14,6,8,11.2,2,125,9.9,10.0,10,"[10.0, 9.0, 10.0, 10.0, 10.0, 10.0, 10.0]",10.0,9.0,1410.9
wyrm_prime_systems,Wyrm Prime Systems,"['component', 'weapon', 'prime']",45,4,10,0.4,27,35,37.4,8,29,34.6,35.0,34.0,"[35.0, 34.0, 35.0, 35.0, 35.0, 35.0, 35.0]",35,29,1406.3
lato_vandal_set,Lato Vandal Set,"['weapon', 'secondary', 'set']",,0,33,0.0,0,13,16.4,0,88,15.9,15.0,20.0,"[15.0, 18.0, 18.0, 15.0, 18.0, 15.0, 15.0]",44.0,15.0,1402.5
longbow_sharpshot,Longbow Sharpshot,"['legendary', 'arcane_enhancement']",,3,10,0.3,7,9,10.2,2,128,8.4,8.0,10.0,"[9.0, 7.0, 8.0, 8.0, 9.0, 8.0, 8.0]",12.0,7.0,1393.6
meso_i1_relic,Meso I1 Relic,"['relic', 'meso']",,7,1,7.0,20,7,7.0,-13,34,5.1,6.0,6.0,"[4.0, 5.0, 5.5, 6.0, 5.0, 5.0, 6.0]",8,3,1392.0
vectis_prime_stock,Vectis Prime Stock,"['component', 'weapon', 'prime']",65,4,13,0.31,17,24,26.4,7,42,25.3,25.0,22.0,"[25.0, 26.0, 24.5, 25.0, 29.0, 26.5, 25.0]",29.0,16.5,1390.7
akvasto_prime_link,Akvasto Prime Link,"['component', 'weapon', 'prime']",45,0,11,0.0,0,13,17.6,0,91,15.3,13.0,15.0,"[18.0, 19.0, 20.0, 20.0, 20.0, 16.0, 13.0]",24.5,10,1389.5
pangolin_prime_blueprint,Pangolin Prime Blueprint,"['weapon', 'prime', 'melee', 'blueprint']",100,4,12,0.33,7,13,14.2,6,80,13.0,14.0,14.0,"[14.0, 14.0, 13.0, 11.0, 13.0, 13.0, 14.0]",17,11.0,1383.3
arcane_steadfast,Arcane Steadfast,"['rare', 'arcane_enhancement']",,1,17,0.06,12,8,10.0,-4,134,9.7,10.0,10.0,"[11.5, 10.0, 11.0, 10.0, 10.0, 10.0, 10.0]",14.0,8.0,1382.8
vauban_prime_blueprint,Vauban Prime Blueprint,"['blueprint', 'prime', 'warframe']",65,6,18,0.33,11,15,16.6,4,72,14.2,15.0,14.0,"[14.5, 14.0, 15.0, 15.0, 13.0, 15.0, 15.0]",15,11.5,1366.7
primed_point_blank,Primed Point Blank,"['mod', 'legendary', 'primary', 'shotgun']",,1,37,0.03,20,29,32.6,9,43,30.7,30.0,45,"[28.0, 29.0, 30.0, 29.0, 30.0, 30.0, 30.0]",50,19.0,1357.2
karyst_prime_blade,Karyst Prime Blade,"['component', 'weapon', 'prime']",100,3,9,0.33,10,25,28.4,15,48,21.0,20.0,20.0,"[20.0, 20.0, 20.0, 20.0, 20.0, 22.0, 20.0]",25,18,1344.7
arcane_storm_helmet,Arcane Storm Helmet,"['arcane_helmet', 'skin']",,3,3,1.0,100,400,599.7,300,2,335.0,270.0,330.5,"[400.0, 175.0, 339.0, 500.0, 320.0, 400.0, 270.0]",800.0,100.5,1340.0
daikyu_prime_grip,Daikyu Prime Grip,"['component', 'weapon', 'prime']",100,2,18,0.11,7,5,9.0,-2,144,8.4,8.0,9.0,"[9.0, 8.0, 8.0, 9.0, 8.0, 8.0, 8.0]",10.0,7.0,1338.9
panthera_prime_barrel,Panthera Prime Barrel,"['component', 'weapon', 'prime']",100,5,10,0.5,12,24,27.4,12,39,22.8,24.0,20.0,"[22.5, 23.0, 23.0, 25.0, 23.5, 23.5, 24.0]",25.0,17.0,1335.0
shotgun_riven_mod_(veiled),Shotgun Riven Mod (Veiled),"['mod', 'riven_mod', 'common', 'veiled_riven']",,14,20,0.7,6,6,7.2,0,134,5.8,6.0,5.0,"[6.0, 5.0, 5.0, 5.0, 6.0, 6.0, 6.0]",7,4,1315.0
rolling_guard,Rolling Guard,"['mod', 'warframe', 'rare']",,1,11,0.09,8,10,10.4,2,120,10.0,9.0,10.0,"[10.0, 10.0, 10.0, 10.0, 10.0, 10.0, 9.0]",12,9.0,1312.9
hollowed_bullets,Hollowed Bullets,"['rare', 'primary', 'mod', 'archwing', 'archgun']",,1,14,0.07,5,14,14.8,9,110,11.0,10.0,10,"[10.0, 10.0, 12.0, 10.0, 10.0, 10.0, 10.0]",12.0,9,1300.7
neo_n16_relic,Neo N16 Relic,"['relic', 'neo']",,5,5,1.0,24,7,8.8,-17,99,6.6,6.0,6.0,"[8.0, 7.0, 4.0, 6.0, 7.0, 6.5, 6.0]",10,4,1300.0
akstiletto_prime_receiver,Akstiletto Prime Receiver,"['component', 'weapon', 'prime']",45,3,6,0.5,13,18,24.6,5,49,17.6,18.0,15.5,"[18.0, 18.0, 18.0, 15.0, 17.0, 18.5, 18.0]",20.0,13,1296.8
alternox_prime_stock,Alternox Prime Stock,"['weapon', 'prime', 'component']",100,1,8,0.12,6,9,11.4,3,125,9.2,9.0,9,"[10.0, 10.0, 9.0, 9.0, 10.0, 9.0, 9.0]",10.0,8,1293.8
power_drift,Power Drift,"['mod', 'rare', 'warframe']",,0,38,0.0,0,5,5.4,0,226,5.7,5.0,7,"[5.0, 5.0, 5.0, 5.0, 5.0, 5.0, 5.0]",8,5.0,1293.0
rakta_cernos,Rakta Cernos,"['syndicate', 'primary', 'weapon']",,3,11,0.27,10,34,42.6,24,37,27.2,25.0,28.0,"[30.0, 27.0, 25.0, 30.0, 29.0, 30.0, 25.0]",31.0,22,1281.6
corrupt_charge,Corrupt Charge,"['mod', 'melee', 'rare']",,2,22,0.09,5,5,7.2,0,170,6.9,8.0,5.0,"[5.0, 6.0, 7.0, 6.0, 7.0, 8.0, 8.0]",9.0,5,1280.2
assassin_posture,Assassin Posture,"['mod', 'common', 'stance', 'claws']",,1,4,0.25,10,13,15.2,3,79,12.9,13.0,12.0,"[13.0, 13.5, 14.0, 12.0, 13.0, 12.0, 13.0]",15.0,10,1276.9
pistol_pestilence,Pistol Pestilence,"['mod', 'rare', 'pistol', 'secondary']",,0,27,0.0,0,8,9.2,0,168,7.6,8.0,8.0,"[8.0, 8.0, 7.0, 7.0, 8.0, 8.0, 8.0]",9.0,7.0,1275.5
wolf_sledge_set,Wolf Sledge Set,"['melee', 'weapon', 'set']",,0,22,0.0,0,40,47.8,0,29,43.9,40.0,43.5,"[45.0, 45.0, 47.5, 45.0, 43.5, 48.5, 40.0]",50.0,32.5,1273.0
grendel_prime_blueprint,Grendel Prime Blueprint,"['prime', 'warframe', 'blueprint']",100,3,18,0.17,5,10,12.0,5,98,11.1,10.0,13,"[12.0, 14.0, 13.0, 11.0, 12.0, 11.0, 10.0]",15,10.0,1271.7
octavia_prime_chassis_blueprint,Octavia Prime Chassis Blueprint,"['blueprint', 'warframe', 'prime', 'component']",45,1,18,0.06,5,10,10.8,5,118,10.2,10.0,12.0,"[10.0, 10.0, 10.0, 10.0, 10.0, 10.0, 10.0]",14.0,9.0,1265.1
axi_s7_relic,Axi S7 Relic,"['relic', 'axi']",,5,1,5.0,12,15,15.0,3,30,7.0,7.0,6.5,"[5.0, 10.0, 7.0, 9.0, 7.0, 8.33, 7.0]",10.0,4,1260.0
axi_h6_relic,Axi H6 Relic,"['axi', 'relic']",,2,0,20.0,12,0,0.0,0,12,5.0,5.0,7.0,"[11.0, 10.0, 6.0, 5.75, 7.0, 5.0, 5.0]",15,3.5,1260.0
loki_prime_systems_blueprint,Loki Prime Systems Blueprint,"['component', 'prime', 'warframe', 'blueprint']",100,5,16,0.31,25,30,30.0,5,33,29.0,28.0,29.0,"[30.0, 30.0, 30.0, 28.0, 29.0, 29.0, 28.0]",30.0,25.5,1257.4
primed_ammo_stock,Primed Ammo Stock,"['mod', 'legendary', 'primary', 'shotgun']",,8,13,0.62,50,68,70.8,18,13,59.8,60.0,60,"[55.0, 45.0, 50.0, 59.0, 60.0, 64.5, 60.0]",78.0,40.0,1255.2
kompressa_prime_barrel,Kompressa Prime Barrel,"['component', 'weapon', 'prime']",100,3,22,0.14,6,7,9.0,1,131,8.4,8.0,9.0,"[8.0, 9.0, 8.0, 8.0, 8.0, 7.0, 8.0]",10.0,7.0,1250.6
galvanized_steel,Galvanized Steel,"['mod', 'rare', 'melee']",,2,23,0.09,6,8,8.8,2,129,8.9,9.0,9.0,"[9.0, 9.0, 9.0, 9.0, 9.0, 9.0, 9.0]",10,9.0,1246.2
primed_pack_leader,Primed Pack Leader,"['mod', 'legendary', 'sentinel', 'companion']",,3,13,0.23,25,49,56.8,24,23,43.8,46.0,40.0,"[44.5, 45.0, 40.0, 49.0, 45.0, 40.0, 46.0]",78,25,1240.0
galatine_prime_blueprint,Galatine Prime Blueprint,"['weapon', 'prime', 'melee', 'blueprint']",100,3,8,0.38,29,37,44.8,8,25,36.0,37.0,37.0,"[35.0, 35.0, 34.0, 35.0, 40.0, 38.5, 37.0]",43.0,29,1238.9
natural_talent,Natural Talent,"['mod', 'warframe', 'rare']",,2,22,0.09,8,9,9.8,1,125,9.1,9.0,9.0,"[10.0, 10.0, 10.0, 10.0, 10.0, 10.0, 9.0]",10.0,9,1238.7
sancti_castanas,Sancti Castanas,"['syndicate', 'weapon', 'secondary']",,3,9,0.33,18,32,42.0,14,31,29.8,30.0,30.0,"[29.0, 30.0, 25.0, 33.5, 30.0, 26.0, 30.0]",34.5,20.0,1230.7
khora_prime_chassis_blueprint,Khora Prime Chassis Blueprint,"['prime', 'component', 'warframe', 'blueprint']",45,3,15,0.2,5,8,9.6,3,143,7.2,7.0,7.0,"[7.0, 7.0, 8.0, 7.0, 7.0, 7.0, 7.0]",8,6.0,1230.6
neo_n5_relic,Neo N5 Relic,"['relic', 'neo']",,4,0,40.0,36,0,0.0,0,3,10.0,10.0,22.5,"[15, 138, 22.5, 34.0, 12.5, 15.0, 10.0]",138,10.0,1230.0
lith_r4_relic,Lith R4 Relic,"['lith', 'relic']",,4,0,40.0,24,0,0.0,0,6,5.0,5.0,5.0,"[5.0, 8.0, 5.0, 4.0, 5.0, 7.0, 5.0]",8,1,1230.0
nidus_prime_blueprint,Nidus Prime Blueprint,"['blueprint', 'warframe', 'prime']",45,3,21,0.14,5,6,8.6,1,120,9.0,9.0,8.0,"[9.0, 8.0, 9.0, 9.0, 8.0, 9.0, 9.0]",10.0,7.0,1228.0
furax_wraith_set,Furax Wraith Set,"['weapon', 'melee', 'set']",,2,13,0.15,5,10,17.4,5,62,17.0,16.5,15,"[18.5, 18.0, 19.5, 18.0, 19.0, 20.0, 16.5]",20.0,10.0,1218.5
galvanized_chamber,Galvanized Chamber,"['mod', 'rare', 'primary', 'rifle']",,1,33,0.03,5,8,8.8,3,139,8.5,9.0,9,"[8.0, 8.0, 8.0, 9.0, 9.0, 8.0, 9.0]",9.0,8.0,1215.8
vasca_kavat_imprint,Vasca Kavat Imprint,"['kubrow', 'pet', 'imprint']",,1,13,0.08,10,18,19.4,8,64,17.6,18.0,18.0,"[18.0, 18.0, 17.0, 18.0, 16.0, 18.0, 18.0]",20,15.0,1211.5
hystrix_prime_set,Hystrix Prime Set,"['secondary', 'prime', 'weapon', 'set']",160,3,27,0.11,20,25,30.8,5,37,29.4,30.0,30,"[29.5, 30.0, 30.0, 30.0, 30.0, 30.0, 30.0]",34.0,28,1208.9
buzz_kill,Buzz Kill,"['mod', 'melee', 'rare']",,1,9,0.11,10,14,14.6,4,81,13.4,14.0,13.5,"[12.5, 12.0, 12.5, 14.0, 14.0, 14.0, 14.0]",15.0,10,1207.8
stropha_set,Stropha Set,"['weapon', 'melee', 'set']",,3,6,0.5,15,25,42.0,10,31,25.8,28.0,25,"[25.0, 25.0, 28.0, 25.0, 25.0, 24.0, 28.0]",30.0,20.0,1201.5
primed_counterbalance,Primed Counterbalance,"['mod', 'legendary', 'primary', 'shotgun']",,5,16,0.31,55,58,59.6,3,16,57.2,59.0,93.0,"[54.0, 55.0, 60.0, 56.0, 55.0, 55.0, 59.0]",125.0,36.0,1200.9
critical_focus,Critical Focus,"['rare', 'primary', 'mod', 'archwing', 'archgun']",,2,21,0.1,10,13,16.4,3,70,15.6,15.0,15.0,"[18.0, 15.0, 15.0, 15.0, 15.0, 15.0, 15.0]",18.0,14.0,1196.5
paris_prime_set,Paris Prime Set,"['weapon', 'prime', 'set', 'primary']",115,5,31,0.16,7,8,9.2,1,111,9.3,9.0,9.5,"[9.5, 8.0, 9.0, 9.0, 7.0, 9.0, 9.0]",10.0,7.0,1194.4
velox_prime_set,Velox Prime Set,"['weapon', 'secondary', 'prime', 'set']",160,8,30,0.27,12,12,15.2,0,64,14.7,15.0,15,"[15.0, 14.0, 15.0, 15.0, 15.0, 15.0, 15.0]",15.0,10,1190.7
axi_e1_relic,Axi E1 Relic,"['relic', 'axi']",,9,1,9.0,42,20,20.0,-22,11,10.8,9.2,10,"[12.0, 11.0, 8.0, 9.0, 12.5, 11.0, 9.17]",13,2.0,1190.0
soma_prime_stock,Soma Prime Stock,"['component', 'weapon', 'prime']",100,2,13,0.15,10,20,23.8,10,45,22.9,23.0,20.0,"[22.0, 24.0, 25.0, 24.0, 23.5, 24.0, 23.0]",25,16,1189.0
oberon_prime_blueprint,Oberon Prime Blueprint,"['warframe', 'blueprint', 'prime']",45,2,10,0.2,8,6,11.0,-2,114,8.7,9.0,9,"[8.0, 8.0, 8.0, 8.0, 8.0, 8.0, 9.0]",10.0,8,1188.0
sancti_tigris,Sancti Tigris,"['syndicate', 'primary', 'weapon']",,4,12,0.33,18,34,34.8,16,31,28.6,25.0,30.0,"[30.0, 31.0, 30.0, 30.0, 34.0, 30.0, 25.0]",35.0,20.0,1184.0
tatsu_prime_handle,Tatsu Prime Handle,"['component', 'weapon', 'prime']",100,2,15,0.13,12,15,19.0,3,48,21.8,20.0,24,"[20.0, 20.0, 20.0, 24.0, 22.0, 20.5, 20.0]",28.0,19.0,1183.8
vicious_frost,Vicious Frost,"['mod', 'melee', 'rare']",,0,20,0.0,0,10,11.6,0,117,10.1,10.0,10.0,"[10.0, 10.0, 10.0, 10.0, 10.0, 10.0, 10.0]",13.0,10,1183.5
telos_boltace,Telos Boltace,"['syndicate', 'weapon', 'melee']",,4,9,0.44,18,30,37.0,12,28,29.2,30.0,30,"[30.0, 30.0, 26.5, 29.5, 30.0, 30.0, 30.0]",34.0,16.0,1182.3
semi_rifle_cannonade,Semi-Rifle Cannonade,"['mod', 'uncommon', 'primary', 'rifle']",,1,10,0.1,5,9,9.8,4,128,8.4,9.0,5.0,"[9.0, 9.0, 8.0, 8.0, 9.0, 8.0, 9.0]",9.0,4,1179.8
arcane_aegis,Arcane Aegis,"['arcane_enhancement', 'rare']",,1,24,0.04,1,7,7.0,6,176,6.4,7.0,6.0,"[7.0, 7.0, 7.0, 7.0, 7.0, 7.0, 7.0]",7.0,5,1179.2
vulkar_wraith,Vulkar Wraith,"['primary', 'weapon']",,6,11,0.55,51,85,90.0,34,11,69.1,75.0,57.5,"[60.0, 70.0, 65.0, 63.0, 71.0, 70.0, 75.0]",99.5,35.0,1174.5
meso_d3_relic,Meso D3 Relic,"['relic', 'meso']",,2,1,2.0,25,10,10.0,-15,55,7.1,6.0,9.0,"[5.0, 4.5, 11.0, 7.0, 9.0, 9.165, 6.0]",20.0,4.5,1170.1
prosperous_retriever,Prosperous Retriever,"['mod', 'rare', 'sentinel', 'beast']",,1,20,0.05,2,6,6.6,4,188,5.9,6.0,5.0,"[6.0, 7.0, 7.0, 6.0, 6.0, 6.0, 6.0]",8,5,1165.0
kavats_grace,Kavat's Grace,"['mod', 'rare', 'warframe']",,7,16,0.44,22,29,29.0,7,28,28.8,29.0,25.0,"[30.0, 30.0, 30.0, 29.0, 29.0, 29.0, 29.0]",30.0,20.0,1160.8
vadarya_prime_set,Vadarya Prime Set,"['weapon', 'primary', 'prime', 'set']",205,10,44,0.23,15,14,15.2,-1,59,15.8,15.0,16.0,"[15.0, 15.0, 15.0, 15.0, 14.0, 15.0, 15.0]",20.0,14,1143.2
burston_prime_set,Burston Prime Set,"['weapon', 'prime', 'set', 'primary']",90,4,72,0.06,7,7,8.0,0,125,8.7,8.0,9.0,"[9.0, 9.0, 8.0, 8.0, 8.0, 8.0, 8.0]",15,7.0,1142.6
athodai_prime_receiver,Athodai Prime Receiver,"['prime', 'weapon', 'component']",45,1,10,0.1,6,12,13.6,6,82,12.6,10.0,15.0,"[14.0, 14.0, 14.0, 12.0, 11.0, 12.0, 10.0]",45.0,10.0,1135.2
meso_n7_relic,Meso N7 Relic,"['relic', 'meso']",,2,0,20.0,18,0,0.0,0,18,3.0,3.0,5.0,"[5.0, 6.0, 3.0, 3.0, 3.0, 9.0, 3.0]",18,3.0,1134.0
lith_v6_relic,Lith V6 Relic,"['relic', 'lith']",,8,1,8.0,36,20,20.0,-16,18,7.0,7.0,8.0,"[5.0, 8.0, 10.0, 9.0, 7.0, 8.0, 7.0]",15,5.0,1134.0
masseter_prime_set,Masseter Prime Set,"['prime', 'melee', 'weapon', 'set']",160,2,30,0.07,12,19,19.8,7,61,17.3,16.5,15.0,"[18.0, 19.0, 17.5, 19.0, 17.0, 17.5, 16.5]",20.0,13.5,1125.3
ancient_fusion_core,Ancient Fusion Core,"['fusion core', 'legendary']",,5,3,1.67,401,599,766.3,198,1,420.0,420.0,422.5,"[380.0, 380.0, 1999.0, 1999.0, 400.0, 1000.0, 420.0]",1999.0,200,1120.0
hypothermic_shell,Hypothermic Shell,"['rare', 'primary', 'mod', 'archwing', 'archgun']",,0,16,0.0,0,13,14.2,0,81,13.8,14.0,13.0,"[14.0, 14.0, 13.0, 14.0, 14.0, 14.0, 14.0]",14.0,10.0,1117.0
accumulating_whipclaw,Accumulating Whipclaw,"['mod', 'khora', 'warframe', 'augment', 'rare']",,1,12,0.08,5,10,10.2,5,110,9.2,10.0,9.0,"[10.0, 10.0, 9.0, 9.0, 9.0, 9.0, 10.0]",10,8.0,1100.1
harrow_prime_chassis_blueprint,Harrow Prime Chassis Blueprint,"['warframe', 'component', 'blueprint', 'prime']",15,1,9,0.11,1,7,12.0,6,108,9.1,10.0,9.5,"[9.0, 9.0, 9.0, 10.0, 9.5, 10.0, 10.0]",14,8.0,1095.0
axi_a6_relic,Axi A6 Relic,"['relic', 'axi']",,9,0,90.0,42,0,0.0,0,2,6.0,45.0,6.0,"[3, 5, 1.0, 6.0, 10.0, 6.0, 45.0]",45.0,1.0,1092.0
bladed_rounds,Bladed Rounds,"['rifle', 'mod', 'uncommon', 'primary']",,2,10,0.2,11,15,16.2,4,75,12.1,12.0,13.0,"[13.0, 12.0, 13.0, 14.0, 13.0, 13.0, 12.0]",15.0,10.0,1091.4
primed_magazine_warp,Primed Magazine Warp,"['mod', 'legendary', 'primary', 'rifle']",,2,8,0.25,40,55,67.4,15,16,54.5,55.0,50.0,"[50.0, 50.0, 50.0, 50.0, 50.0, 58.0, 55.0]",60.0,40.0,1090.0
bronco_prime_set,Bronco Prime Set,"['weapon', 'prime', 'set', 'secondary']",75,2,30,0.07,4,8,9.2,4,131,7.8,8.0,8,"[8.0, 9.0, 9.0, 6.0, 7.0, 9.0, 8.0]",10.0,5,1088.5
saryn_prime_neuroptics_blueprint,Saryn Prime Neuroptics Blueprint,"['component', 'prime', 'warframe', 'blueprint']",45,1,13,0.08,6,10,13.0,4,96,10.5,10.0,10,"[10.0, 10.0, 9.0, 10.0, 10.0, 10.0, 10.0]",12,9.0,1085.5
dark_propagation,Dark Propagation,"['mod', 'warframe', 'sevagoth', 'augment', 'rare']",,0,12,0.0,0,10,12.4,0,94,11.5,11.0,12,"[11.0, 12.0, 12.0, 12.0, 11.0, 12.0, 11.0]",13.0,10.0,1085.0
meso_o3_relic,Meso O3 Relic,"['relic', 'meso']",,10,2,5.0,54,15,17.5,-39,12,15.0,15.0,10.0,"[11.0, 19.0, 10.665, 8.0, 9.0, 15.0, 15.0]",19.0,7,1080.0
rauta_set,Rauta Set,"['weapon', 'primary', 'set']",,2,7,0.29,30,50,58.6,20,16,52.4,52.5,50,"[50.0, 60.0, 45.0, 55.0, 59.0, 50.0, 52.5]",65.0,27,1078.7
guandao_prime_handle,Guandao Prime Handle,"['component', 'weapon', 'prime']",100,3,11,0.27,12,24,25.4,12,42,20.1,20.0,22.0,"[20.0, 20.0, 20.0, 22.0, 24.0, 22.0, 20.0]",25.0,18.0,1076.7
ash_prime_chassis_blueprint,Ash Prime Chassis Blueprint,"['component', 'prime', 'warframe', 'blueprint']",15,3,14,0.21,10,10,11.6,0,80,11.1,10.0,10.0,"[10.0, 10.0, 10.0, 10.0, 10.0, 10.0, 10.0]",15.0,10.0,1073.4
niras_anguish,Nira's Anguish,"['mod', 'common', 'warframe']",,0,13,0.0,0,7,8.6,0,145,7.4,9.0,8.0,"[7.0, 7.0, 8.0, 8.0, 8.0, 8.0, 9.0]",9,5.5,1068.5
okina_prime_blueprint,Okina Prime Blueprint,"['weapon', 'melee', 'prime', 'blueprint']",100,3,19,0.16,8,15,16.6,7,67,13.7,14.0,14,"[13.5, 14.0, 14.0, 14.0, 15.0, 14.0, 14.0]",25.0,10.0,1066.4
seismic_wave,Seismic Wave,"['mod', 'melee', 'uncommon']",,2,23,0.09,6,7,7.8,1,121,8.1,8.0,7.0,"[7.0, 8.0, 8.0, 8.0, 8.0, 9.0, 8.0]",9.0,6.0,1065.2
shock_trooper,Shock Trooper,"['mod', 'warframe', 'augment', 'rare', 'volt']",,1,13,0.08,2,10,10.0,8,107,9.2,10.0,10,"[10.0, 10.0, 10.0, 10.0, 9.0, 10.0, 10.0]",10,9.0,1065.1
arcane_universal_fallout,Arcane Universal Fallout,"['legendary', 'arcane_enhancement']",,1,27,0.04,2,5,5.0,3,201,5.1,5.0,5.0,"[5.0, 5.0, 5.0, 5.0, 5.0, 5.0, 5.0]",7.5,4.915,1060.6
sure_footed,Sure Footed,"['mod', 'warframe', 'rare']",,0,22,0.0,0,7,8.6,0,126,8.4,8.0,8.0,"[9.0, 9.0, 8.0, 8.0, 9.0, 9.0, 8.0]",9.0,7,1056.5
galvanized_diffusion,Galvanized Diffusion,"['mod', 'rare', 'secondary', 'pistol']",,1,19,0.05,6,9,9.4,3,111,9.0,9.0,10,"[9.0, 9.0, 9.0, 9.0, 9.0, 9.0, 9.0]",10,9,1054.7
tiberon_prime_stock,Tiberon Prime Stock,"['component', 'weapon', 'prime']",100,5,8,0.62,20,25,37.0,5,27,24.0,24.5,26.5,"[25.0, 23.0, 25.0, 25.0, 25.0, 23.5, 24.5]",33.5,20.0,1054.6
pilfering_strangledome,Pilfering Strangledome,"['mod', 'khora', 'warframe', 'augment', 'rare']",,1,19,0.05,8,8,8.6,0,120,8.3,8.0,9,"[9.0, 9.0, 9.0, 8.0, 9.0, 8.0, 8.0]",9.0,7.0,1051.6
alternox_prime_blueprint,Alternox Prime Blueprint,"['primary', 'prime', 'weapon', 'blueprint']",100,2,17,0.12,7,5,7.2,-2,120,7.8,7.0,9.0,"[8.0, 7.0, 7.0, 7.0, 6.0, 7.0, 7.0]",10.0,6.0,1048.4
akarius_prime_blueprint,Akarius Prime Blueprint,"['prime', 'secondary', 'weapon', 'blueprint']",100,1,23,0.04,6,10,10.2,4,92,10.9,12.0,12.0,"[11.0, 10.0, 11.0, 10.0, 10.0, 12.0, 12.0]",15,10.0,1044.0
vadarya_prime_receiver,Vadarya Prime Receiver,"['component', 'weapon', 'prime']",45,5,19,0.26,2,2,2.8,0,278,3.0,3.0,3.0,"[3.0, 2.0, 2.0, 2.0, 2.0, 2.0, 3.0]",4.0,2,1044.0
lohk_canticle,Lohk Canticle,"['mod', 'rare', 'secondary', 'tome']",,1,2,0.5,10,40,40.0,30,20,34.5,30.0,35.0,"[35.0, 34.5, 30.0, 34.0, 35.0, 32.5, 30.0]",43.5,27.5,1036.5
venato_prime_blade,Venato Prime Blade,"['component', 'weapon', 'prime']",100,3,14,0.21,7,7,9.0,0,96,8.9,8.0,10.0,"[10.0, 9.0, 8.0, 9.0, 9.0, 9.0, 8.0]",12.0,8.0,1036.4
ready_steel,Ready Steel,"['mod', 'uncommon', 'aura']",,2,18,0.11,6,9,9.4,3,129,7.2,8.0,7.0,"[7.0, 8.0, 8.0, 8.0, 8.0, 7.0, 8.0]",10,5,1035.6
neo_s2_relic,Neo S2 Relic,"['relic', 'neo']",,8,1,8.0,24,25,25.0,1,7,16.4,20.0,20.0,"[20, 18.0, 15.0, 20.0, 7.0, 20.0, 20.0]",20,7.0,1035.0
hystrix_prime_receiver,Hystrix Prime Receiver,"['prime', 'weapon', 'component']",100,3,17,0.18,10,18,19.0,8,51,17.2,18.0,18,"[18.0, 20.0, 19.0, 16.0, 19.0, 18.0, 18.0]",20,14.0,1034.7
hunter_synergy,Hunter Synergy,"['mod', 'uncommon', 'melee', 'claws']",,0,4,0.0,0,9,10.8,0,113,9.2,9.0,9.0,"[9.0, 9.0, 9.0, 9.0, 9.0, 9.0, 9.0]",10.0,7.5,1034.5
neutron_star,Neutron Star,"['mod', 'warframe', 'nova', 'augment', 'rare']",,0,16,0.0,0,10,11.8,0,97,10.6,10.0,10.0,"[10.0, 10.0, 10.0, 10.0, 10.0, 10.0, 10.0]",11.0,10,1032.0
mirage_prime_chassis_blueprint,Mirage Prime Chassis Blueprint,"['warframe', 'component', 'blueprint', 'prime']",15,1,10,0.1,7,13,14.6,6,88,10.6,12.0,10.0,"[10.0, 10.0, 10.0, 10.0, 11.5, 10.5, 12.0]",12,9.0,1030.7
octavia_prime_systems_blueprint,Octavia Prime Systems Blueprint,"['blueprint', 'warframe', 'prime', 'component']",15,2,14,0.14,5,7,9.0,2,106,8.5,9.0,9,"[10.0, 9.0, 9.0, 9.0, 8.0, 9.0, 9.0]",10.0,8,1029.7
rakta_ballistica,Rakta Ballistica,"['syndicate', 'weapon', 'secondary']",,3,12,0.25,10,29,35.8,19,32,25.7,25.0,25.0,"[25.0, 25.0, 25.0, 25.0, 25.0, 25.0, 25.0]",35.0,20.0,1028.8
cobra_and_crane_prime_guard,Cobra & Crane Prime Guard,"['prime', 'component', 'weapon']",100,3,8,0.38,8,15,21.6,7,61,12.3,12.0,14.0,"[13.5, 12.0, 13.0, 12.0, 13.0, 12.0, 12.0]",16.0,12,1028.5
intrepid_stand,Intrepid Stand,"['mod', 'warframe', 'styanax', 'augment', 'rare']",,0,4,0.0,0,15,17.5,0,94,10.9,11.5,12.5,"[12.0, 12.0, 12.0, 12.0, 12.0, 12.0, 11.5]",15,10,1024.0
dakra_prime_set,Dakra Prime Set,"['weapon', 'prime', 'set', 'melee']",125,1,29,0.03,25,30,32.8,5,33,29.9,33.0,30,"[30.0, 30.0, 30.0, 30.0, 30.0, 30.0, 33.0]",33.0,28.5,1022.1
lith_n15_relic,Lith N15 Relic,"['relic', 'lith']",,5,0,50.0,12,0,0.0,0,6,3.3,3.0,5,"[3, 4, 5, 6, 5, 5.0, 3.0]",6,3,1019.0
latron_prime_barrel,Latron Prime Barrel,"['component', 'weapon', 'prime']",15,6,6,1.0,12,19,35.8,7,30,16.9,18.0,15.0,"[19.0, 19.5, 19.5, 18.0, 19.0, 17.5, 18.0]",20.0,13.5,1015.0
oberon_prime_systems_blueprint,Oberon Prime Systems Blueprint,"['warframe', 'component', 'blueprint', 'prime']",65,2,15,0.13,10,20,20.0,10,60,14.9,15.0,15.0,"[15.0, 15.0, 15.0, 15.0, 15.0, 15.0, 15.0]",20.0,14.0,1012.6
nova_prime_blueprint,Nova Prime Blueprint,"['blueprint', 'prime', 'warframe']",45,5,20,0.25,11,11,13.2,0,75,10.8,11.0,10,"[10.0, 12.0, 12.0, 12.0, 12.0, 10.0, 11.0]",12.0,9,1012.5
adarza_kavat_imprint,Adarza Kavat Imprint,"['kubrow', 'pet', 'imprint']",,0,10,0.0,0,12,17.0,0,104,9.7,10.0,10.0,"[10.0, 10.0, 10.0, 10.0, 10.0, 10.0, 10.0]",10,8.0,1010.5
lith_t7_relic,Lith T7 Relic,"['relic', 'lith']",,10,0,100.0,36,0,0.0,0,2,5.0,5.0,4.8,"[4.0, 4.0, 5.0, 3.33, 7.0, 4.0, 5.0]",10,3.33,1010.0
parasitic_vitality,Parasitic Vitality,"['nidus', 'mod', 'warframe', 'augment', 'rare']",,0,7,0.0,0,12,15.4,0,81,12.5,14.0,14.0,"[13.0, 13.0, 12.0, 11.5, 13.0, 13.0, 14.0]",20.0,11.0,1009.5
neo_l4_relic,Neo L4 Relic,"['neo', 'relic']",,2,0,20.0,6,0,0.0,0,12,4.0,4.0,5,"[4.0, 4.0, 4.0, 4.0, 6.0, 6.0, 4.0]",6,4,1008.0
arcane_avenger,Arcane Avenger,"['arcane_enhancement', 'rare']",,3,19,0.16,3,4,4.8,1,195,4.5,4.0,4.0,"[5.0, 5.0, 4.0, 4.5, 4.5, 4.5, 4.0]",5,3.0,1006.8
precision_conditioning,Precision Conditioning,"['mod', 'uncommon', 'melee', 'claws']",,0,8,0.0,0,9,10.0,0,111,9.0,9.0,9.0,"[10.0, 9.0, 9.0, 9.0, 8.0, 9.0, 9.0]",10.0,8.0,1003.5
zakti_prime_blueprint,Zakti Prime Blueprint,"['weapon', 'prime', 'secondary', 'blueprint']",100,3,13,0.23,11,19,22.6,8,41,19.9,19.5,20.0,"[20.0, 22.5, 20.0, 20.0, 20.0, 20.0, 19.5]",25.0,18,1003.1
khora_prime_systems_blueprint,Khora Prime Systems Blueprint,"['prime', 'component', 'warframe', 'blueprint']",15,4,18,0.22,6,6,7.4,0,119,6.9,7.0,7,"[6.0, 7.0, 7.0, 7.0, 7.0, 7.0, 7.0]",8.0,5.0,1001.6
vaykor_hek,Vaykor Hek,"['syndicate', 'primary', 'weapon']",,1,14,0.07,18,24,31.0,6,34,27.4,28.0,25.0,"[24.5, 27.0, 24.0, 30.0, 25.0, 30.0, 28.0]",30.0,17.5,998.6
chroma_prime_blueprint,Chroma Prime Blueprint,"['blueprint', 'prime', 'warframe']",15,3,14,0.21,8,8,9.4,0,93,8.8,9.0,9.0,"[9.0, 10.0, 10.0, 9.0, 9.0, 8.5, 9.0]",10,8.0,997.5
masseter_prime_blade,Masseter Prime Blade,"['weapon', 'prime', 'component']",100,5,12,0.42,7,9,13.6,2,57,12.4,13.0,12.0,"[13.0, 14.0, 14.0, 14.0, 12.0, 12.0, 13.0]",15.0,10.0,997.3
opticor_vandal,Opticor Vandal,"['primary', 'weapon']",,3,7,0.43,35,80,102.8,45,10,69.7,62.5,69.2,"[70.0, 75.0, 70.0, 70.0, 60.0, 70.0, 62.5]",90.0,45,995.7
caliban_prime_blueprint,Caliban Prime Blueprint,"['warframe', 'prime', 'blueprint']",45,4,45,0.09,2,2,2.4,0,307,3.0,2.0,3,"[2.0, 2.0, 2.0, 2.0, 2.0, 3.0, 2.0]",3,2,995.2
despoil,Despoil,"['mod', 'warframe', 'nekros', 'augment', 'rare']",,0,20,0.0,0,10,10.0,0,112,8.9,9.0,9,"[9.0, 9.0, 9.0, 9.0, 9.0, 9.0, 9.0]",10.0,8,992.0
stahlta_set,Stahlta Set,"['primary', 'weapon', 'set']",,0,5,0.0,0,20,62.8,0,37,26.8,27.5,27.5,"[26.0, 27.0, 25.0, 29.0, 25.0, 25.0, 27.5]",30.0,23.0,991.0
vaykor_sydon,Vaykor Sydon,"['syndicate', 'weapon', 'melee']",,2,7,0.29,10,30,67.8,20,27,28.4,29.5,29,"[30.0, 30.0, 27.0, 30.0, 30.0, 29.5, 29.5]",35.0,20,984.9
axi_a11_relic,Axi A11 Relic,"['relic', 'axi']",,7,1,7.0,42,8,8.0,-34,11,11.2,8.0,10.0,"[10.0, 10.0, 9.0, 10.0, 10.0, 15.0, 8.0]",20.0,1.0,984.0
zephyr_prime_blueprint,Zephyr Prime Blueprint,"['warframe', 'blueprint', 'prime']",65,2,21,0.1,10,15,16.6,5,60,14.9,15.0,15.0,"[14.0, 15.0, 15.0, 15.0, 15.0, 15.0, 15.0]",19.0,14.0,980.2
trinity_prime_chassis_blueprint,Trinity Prime Chassis Blueprint,"['component', 'prime', 'warframe', 'blueprint']",45,2,11,0.18,6,9,11.6,3,92,9.0,10.0,9.0,"[9.0, 9.0, 9.0, 10.0, 9.0, 10.0, 10.0]",10,7,979.1
meso_z2_relic,Meso Z2 Relic,"['relic', 'meso']",,6,0,60.0,24,0,0.0,0,2,8.0,8.0,7.0,"[10, 7, 7, 5.0, 7.0, 8.0, 8.0]",10,4,976.0
rubico_prime_blueprint,Rubico Prime Blueprint,"['weapon', 'prime', 'primary', 'blueprint']",100,4,10,0.4,14,25,31.0,11,37,18.8,19.0,20.0,"[19.0, 20.0, 19.0, 20.0, 20.0, 20.0, 19.0]",25.0,17.0,972.3
seismic_bond,Seismic Bond,"['mod', 'rare', 'sentinel', 'companion']",,0,20,0.0,0,13,13.8,0,68,14.3,14.0,15.0,"[15.0, 15.0, 14.0, 15.0, 15.0, 14.0, 14.0]",18,14,971.5
meso_o5_relic,Meso O5 Relic,"['meso', 'relic']",,8,2,4.0,24,10,8.0,-14,29,6.7,8.0,8.0,"[9.0, 9.0, 5.0, 6.0, 8.0, 8.0, 8.0]",20,5,970.0
zhuge_prime_barrel,Zhuge Prime Barrel,"['component', 'weapon', 'prime']",100,5,15,0.33,10,13,13.4,3,56,12.9,13.0,15.0,"[14.0, 15.0, 13.0, 13.0, 13.0, 12.0, 13.0]",24.5,12.0,965.3
athodai_receiver,Athodai Receiver,"['component', 'weapon']",,2,3,0.67,15,40,43.3,25,26,22.2,25.0,20,"[28.0, 27.5, 25.0, 25.0, 25.0, 24.0, 25.0]",30.0,14.5,960.8
anemic_agility,Anemic Agility,"['mod', 'rare', 'pistol', 'secondary']",,0,22,0.0,0,4,5.4,0,178,5.4,5.0,5.0,"[5.0, 5.0, 5.0, 5.0, 5.0, 5.0, 5.0]",5,4.0,959.5
sprint_boost,Sprint Boost,"['mod', 'aura', 'uncommon']",,1,11,0.09,9,14,19.4,5,55,16.0,15.0,22,"[30.0, 17.0, 17.0, 15.0, 15.0, 17.0, 15.0]",30.0,11.0,957.8
wisp_prime_systems_blueprint,Wisp Prime Systems Blueprint,"['prime', 'component', 'warframe', 'blueprint']",15,4,24,0.17,5,5,5.8,0,156,5.2,5.0,5.0,"[5.0, 5.0, 5.0, 5.0, 5.0, 5.0, 5.0]",6,5,954.9
scindo_prime_set,Scindo Prime Set,"['weapon', 'prime', 'set', 'melee']",170,1,49,0.02,10,20,24.0,10,39,24.0,25.0,24.0,"[24.5, 20.0, 24.0, 25.0, 24.0, 24.5, 25.0]",38,20.0,954.6
akarius_prime_barrel,Akarius Prime Barrel,"['prime', 'weapon', 'component']",15,0,15,0.0,0,4,5.8,0,166,5.7,5.0,7.0,"[6.0, 6.0, 6.0, 6.0, 6.0, 6.0, 5.0]",9.0,5.0,953.0
prisma_grinlok,Prisma Grinlok,"['primary', 'weapon']",,3,19,0.16,50,75,78.0,25,13,63.3,66.0,53.0,"[51.0, 50.0, 50.0, 80.0, 40.0, 65.5, 66.0]",82.5,35,952.9
athodai_barrel,Athodai Barrel,"['component', 'weapon']",,0,8,0.0,0,25,33.8,0,46,20.5,20.0,18.0,"[20.0, 21.5, 20.0, 20.0, 20.0, 19.0, 20.0]",21.5,15.0,943.5
aerial_bond,Aerial Bond,"['mod', 'rare', 'sentinel', 'companion']",,1,11,0.09,10,15,16.4,5,52,16.6,17.0,17.0,"[17.0, 17.0, 18.0, 17.5, 17.0, 18.0, 17.0]",19,15.0,940.9
oberon_prime_chassis_blueprint,Oberon Prime Chassis Blueprint,"['warframe', 'component', 'blueprint', 'prime']",15,2,5,0.4,8,15,23.0,7,66,10.2,10.0,10,"[10.0, 10.0, 10.0, 10.0, 10.0, 10.0, 10.0]",12,8.0,938.7
primed_regen,Primed Regen,"['sentinel', 'mod', 'legendary']",,4,21,0.19,40,50,50.0,10,17,46.4,45.0,45,"[49.0, 49.5, 48.0, 48.0, 49.5, 45.0, 45.0]",114,25.5,938.1
aksomati_prime_barrel,Aksomati Prime Barrel,"['component', 'weapon', 'prime']",45,3,4,0.75,8,25,10.0,17,56,9.6,9.0,10.0,"[10.0, 10.0, 10.0, 9.0, 10.0, 9.0, 9.0]",14,9.0,938.0
niras_hatred,Nira's Hatred,"['mod', 'uncommon', 'warframe']",,1,21,0.05,4,5,5.8,1,151,5.9,6.0,5.0,"[5.0, 5.0, 5.0, 5.0, 5.0, 5.0, 6.0]",7.0,5,936.6
equinox_prime_blueprint,Equinox Prime Blueprint,"['blueprint', 'prime', 'warframe']",45,1,22,0.05,10,9,9.8,-1,97,9.2,9.0,14.0,"[9.0, 9.0, 9.0, 10.0, 9.0, 10.0, 9.0]",20.0,9.0,934.1
snipetron_vandal_set,Snipetron Vandal Set,"['weapon', 'primary', 'set']",,1,11,0.09,20,45,51.8,25,18,47.5,50.0,50,"[44.0, 47.0, 50.0, 50.0, 50.0, 40.0, 50.0]",60.0,37.5,932.7
neo_b5_relic,Neo B5 Relic,"['relic', 'neo']",,6,2,3.0,24,15,6.0,-9,42,5.5,5.0,6.0,"[8.33, 6.0, 5.0, 5.0, 7.5, 7.415, 5.0]",8.33,2.0,931.9
glaxion_vandal,Glaxion Vandal,"['primary', 'weapon']",,7,10,0.7,50,70,86.8,20,9,60.9,55.0,66.5,"[62.0, 70.0, 70.0, 71.0, 69.0, 68.0, 55.0]",75.0,40.0,931.6
summoner’s_wrath,Summoner's Wrath,"['mod', 'uncommon', 'aura']",,0,20,0.0,0,4,4.8,0,193,4.8,5.0,5.0,"[5.0, 5.0, 5.0, 5.0, 5.0, 5.0, 5.0]",5,4.0,931.5
prisma_machete,Prisma Machete,"['melee', 'weapon']",,1,15,0.07,25,60,68.4,35,14,62.4,65.0,60.0,"[68.0, 65.0, 65.0, 58.5, 64.5, 62.5, 65.0]",70.0,35,931.2
burning_claws,Burning Claws,"['mod', 'rare', 'melee', 'claws']",,1,10,0.1,6,9,9.8,3,93,9.1,9.0,9.0,"[10.0, 9.0, 9.0, 10.0, 9.0, 9.0, 9.0]",10,8,930.6
coaction_drift,Coaction Drift,"['mod', 'rare', 'warframe']",,0,10,0.0,0,10,13.8,0,90,10.3,10.0,10,"[10.0, 10.0, 12.0, 12.0, 12.0, 10.0, 10.0]",12.0,9.0,930.0
lith_l1_relic,Lith L1 Relic,"['relic', 'lith']",,3,0,30.0,20,0,0.0,0,5,6.0,6.0,7.2,"[9.0, 7.0, 5.0, 5.0, 5.0, 4.5, 6.0]",15,4.5,930.0
total_eclipse,Total Eclipse,"['mod', 'warframe', 'mirage', 'augment', 'rare']",,2,6,0.33,8,10,13.8,2,63,11.0,10.0,10,"[10.0, 10.0, 10.0, 10.0, 10.0, 10.0, 10.0]",10,9.5,926.7
scourge_prime_blueprint,Scourge Prime Blueprint,"['primary', 'weapon', 'prime', 'blueprint']",100,0,11,0.0,0,18,18.6,0,58,15.9,15.0,16.0,"[20.0, 15.0, 16.0, 15.0, 15.5, 17.5, 15.0]",20.0,13.0,922.0
meso_o2_relic,Meso O2 Relic,"['relic', 'meso']",,3,2,1.5,24,6,7.0,-18,50,7.3,6.0,6.0,"[7.0, 6.0, 8.0, 5.5, 6.0, 7.0, 6.0]",11,4,918.8
lua_madurai_lens,Lua Madurai Lens,"['focus', 'lens']",,2,7,0.29,20,50,53.0,30,16,44.6,40.0,40.0,"[45.0, 42.5, 40.0, 40.0, 45.0, 44.5, 40.0]",50,35.0,916.7
flame_gland,Flame Gland,"['mod', 'rare', 'melee', 'claws']",,3,10,0.3,15,24,25.0,9,29,24.3,24.0,24.5,"[25.0, 25.0, 25.0, 25.0, 25.0, 24.0, 24.0]",26.0,20.0,916.5
telos_akbolto,Telos Akbolto,"['syndicate', 'weapon', 'secondary']",,1,8,0.12,10,19,47.2,9,31,26.1,29.0,28.0,"[25.0, 25.0, 25.0, 25.0, 25.0, 30.0, 29.0]",30,20,911.2
astilla_prime_receiver,Astilla Prime Receiver,"['component', 'weapon', 'prime']",15,1,8,0.12,4,8,9.2,4,103,7.9,7.0,7.0,"[8.0, 8.0, 8.0, 8.0, 8.0, 8.0, 7.0]",9.0,5.0,911.2
afentis_prime_barrel,Afentis Prime Barrel,"['prime', 'weapon', 'component']",45,0,25,0.0,0,5,5.2,0,163,5.6,5.0,7.0,"[6.0, 6.0, 6.0, 6.0, 5.0, 5.0, 5.0]",35.0,5.0,906.0
prova_vandal,Prova Vandal,"['weapon', 'melee']",,1,15,0.07,10,70,76.0,60,15,56.6,55.0,50.2,"[52.5, 70.0, 55.0, 50.0, 50.0, 65.0, 55.0]",70.0,34.0,905.6
ballistica_prime_upper_limb,Ballistica Prime Upper Limb,"['component', 'weapon', 'prime']",45,1,17,0.06,5,12,14.0,7,72,11.8,12.0,10,"[11.0, 13.5, 10.0, 10.0, 11.0, 12.0, 12.0]",25.0,7.0,903.2
kestrel_prime_grip,Kestrel Prime Grip,"['weapon', 'prime', 'component']",100,1,8,0.12,6,9,9.8,3,86,9.3,9.0,10,"[10.0, 9.0, 9.0, 9.0, 9.0, 9.0, 9.0]",10,8.0,900.6
latron_prime_stock,Latron Prime Stock,"['component', 'weapon', 'prime']",15,3,5,0.6,10,30,38.0,20,31,18.1,18.0,15.0,"[20.0, 19.0, 19.5, 20.0, 19.0, 20.0, 18.0]",20.0,14.0,896.8
meso_e5_relic,Meso E5 Relic,"['relic', 'meso']",,6,1,6.0,24,10,10.0,-14,16,8.0,8.0,6.0,"[5.0, 6.0, 5.0, 5.0, 6.0, 5.0, 8.0]",10,4.5,896.0
lavos_prime_neuroptics_blueprint,Lavos Prime Neuroptics Blueprint,"['component', 'warframe', 'prime', 'blueprint']",45,2,14,0.14,2,5,7.2,3,160,4.9,5.0,5,"[5.0, 5.0, 5.0, 5.0, 5.0, 5.0, 5.0]",5.0,4.0,896.0
velox_prime_barrel,Velox Prime Barrel,"['weapon', 'component', 'prime']",100,6,9,0.67,7,14,16.4,7,55,9.8,10.0,10,"[10.0, 10.0, 10.0, 10.0, 10.0, 10.0, 10.0]",10,8.5,894.2
ayatan_amber_star,Ayatan Amber Star,['ayatan_star'],,3,4,0.75,5,1,2.0,-4,262,1.9,1.8,2.0,"[2.0, 1.5, 1.335, 2.25, 1.5, 2.0, 1.835]",2.25,1,892.6
botanist,Botanist,"['mod', 'oxylus', 'rare', 'sentinel']",,2,4,0.5,25,52,61.8,27,12,49.5,50.0,50.0,"[49.5, 53.5, 52.5, 50.0, 52.5, 48.0, 50.0]",55.0,46.0,891.0
ankyros_prime_gauntlet,Ankyros Prime Gauntlet,"['component', 'weapon', 'prime']",15,4,8,0.5,6,11,16.2,5,49,12.1,14.0,10.0,"[10.0, 10.0, 12.0, 10.0, 13.0, 11.0, 14.0]",19,8.0,890.2
spira_prime_blade,Spira Prime Blade,"['component', 'weapon', 'prime']",65,5,9,0.56,15,15,21.6,0,35,16.3,16.5,14.0,"[15.0, 15.0, 19.0, 15.0, 20.0, 16.0, 16.5]",20.0,10,886.7
nautilus_prime_carapace,Nautilus Prime Carapace,"['component', 'prime', 'weapon']",15,2,22,0.09,5,6,6.2,1,147,5.5,5.0,5.0,"[5.0, 5.0, 5.0, 5.0, 5.0, 5.0, 5.0]",8.0,4.0,884.7
okina_prime_blade,Okina Prime Blade,"['weapon', 'component', 'prime']",15,1,13,0.08,2,6,7.4,4,141,5.8,6.0,6,"[5.0, 6.0, 5.0, 6.0, 7.0, 5.0, 6.0]",10.0,4,883.1
contamination_casing,Contamination Casing,"['rare', 'primary', 'mod', 'archwing', 'archgun']",,1,19,0.05,8,13,13.8,5,62,13.5,14.0,14.0,"[14.0, 14.0, 13.0, 13.0, 14.0, 14.0, 14.0]",14,10.0,881.6
primed_smite_grineer,Primed Smite Grineer,"['mod', 'legendary', 'melee']",,3,14,0.21,30,45,50.0,15,16,45.3,46.5,43.0,"[43.0, 42.0, 49.0, 47.0, 45.0, 45.0, 46.5]",52.0,26.5,880.4
ambush_optics,Ambush Optics,"['rubico', 'primary', 'pvp', 'rare', 'mod']",,1,0,10.0,5,0,0.0,0,5,16.0,16.0,11.8,"[23.5, 7.0, 10.0, 20.0, 9.0, 15.0, 16.0]",23.5,5,880.0
pangolin_prime_handle,Pangolin Prime Handle,"['component', 'weapon', 'prime']",15,5,9,0.56,7,8,9.0,1,78,7.2,8.0,7.0,"[8.0, 8.0, 7.0, 8.0, 7.0, 8.0, 8.0]",9,5.0,875.0
venom_dose,Venom Dose,"['mod', 'warframe', 'saryn', 'augment', 'rare']",,0,13,0.0,0,10,10.0,0,97,9.0,9.0,9.0,"[10.0, 10.0, 9.0, 9.0, 9.0, 9.0, 9.0]",10.0,9,873.5
khra_canticle,Khra Canticle,"['mod', 'rare', 'secondary', 'tome']",,1,10,0.1,10,33,34.8,23,23,34.5,34.0,37.0,"[35.0, 36.0, 30.0, 33.0, 38.0, 35.0, 34.0]",45.0,30.0,872.9
galvanized_reflex,Galvanized Reflex,"['mod', 'rare', 'primary', 'shotgun']",,4,19,0.21,6,9,9.4,3,77,9.3,9.0,10.0,"[9.0, 9.0, 9.0, 10.0, 9.0, 10.0, 9.0]",10.0,9,868.6
axi_g7_relic,Axi G7 Relic,"['relic', 'axi']",,3,0,30.0,36,0,0.0,0,2,14.0,14.0,11.5,"[8.5, 16, 14.0, 9.0, 9.0, 14.0]",16,8.5,868.0
frenzied_posture,Frenzied Posture,"['mod', 'common', 'stance', 'claws']",,0,0,0.0,0,0,0.0,0,58,15.0,15.0,14.0,"[14.0, 13.0, 14.5, 14.0, 14.0, 14.0, 15.0]",20.0,12.0,868.0
revenant_prime_neuroptics_blueprint,Revenant Prime Neuroptics Blueprint,"['component', 'warframe', 'prime', 'blueprint']",45,1,18,0.06,4,8,8.6,4,122,6.7,7.0,7.0,"[7.0, 7.0, 7.0, 7.0, 7.0, 7.0, 7.0]",9.0,6.5,866.6
chesa_kubrow_imprint,Chesa Kubrow Imprint,"['kubrow', 'pet', 'imprint']",,1,20,0.05,120,9,9.4,-111,80,10.3,10.0,10.0,"[10.0, 10.0, 10.0, 10.0, 9.0, 10.0, 10.0]",10.0,8,866.2
lith_g9_relic,Lith G9 Relic,"['lith', 'relic']",,4,0,40.0,18,0,0.0,0,7,3.0,3.0,4.5,"[3.0, 3.0, 2.5, 5.0, 3.0, 3.0, 3.0]",6.0,2.0,861.0
boltor_prime_blueprint,Boltor Prime Blueprint,"['weapon', 'prime', 'primary', 'blueprint']",100,0,14,0.0,0,25,25.0,0,49,17.5,20.0,15,"[15.0, 18.0, 20.0, 16.5, 20.0, 20.0, 20.0]",25,10.0,859.5
nekros_prime_chassis_blueprint,Nekros Prime Chassis Blueprint,"['component', 'prime', 'warframe', 'blueprint']",15,3,12,0.25,8,10,10.8,2,81,8.5,8.0,9.0,"[10.0, 9.0, 9.0, 10.0, 8.5, 8.0, 8.0]",10,8.0,859.4
ivara_prime_systems_blueprint,Ivara Prime Systems Blueprint,"['component', 'prime', 'warframe', 'blueprint']",45,2,12,0.17,6,8,11.0,2,83,8.9,9.0,9.0,"[10.0, 10.0, 10.0, 10.0, 10.0, 9.0, 9.0]",10,8,859.2
neo_v7_relic,Neo V7 Relic,"['relic', 'neo']",,4,2,2.0,6,10,10.0,4,38,7.5,10.0,7,"[7.0, 7.0, 5.0, 5.0, 5.0, 5.0, 10.0]",10,5,855.0
arcane_bellicose,Arcane Bellicose,"['rare', 'arcane_enhancement']",,0,30,0.0,0,2,2.0,0,392,2.2,2.0,2.0,"[2.0, 2.0, 2.0, 2.0, 2.0, 2.0, 2.0]",3.0,2.0,852.8
harrow_prime_neuroptics_blueprint,Harrow Prime Neuroptics Blueprint,"['warframe', 'component', 'blueprint', 'prime']",45,1,14,0.07,1,7,8.4,6,93,8.6,8.0,8,"[8.0, 8.0, 8.0, 8.0, 8.0, 8.0, 8.0]",9.0,7.0,852.3
clip_delegation,Clip Delegation,"['mod', 'rare', 'primary', 'sobek']",,2,27,0.07,8,12,13.8,4,59,13.4,13.5,15,"[30.0, 19.0, 15.0, 15.0, 15.0, 15.0, 13.5]",30.0,10,850.7
lith_b4_relic,Lith B4 Relic,"['relic', 'lith']",,5,2,2.5,30,10,15.0,-20,43,5.7,7.0,5.0,"[6.0, 5.0, 5.0, 5.835, 6.0, 9.0, 7.0]",30,2,850.5
oull,Oull,"['mod', 'rare', 'parazon']",,1,3,0.33,10,28,28.7,18,27,23.6,25.0,24.0,"[23.0, 24.0, 24.5, 24.0, 25.0, 24.5, 25.0]",29.5,20,850.0
prey_of_dynar,Prey Of Dynar,"['mod', 'warframe', 'voruna', 'augment', 'rare']",,0,7,0.0,0,10,12.4,0,83,10.2,10.0,10,"[10.0, 10.0, 10.0, 10.0, 10.0, 10.0, 10.0]",10,9,849.0
afentis_prime_handle,Afentis Prime Handle,"['prime', 'weapon', 'component']",15,1,11,0.09,3,5,5.8,2,126,6.2,6.0,7.0,"[7.0, 7.0, 7.0, 6.0, 5.0, 5.0, 6.0]",10.5,5.0,846.5
centaur_set,Centaur Set,"['weapon', 'set', 'melee', 'archwing']",,1,2,0.5,30,60,130.0,30,12,46.9,42.0,50.0,"[55.0, 52.5, 50.0, 30.0, 55.0, 48.0, 42.0]",65,30.0,844.5
okina_prime_handle,Okina Prime Handle,"['weapon', 'component', 'prime']",45,1,16,0.06,1,4,5.4,3,161,4.9,5.0,5.0,"[5.0, 5.0, 5.0, 5.0, 5.0, 5.0, 5.0]",10.0,4.5,844.2
molecular_fission,Molecular Fission,"['nova', 'mod', 'warframe', 'prime', 'augment', 'rare']",,0,12,0.0,0,10,12.2,0,78,10.8,10.0,10,"[10.0, 10.0, 10.0, 10.0, 10.0, 10.0, 10.0]",10.5,10.0,844.0
frigid_blast,Frigid Blast,"['shotgun', 'mod', 'rare', 'primary']",,0,18,0.0,0,7,9.0,0,100,8.4,9.0,8.0,"[9.0, 9.5, 9.0, 8.0, 8.0, 8.0, 9.0]",10.0,7.0,844.0
chroma_prime_chassis_blueprint,Chroma Prime Chassis Blueprint,"['component', 'prime', 'warframe', 'blueprint']",25,0,17,0.0,0,5,8.4,0,95,8.9,9.0,9,"[9.0, 10.0, 9.0, 9.0, 9.0, 9.0, 9.0]",10.0,7.0,843.5
shock_collar,Shock Collar,"['mod', 'rare', 'melee', 'claws']",,0,13,0.0,0,19,19.6,0,44,19.2,19.0,20.0,"[20.0, 20.0, 20.0, 19.5, 20.0, 19.0, 19.0]",22.0,18.0,843.0
neo_c1_relic,Neo C1 Relic,"['relic', 'neo']",,4,1,4.0,18,7,7.0,-11,24,7.0,7.0,5,"[4.17, 4.585, 4.17, 4.585, 3.0, 5.0, 7.0]",8,2,840.0
prisma_lenz,Prisma Lenz,"['weapon', 'primary']",,6,15,0.4,50,69,72.6,19,9,66.7,62.5,59.0,"[57.5, 60.0, 65.0, 69.5, 64.5, 67.0, 62.5]",120,40,840.0
silva_and_aegis_prime_guard,Silva & Aegis Prime Guard,"['component', 'weapon', 'prime']",100,1,8,0.12,10,20,30.2,10,41,18.1,19.0,19.0,"[18.0, 18.0, 19.0, 20.0, 20.0, 18.0, 19.0]",25.0,15,835.3
tipedo_prime_handle,Tipedo Prime Handle,"['component', 'weapon', 'prime']",100,7,13,0.54,16,17,24.2,1,28,19.3,18.5,30,"[19.0, 19.0, 20.0, 20.0, 20.0, 20.0, 18.5]",42.5,18.0,832.3
dual_decurion_set,Dual Decurion Set,"['weapon', 'set', 'primary', 'archwing']",,1,3,0.33,32,40,63.3,8,16,39.0,40.0,40,"[35.0, 37.0, 39.0, 40.0, 40.0, 40.0, 40.0]",50,34.0,832.0
lith_c4_relic,Lith C4 Relic,"['relic', 'lith']",,4,4,1.0,20,4,6.0,-16,115,3.6,4.0,4.2,"[3.0, 3.835, 4.165, 4.0, 3.0, 5.0, 4.0]",6.5,2.5,826.2
shadow_haze,Shadow Haze,"['mod', 'warframe', 'sevagoth', 'augment', 'rare']",,0,11,0.0,0,10,13.0,0,74,11.2,11.0,12.0,"[11.0, 12.0, 12.0, 12.0, 10.0, 11.0, 11.0]",14.0,10,826.0
neo_s20_relic,Neo S20 Relic,"['relic', 'neo']",,6,1,6.0,17,4,4.0,-13,55,2.1,3.0,2.0,"[2.5, 2.5, 2.0, 2.0, 2.0, 1.0, 3.0]",4.0,1,826.0
ash_prime_neuroptics_blueprint,Ash Prime Neuroptics Blueprint,"['component', 'prime', 'warframe', 'blueprint']",45,1,12,0.08,4,10,10.8,6,79,9.6,10.0,10,"[10.0, 10.0, 10.0, 10.0, 10.0, 9.0, 10.0]",12.0,9.0,823.9
meso_s9_relic,Meso S9 Relic,"['relic', 'meso']",,4,0,40.0,18,0,0.0,0,2,10.0,10.0,9.0,"[8, 8, 10.0, 10.0, 5.0, 10.0]",10.0,5.0,820.0
mesmer_shield,Mesmer Shield,"['mod', 'warframe', 'revenant', 'augment', 'rare']",,1,13,0.08,5,9,10.0,4,73,10.4,10.0,10.0,"[10.0, 10.0, 10.0, 10.0, 10.0, 10.0, 10.0]",10.0,9,819.0
jugulus_spines,Jugulus Spines,"['mod', 'rare', 'secondary', 'pistol']",,2,2,1.0,15,70,72.5,55,8,50.9,45.0,48.0,"[45.0, 60.0, 42.5, 60.0, 62.5, 58.0, 45.0]",64.5,28,815.0
axi_v14_relic,Axi V14 Relic,"['relic', 'axi']",,4,1,4.0,18,28,28.0,10,50,3.3,2.3,5.0,"[3.5, 5.0, 1.67, 1.75, 3.0, 4.0, 2.33]",7,1.0,814.9
gauss_prime_chassis_blueprint,Gauss Prime Chassis Blueprint,"['prime', 'warframe', 'component', 'blueprint']",15,1,20,0.05,4,4,4.8,0,152,5.1,5.0,5.0,"[5.0, 5.0, 5.0, 5.0, 5.0, 5.0, 5.0]",7.0,4.0,810.6
quellor_blueprint,Quellor Blueprint,"['primary', 'weapon', 'blueprint']",,0,24,0.0,0,18,19.4,0,43,18.8,20.0,18.0,"[18.0, 19.0, 17.0, 17.0, 18.0, 19.0, 20.0]",20,15,808.0
ember_prime_systems_blueprint,Ember Prime Systems Blueprint,"['component', 'prime', 'warframe', 'blueprint']",45,2,11,0.18,5,9,10.6,4,72,9.5,10.0,10.0,"[10.0, 10.0, 10.0, 10.0, 10.0, 10.0, 10.0]",10,9,807.8
vasto_prime_receiver,Vasto Prime Receiver,"['component', 'weapon', 'prime']",15,2,12,0.17,4,7,7.8,3,118,5.9,6.0,8.0,"[6.0, 6.0, 6.0, 5.5, 5.0, 5.0, 6.0]",10,5.0,807.3
adaptation,Adaptation,"['mod', 'warframe', 'rare']",,0,38,0.0,0,5,6.2,0,146,5.5,5.0,6.0,"[5.0, 5.0, 5.0, 6.0, 5.0, 5.0, 5.0]",7,5.0,806.0
cedo_set,Cedo Set,"['primary', 'weapon', 'set']",,0,11,0.0,0,18,18.6,0,43,18.7,18.0,18.5,"[19.0, 20.0, 19.0, 19.5, 18.0, 20.0, 18.0]",20.0,15,804.0
prisma_veritux,Prisma Veritux,"['weapon', 'archwing', 'melee']",,3,17,0.18,45,70,88.6,25,10,68.3,70.0,69,"[65.0, 70.0, 70.0, 65.0, 65.0, 69.0, 70.0]",74.5,49,803.5
cortege_set,Cortege Set,"['primary', 'archwing', 'weapon', 'set']",,5,4,1.25,61,120,136.2,59,4,88.8,90.0,95.0,"[87.5, 110.0, 100.0, 90.0, 120.0, 122.5, 90.0]",130.0,72.5,798.8
lua_vazarin_lens,Lua Vazarin Lens,"['focus', 'lens']",,2,8,0.25,20,30,43.0,10,20,31.9,30.0,36,"[37.5, 35.0, 37.5, 38.0, 35.0, 30.0, 30.0]",45,25,798.8
vaykor_marelok,Vaykor Marelok,"['syndicate', 'weapon', 'secondary']",,1,12,0.08,5,29,35.2,24,28,26.3,26.0,25.0,"[25.0, 25.0, 25.0, 25.0, 25.0, 25.0, 26.0]",30,17.0,797.3
lith_z3_relic,Lith Z3 Relic,"['relic', 'lith']",,1,0,10.0,6,0,0.0,0,12,6.0,6.0,3.0,"[3.0, 2.0, 3.0, 4.0, 1.0, 3.0, 6.0]",6,1.0,792.0
twin_vipers_wraith_set,Twin Vipers Wraith Set,"['weapon', 'secondary', 'set']",,0,12,0.0,0,69,72.6,0,12,65.6,60.0,69,"[62.0, 65.0, 65.0, 64.5, 59.5, 70.0, 60.0]",80.0,50.0,787.0
wisp_prime_neuroptics_blueprint,Wisp Prime Neuroptics Blueprint,"['prime', 'component', 'warframe', 'blueprint']",45,1,25,0.04,4,5,7.2,1,153,4.9,5.0,5,"[5.0, 5.0, 5.0, 5.0, 5.0, 5.0, 5.0]",5.0,5.0,784.7
frost_prime_chassis_blueprint,Frost Prime Chassis Blueprint,"['component', 'prime', 'warframe', 'blueprint']",15,2,12,0.17,9,18,19.6,9,46,14.6,14.0,14.0,"[14.0, 12.0, 14.5, 14.0, 15.0, 15.0, 14.0]",16.0,12,781.1
cathode_current,Cathode Current,"['gyre', 'mod', 'warframe', 'augment', 'rare']",,0,7,0.0,0,14,14.8,0,68,11.5,10.0,12.0,"[14.0, 12.0, 12.0, 12.0, 11.5, 12.0, 10.0]",14.0,10,779.0
lith_i1_relic,Lith I1 Relic,"['relic', 'lith']",,2,0,20.0,6,0,0.0,0,7,5.3,6.0,5.0,"[3.0, 3.0, 3.0, 3.0, 4.0, 5.5, 6.0]",8,3.0,777.0
tek_assault,Tek Assault,"['mod', 'kavat', 'rare']",,0,12,0.0,0,9,10.4,0,64,12.0,12.0,14,"[15.0, 15.0, 15.0, 10.0, 14.0, 12.0, 12.0]",15,10.0,770.5
akjagara_prime_receiver,Akjagara Prime Receiver,"['component', 'weapon', 'prime']",45,3,6,0.5,7,14,21.8,7,52,9.9,10.0,10.0,"[10.0, 10.0, 10.0, 10.0, 10.0, 9.0, 10.0]",15,8.0,770.2
reaper_prime_set,Reaper Prime Set,"['prime', 'weapon', 'melee', 'set']",75,4,36,0.11,26,35,37.6,9,20,34.6,35.0,30.0,"[35.0, 34.0, 34.0, 35.0, 34.0, 35.0, 35.0]",35.0,29,770.0
lith_b8_relic,Lith B8 Relic,"['relic', 'lith']",,1,0,10.0,6,0,0.0,0,20,3.5,4.0,4.0,"[4.0, 6.67, 3.0, 4.0, 4.0, 3.0, 4.0]",6.67,2.0,770.0
prisma_ohma,Prisma Ohma,"['melee', 'weapon']",,3,22,0.14,30,55,56.6,25,15,45.2,50.0,47.5,"[44.0, 40.0, 45.0, 40.0, 44.5, 50.0, 50.0]",66.0,27.5,769.9
loki_prime_chassis_blueprint,Loki Prime Chassis Blueprint,"['component', 'prime', 'warframe', 'blueprint']",45,2,7,0.29,12,30,39.0,18,31,19.3,20.0,20,"[19.0, 19.5, 19.0, 20.0, 20.0, 20.0, 20.0]",20,16.0,768.9
mag_prime_neuroptics_blueprint,Mag Prime Neuroptics Blueprint,"['component', 'prime', 'warframe', 'blueprint']",15,3,15,0.2,10,10,11.4,0,61,10.5,10.0,10,"[10.0, 10.0, 10.0, 10.0, 10.0, 10.0, 10.0]",10,8,768.0
lato_vandal_barrel,Lato Vandal Barrel,"['component', 'weapon']",,2,6,0.33,10,10,13.2,0,61,9.4,9.0,10.0,"[10.0, 10.0, 10.0, 10.0, 10.0, 9.0, 9.0]",19,8.0,765.3
aerodynamic,Aerodynamic,"['mod', 'rare', 'aura']",,0,18,0.0,0,10,10.0,0,78,9.8,10.0,10.0,"[9.0, 10.0, 10.0, 10.0, 10.0, 10.0, 10.0]",14.0,9.0,761.5
frost_prime_systems_blueprint,Frost Prime Systems Blueprint,"['component', 'prime', 'warframe', 'blueprint']",45,2,12,0.17,4,15,15.0,11,53,12.3,10.0,12.0,"[13.0, 14.0, 13.0, 12.0, 10.0, 13.0, 10.0]",15,10,759.5
galvanized_shot,Galvanized Shot,"['mod', 'rare', 'secondary', 'pistol']",,1,16,0.06,6,10,10.0,4,77,9.2,9.5,10,"[9.0, 9.0, 9.0, 9.0, 9.0, 9.0, 9.5]",10,9,756.5
gilded_truth,Gilded Truth,"['syndicate', 'burston_prime', 'mod', 'rare', 'primary', 'prime']",,1,13,0.08,5,10,10.4,5,74,9.5,10.0,10.0,"[10.0, 10.0, 10.0, 10.0, 10.0, 10.0, 10.0]",15,9,756.0
lith_s12_relic,Lith S12 Relic,"['relic', 'lith']",,2,0,20.0,19,0,0.0,0,9,4.0,4.0,4,"[4.0, 6.6, 4.0, 3.0, 2.0, 4.0, 4.0]",7,1,756.0
meso_p8_relic,Meso P8 Relic,"['meso', 'relic']",,2,0,20.0,24,0,0.0,0,4,9.0,9.0,5.0,"[4, 10.0, 12.0, 5.0, 5.0, 4.0, 9.0]",12.0,3,756.0
axi_n9_relic,Axi N9 Relic,"['axi', 'relic']",,2,0,20.0,24,0,0.0,0,6,6.0,6.0,9.0,"[25, 7, 50.0, 8.0, 10.0, 6.0]",50.0,6.0,756.0
ivara_prime_blueprint,Ivara Prime Blueprint,"['blueprint', 'prime', 'warframe']",45,3,14,0.21,7,9,9.6,2,74,8.4,8.0,8.0,"[7.0, 8.0, 8.0, 9.0, 7.0, 8.0, 8.0]",10.0,7,750.4
xaku_prime_systems_blueprint,Xaku Prime Systems Blueprint,"['warframe', 'component', 'prime', 'blueprint']",45,2,32,0.06,2,3,3.4,1,211,3.3,3.0,6.0,"[4.0, 3.0, 3.0, 3.0, 3.0, 3.0, 3.0]",9,3.0,748.5
ember_prime_neuroptics_blueprint,Ember Prime Neuroptics Blueprint,"['component', 'prime', 'warframe', 'blueprint']",15,2,11,0.18,8,10,10.8,2,64,9.8,10.0,10,"[10.0, 10.0, 10.0, 10.0, 9.0, 10.0, 10.0]",10.0,9.0,741.6
mag_prime_systems_blueprint,Mag Prime Systems Blueprint,"['component', 'prime', 'warframe', 'blueprint']",15,4,12,0.33,10,15,17.8,5,37,15.0,16.0,15.0,"[15.0, 15.0, 14.0, 15.0, 15.0, 15.0, 16.0]",18.0,13.5,740.7
prisma_grakata,Prisma Grakata,"['primary', 'weapon']",,4,24,0.17,30,55,61.2,25,13,48.8,47.0,67.5,"[50.0, 45.0, 40.0, 50.0, 50.0, 47.5, 47.0]",84.0,40,739.7
galvanized_aptitude,Galvanized Aptitude,"['mod', 'rare', 'primary', 'rifle']",,1,19,0.05,6,9,9.6,3,77,9.1,9.0,9.0,"[9.0, 9.0, 9.0, 9.0, 9.0, 9.0, 9.0]",10,9.0,738.4
valence_formation,Valence Formation,"['mod', 'warframe', 'augment', 'rare', 'lavos']",,1,9,0.11,7,10,11.6,3,60,11.1,10.0,10.0,"[10.0, 11.0, 13.0, 12.0, 13.5, 10.0, 10.0]",14.0,10.0,736.7
arcane_impetus,Arcane Impetus,"['rare', 'arcane_enhancement']",,0,28,0.0,0,2,2.2,0,321,2.3,2.0,2.0,"[2.0, 2.0, 2.415, 2.0, 2.0, 2.0, 2.0]",3,2.0,736.7
prisma_angstrum,Prisma Angstrum,"['weapon', 'secondary']",,3,28,0.11,30,60,65.6,30,12,55.3,59.0,80.0,"[59.0, 54.5, 58.0, 60.0, 52.0, 41.0, 59.0]",98,38.5,735.1
galvanized_hell,Galvanized Hell,"['mod', 'rare', 'primary', 'shotgun']",,1,23,0.04,6,8,9.4,2,84,8.3,8.0,9.0,"[9.0, 9.0, 9.0, 9.0, 8.0, 8.0, 8.0]",10.0,8.0,731.5
carrier_prime_carapace,Carrier Prime Carapace,"['component', 'weapon', 'prime']",15,1,7,0.14,10,15,16.6,5,51,12.5,12.0,12.5,"[14.5, 14.0, 14.5, 14.0, 12.5, 13.5, 12.0]",17.5,10.0,730.9
arcane_concentration,Arcane Concentration,"['rare', 'arcane_enhancement']",,0,10,0.0,0,2,2.4,0,295,2.5,2.8,2.0,"[3.0, 2.0, 3.0, 2.0, 2.0, 2.0, 2.75]",3.0,2,730.0
dera_vandal_set,Dera Vandal Set,"['primary', 'weapon', 'set']",,1,14,0.07,25,50,57.6,25,14,48.4,45.0,49.5,"[50.0, 49.0, 50.0, 50.0, 45.0, 49.5, 45.0]",60.0,36.5,726.4
corvas_set,Corvas Set,"['weapon', 'set', 'primary', 'archwing']",,1,6,0.17,30,35,49.2,5,15,41.5,45.0,35.8,"[35.0, 39.5, 37.5, 42.5, 40.0, 40.0, 45.0]",45,29.0,725.7
vasto_prime_barrel,Vasto Prime Barrel,"['component', 'weapon', 'prime']",15,2,16,0.12,4,6,6.6,2,111,5.8,6.0,8.0,"[6.0, 6.0, 6.0, 6.0, 5.0, 5.0, 6.0]",10.0,5.0,722.8
inaros_prime_blueprint,Inaros Prime Blueprint,"['blueprint', 'prime', 'warframe']",45,1,12,0.08,1,8,9.4,7,80,8.3,7.0,8.0,"[9.0, 9.0, 9.0, 9.0, 8.0, 9.0, 7.0]",10,7.0,722.0
neo_b2_relic,Neo B2 Relic,"['relic', 'neo']",,6,3,2.0,20,8,8.7,-12,40,6.0,6.0,5.0,"[5.0, 6.0, 5.0, 5.0, 5.0, 5.0, 6.0]",9,3,720.0
mirage_prime_neuroptics_blueprint,Mirage Prime Neuroptics Blueprint,"['warframe', 'component', 'blueprint', 'prime']",15,1,18,0.06,5,6,7.2,1,104,6.6,7.0,7.0,"[7.0, 7.0, 7.0, 6.0, 6.0, 7.0, 7.0]",8,5.0,719.4
tipedo_prime_ornament,Tipedo Prime Ornament,"['component', 'weapon', 'prime']",45,3,13,0.23,7,9,9.8,2,65,8.9,9.0,11.0,"[9.0, 9.0, 9.0, 9.0, 9.0, 8.5, 9.0]",15,8.0,715.7
meso_s5_relic,Meso S5 Relic,"['relic', 'meso']",,1,0,10.0,6,0,0.0,0,6,10.8,10.0,7.0,"[7.0, 9.0, 7.0, 8.0, 8.0, 9.0, 10.0]",10.0,4,715.0
lith_f2_relic,Lith F2 Relic,"['relic', 'lith']",,1,0,10.0,6,0,0.0,0,8,8.1,5.0,5.0,"[3.0, 4.0, 0.5, 5.0, 10.0, 5.0, 5.0]",15,0.5,715.0
meso_b4_relic,Meso B4 Relic,"['relic', 'meso']",,3,0,30.0,12,0,0.0,0,5,4.6,4.5,5.0,"[5.0, 5.0, 5.0, 6.0, 5.0, 5.0, 4.5]",10,4.0,713.0
guandao_prime_blade,Guandao Prime Blade,"['component', 'weapon', 'prime']",15,1,14,0.07,7,8,9.4,1,77,8.6,9.0,9.0,"[9.0, 8.0, 9.0, 9.0, 9.0, 8.0, 9.0]",10.0,8,712.0
lith_t8_relic,Lith T8 Relic,"['relic', 'lith']",,7,0,70.0,30,0,0.0,0,1,10.0,10.0,6.0,"[7.0, 4.085, 5.83, 6.0, 8.0, 8.0, 10.0]",10,4.085,710.0
volatile_recompense,Volatile Recompense,"['kullervo', 'mod', 'warframe', 'augment', 'rare']",,0,4,0.0,0,14,18.5,0,61,11.6,10.0,12,"[13.0, 12.0, 12.5, 14.0, 14.0, 12.0, 10.0]",15.0,10.0,708.5
lith_t4_relic,Lith T4 Relic,"['relic', 'lith']",,10,3,3.33,25,10,7.0,-15,43,3.8,4.0,7.0,"[4.0, 3.33, 5.0, 3.0, 4.0, 5.0, 4.0]",10.0,3.0,706.3
split_flights,Split Flights,"['mod', 'rare', 'bow', 'primary']",,3,6,0.5,16,50,75.0,34,10,47.0,45.0,50.0,"[44.5, 45.0, 45.0, 49.0, 42.5, 50.0, 45.0]",155,25.0,705.0
meso_b2_relic,Meso B2 Relic,"['relic', 'meso']",,9,1,9.0,36,60,60.0,24,7,10.0,10.0,9.0,"[8.5, 9.0, 7.0, 10.0, 8.0, 10.0, 10.0]",15,3,700.0
trinity_prime_blueprint,Trinity Prime Blueprint,"['blueprint', 'warframe', 'prime']",45,2,11,0.18,8,15,20.8,7,49,12.0,12.5,10.0,"[12.0, 12.0, 14.0, 13.0, 14.0, 11.0, 12.5]",15.0,9,696.7
loot_detector,Loot Detector,"['mod', 'aura', 'uncommon']",,1,3,0.33,10,33,34.3,23,22,23.6,25.0,20,"[25.0, 23.0, 20.0, 27.0, 27.5, 25.0, 25.0]",30,8.0,692.0
xaku_prime_chassis_blueprint,Xaku Prime Chassis Blueprint,"['warframe', 'component', 'prime', 'blueprint']",45,3,23,0.13,4,3,4.2,-1,162,3.8,4.0,3.0,"[4.0, 3.0, 3.0, 4.0, 3.0, 4.0, 4.0]",4.0,2,689.6
augur_seeker,Augur Seeker,"['mod', 'rare', 'secondary', 'pistol']",,0,35,0.0,0,8,9.0,0,76,9.1,9.0,9.0,"[10.0, 10.0, 10.0, 10.0, 9.0, 9.0, 9.0]",10.0,8,689.0
sentient_incision,Sentient Incision,"['mod', 'rare', 'melee', 'venato']",,7,7,1.0,10,9,13.0,-1,35,9.8,10.0,13,"[10.0, 10.0, 10.0, 9.0, 10.0, 10.0, 10.0]",30,9.0,688.0
garuda_prime_chassis_blueprint,Garuda Prime Chassis Blueprint,"['blueprint', 'component', 'prime', 'warframe']",45,0,24,0.0,0,6,6.4,0,96,7.2,6.5,8,"[7.0, 8.0, 7.0, 7.0, 8.0, 8.0, 6.5]",9,6.5,687.5
peculiar_bloom,Peculiar Bloom,"['mod', 'peculiar', 'arcane_enhancement', 'warframe']",,2,1,2.0,15,50,50.0,35,8,28.6,30.0,22.0,"[42.5, 30.0, 30.0, 25.0, 20.0, 25.0, 30.0]",42.5,10,687.0
explosive_legerdemain,Explosive Legerdemain,"['mod', 'warframe', 'mirage', 'augment', 'rare']",,2,13,0.15,10,10,11.2,0,58,10.2,10.0,10,"[10.0, 10.0, 10.0, 10.0, 10.0, 10.0, 10.0]",10,9,685.4
ember_prime_chassis_blueprint,Ember Prime Chassis Blueprint,"['component', 'prime', 'warframe', 'blueprint']",15,1,14,0.07,1,9,9.8,8,69,9.2,9.0,9.0,"[10.0, 10.0, 10.0, 10.0, 9.0, 10.0, 9.0]",10.0,8.0,683.6
sporothrix_set,Sporothrix Set,"['primary', 'weapon', 'set']",,1,13,0.08,15,20,24.0,5,31,20.5,20.0,20.0,"[20.0, 20.0, 20.0, 20.0, 20.0, 22.0, 20.0]",24,19.0,683.3
heavy_caliber,Heavy Caliber,"['mod', 'rare', 'rifle', 'primary']",,1,39,0.03,5,5,5.2,0,129,5.2,5.0,5.0,"[5.0, 5.0, 5.0, 5.0, 5.0, 5.0, 5.0]",7,5,683.1
primed_bane_of_corrupted,Primed Bane Of Orokin,"['mod', 'rifle', 'primary', 'legendary']",,1,13,0.08,36,55,58.8,19,12,52.5,50.0,55.0,"[52.5, 50.0, 55.0, 55.0, 55.0, 55.0, 50.0]",60,45,678.5
dual_rounds,Dual Rounds,"['rare', 'primary', 'mod', 'archwing', 'archgun']",,0,8,0.0,0,20,20.0,0,38,17.8,19.0,17.0,"[18.0, 19.0, 20.0, 17.0, 19.0, 19.0, 19.0]",21,10.0,678.0
ulfruns_endurance,Ulfrun's Endurance,"['mod', 'warframe', 'voruna', 'augment', 'rare']",,0,4,0.0,0,10,13.2,0,68,10.0,10.0,10,"[10.0, 10.0, 10.0, 10.0, 10.0, 10.0, 10.0]",10.0,9.0,677.0
neo_t2_relic,Neo T2 Relic,"['relic', 'neo']",,3,8,0.38,10,5,5.2,-5,122,4.0,4.0,4.0,"[2.5, 4.0, 3.0, 4.0, 2.0, 3.0, 4.0]",21,2,674.9
neo_z7_relic,Neo Z7 Relic,"['relic', 'neo']",,2,0,20.0,6,0,0.0,0,4,8.0,8.0,7.0,"[7, 5.0, 7.0, 6.0, 7.0, 10.0, 8.0]",10.0,5,672.0
boltor_prime_stock,Boltor Prime Stock,"['component', 'weapon', 'prime']",15,2,7,0.29,6,9,13.4,3,55,9.4,10.0,9.0,"[9.0, 9.0, 10.0, 10.0, 10.0, 10.0, 10.0]",10.0,7.0,667.3
lith_s1_relic,Lith S1 Relic,"['relic', 'lith']",,2,1,2.0,12,9,9.0,-3,42,5.3,6.0,5.0,"[3.5, 6.0, 6.0, 4.0, 5.5, 4.0, 6.0]",9,3.5,666.0
halikar_wraith,Halikar Wraith,"['melee', 'weapon']",,3,12,0.25,50,60,72.0,10,10,53.2,45.0,67.0,"[65.0, 45.0, 70.0, 60.0, 69.5, 65.0, 45.0]",90,30.0,665.0
melee_elementalist,Melee Elementalist,"['mod', 'uncommon', 'melee']",,0,33,0.0,0,5,6.0,0,108,6.1,6.0,5.0,"[6.0, 7.0, 5.0, 6.0, 6.0, 6.0, 6.0]",7,4,664.0
exodia_contagion,Exodia Contagion,"['legendary', 'arcane_enhancement']",,1,6,0.17,8,14,16.6,6,39,14.6,15.0,13,"[14.0, 14.0, 15.0, 15.0, 15.0, 15.0, 15.0]",15.0,10.0,662.7
boltor_prime_barrel,Boltor Prime Barrel,"['component', 'weapon', 'prime']",15,3,4,0.75,15,15,23.8,0,38,9.9,12.0,9.0,"[9.0, 10.0, 10.0, 10.0, 10.0, 10.0, 12.0]",15,7,661.5
rhino_prime_chassis_blueprint,Rhino Prime Chassis Blueprint,"['component', 'prime', 'warframe', 'blueprint']",65,1,24,0.04,3,7,8.8,4,71,8.9,9.0,8.0,"[9.0, 9.0, 9.0, 9.0, 9.0, 9.0, 9.0]",12.5,6.0,659.4
tenora_prime_barrel,Tenora Prime Barrel,"['component', 'weapon', 'prime']",100,4,11,0.36,15,20,21.4,5,34,14.2,14.0,15.0,"[17.0, 16.0, 15.0, 15.0, 14.0, 14.0, 14.0]",20.0,13.0,658.6
arum_spinosa_set,Arum Spinosa Set,"['melee', 'weapon', 'set']",,0,8,0.0,0,20,23.4,0,28,23.5,24.5,24.5,"[25.0, 20.0, 25.0, 24.0, 25.0, 22.0, 24.5]",28,20.0,658.5
hydroid_prime_chassis_blueprint,Hydroid Prime Chassis Blueprint,"['warframe', 'component', 'blueprint', 'prime']",15,0,16,0.0,0,8,9.2,0,85,7.7,8.0,8.0,"[8.0, 8.0, 8.0, 8.0, 8.0, 8.0, 8.0]",9.0,7,657.0
odonata_prime_wings_blueprint,Odonata Prime Wings Blueprint,"['component', 'prime', 'archwing', 'blueprint']",65,1,9,0.11,6,19,22.8,13,30,19.7,20.0,20.0,"[20.0, 20.0, 20.0, 20.0, 20.0, 20.0, 20.0]",25,15.0,656.7
glaive_prime_blueprint,Glaive Prime Blueprint,"['weapon', 'prime', 'melee', 'blueprint']",100,1,14,0.07,8,19,20.6,11,33,18.6,17.0,18.0,"[17.5, 18.5, 17.0, 19.0, 19.0, 19.0, 17.0]",20.0,14,656.2
gram_prime_handle,Gram Prime Handle,"['component', 'weapon', 'prime']",100,0,18,0.0,0,20,20.4,0,34,19.3,20.0,20.0,"[20.0, 20.0, 19.5, 20.0, 19.0, 19.0, 20.0]",24,18.0,655.5
nihils_oubliette_(key),Nihil's Oubliette (Key),['key'],,1,3,0.33,45,30,83.0,-15,9,54.6,50.0,46,"[50.0, 60.0, 52.5, 50.0, 60.0, 60.0, 50.0]",75.0,35.0,654.7
strun_prime_barrel,Strun Prime Barrel,"['component', 'weapon', 'prime']",45,0,12,0.0,0,10,10.8,0,70,9.3,10.0,8.0,"[10.0, 9.0, 10.0, 9.0, 9.0, 9.5, 10.0]",11.0,7,653.5
nidus_prime_systems_blueprint,Nidus Prime Systems Blueprint,"['blueprint', 'component', 'warframe', 'prime']",15,2,20,0.1,5,5,5.4,0,95,6.3,6.0,5.5,"[5.0, 7.0, 6.0, 6.0, 5.0, 6.0, 6.0]",9.0,5,653.4
morgha_set,Morgha Set,"['primary', 'archwing', 'weapon', 'set']",,5,4,1.25,100,120,128.8,20,3,96.7,90.0,95.0,"[95.0, 100.0, 85.0, 100.0, 110.0, 125.0, 90.0]",130.5,61.0,652.5
lith_a1_relic,Lith A1 Relic,"['relic', 'lith']",,3,0,30.0,6,0,0.0,0,3,7.0,7.0,6.5,"[5.0, 6.0, 15.0, 6.0, 6.0, 9.5, 7.0]",54,4,651.0
mag_prime_chassis_blueprint,Mag Prime Chassis Blueprint,"['component', 'prime', 'warframe', 'blueprint']",45,1,15,0.07,7,10,12.6,3,58,10.5,10.0,10.0,"[10.0, 10.0, 10.0, 10.0, 10.0, 10.0, 10.0]",10,9.0,650.7
axi_s12_relic,Axi S12 Relic,"['relic', 'axi']",,1,0,10.0,12,0,0.0,0,7,8.4,5.0,9.0,"[10, 9.0, 5.0]",10,5.0,649.0
rhino_prime_systems_blueprint,Rhino Prime Systems Blueprint,"['component', 'prime', 'warframe', 'blueprint']",15,2,21,0.1,7,9,9.8,2,71,8.3,8.0,9.0,"[8.0, 9.0, 8.0, 9.0, 8.0, 8.0, 8.0]",9,7.0,648.9
lith_v2_relic,Lith V2 Relic,"['relic', 'lith']",,1,3,0.33,6,10,13.3,4,78,6.2,8.0,6.0,"[6.0, 6.0, 6.0, 5.0, 5.5, 8.0, 8.0]",11.0,3.0,648.0
secondary_outburst,Secondary Outburst,"['rare', 'arcane_enhancement']",,0,12,0.0,0,7,7.8,0,86,7.5,7.5,5.0,"[6.0, 7.5, 9.0, 8.5, 8.0, 7.0, 7.5]",9.0,4.0,647.5
neo_a2_relic,Neo A2 Relic,"['relic', 'neo']",,6,3,2.0,15,7,8.3,-8,51,4.2,4.0,5.0,"[5.5, 5.0, 4.0, 3.0, 2.585, 4.5, 4.0]",7,2.585,636.0
lua_unairu_lens,Lua Unairu Lens,"['focus', 'lens']",,1,4,0.25,15,40,60.0,25,16,31.5,35.0,33.5,"[27.5, 30.0, 34.0, 30.0, 35.0, 27.5, 35.0]",43.0,25,630.0
rhino_prime_neuroptics_blueprint,Rhino Prime Neuroptics Blueprint,"['component', 'prime', 'warframe', 'blueprint']",45,5,19,0.26,9,14,14.4,5,49,10.2,12.0,10.0,"[10.0, 10.0, 10.0, 14.0, 12.5, 12.0, 12.0]",25,9,629.7
axi_a21_relic,Axi A21 Relic,"['relic', 'axi']",,2,1,2.0,12,23,23.0,11,60,3.5,3.0,4.0,"[4.0, 3.5, 3.0, 3.0, 3.0, 3.0, 3.0]",12.0,2.0,629.6
primed_cleanse_grineer,Primed Cleanse Grineer,"['mod', 'legendary', 'primary', 'shotgun']",,0,9,0.0,0,55,68.4,0,13,48.2,48.5,42.5,"[45.0, 45.0, 48.5, 49.0, 45.0, 49.0, 48.5]",50.0,24,627.0
nyx_prime_blueprint,Nyx Prime Blueprint,"['blueprint', 'prime', 'warframe']",15,2,19,0.11,4,7,8.4,3,65,8.7,9.0,9,"[9.0, 9.0, 9.0, 10.0, 9.0, 9.0, 9.0]",12,7.0,626.1
mesa_prime_chassis_blueprint,Mesa Prime Chassis Blueprint,"['component', 'prime', 'warframe', 'blueprint']",15,1,26,0.04,3,5,6.2,2,108,5.6,5.0,6.0,"[5.0, 5.0, 5.0, 5.0, 5.0, 5.0, 5.0]",8,5,625.7
carmine_penta_barrel,Carmine Penta Barrel,"['component', 'weapon']",,1,5,0.2,10,27,47.8,17,31,16.8,18.0,17.5,"[17.0, 17.0, 17.5, 16.0, 15.0, 17.5, 18.0]",20,14.0,625.2
ambassador_set,Ambassador Set,"['primary', 'weapon', 'set']",,1,22,0.05,15,30,36.0,15,19,31.3,31.5,39,"[30.0, 30.0, 30.0, 30.0, 29.0, 30.0, 31.5]",45,20.0,621.0
protector_posture,Protector Posture,"['mod', 'common', 'stance', 'claws']",,1,1,1.0,10,19,19.0,9,21,14.7,17.0,15,"[14.5, 15.0, 15.0, 15.0, 15.0, 14.0, 17.0]",20.0,12.0,616.0
corufell_set,Corufell Set,"['weapon', 'melee', 'set']",,0,6,0.0,0,55,109.8,0,17,36.2,34.0,37.2,"[38.0, 30.0, 30.0, 30.0, 37.5, 39.5, 34.0]",50.0,23.5,615.2
jahu_canticle,Jahu Canticle,"['mod', 'rare', 'secondary', 'tome']",,1,3,0.33,10,29,34.7,19,16,28.8,29.0,25.0,"[29.0, 30.0, 29.5, 30.0, 30.0, 30.0, 29.0]",35.0,18.5,614.7
sevagoth_prime_blueprint,Sevagoth Prime Blueprint,"['prime', 'warframe', 'blueprint']",45,2,23,0.09,2,5,5.0,3,117,4.8,5.0,5.0,"[5.0, 5.0, 5.0, 5.0, 5.0, 5.0, 5.0]",9.0,3.0,614.7
primed_ammo_chain,Primed Ammo Chain,"['primary', 'archwing', 'legendary', 'mod', 'archgun']",,6,19,0.32,30,50,53.8,20,9,51.7,54.0,50.0,"[50.0, 55.0, 52.5, 58.0, 51.5, 54.0, 54.0]",60.0,44.5,611.8
nyx_prime_chassis_blueprint,Nyx Prime Chassis Blueprint,"['component', 'prime', 'warframe', 'blueprint']",65,3,23,0.13,5,8,8.8,3,67,8.0,8.0,7.0,"[5.0, 8.0, 8.0, 8.0, 8.0, 8.0, 8.0]",12,5.0,607.6
bullet_dance,Bullet Dance,"['gunblade', 'mod', 'rare', 'stance']",,0,7,0.0,0,15,22.0,0,31,19.5,20.0,18.0,"[20.0, 19.0, 20.0, 20.0, 20.0, 20.0, 20.0]",20,15.0,605.5
nautilus_cerebrum,Nautilus Cerebrum,"['component', 'weapon']",,0,5,0.0,0,25,35.0,0,26,23.2,25.0,20.0,"[20.0, 20.0, 23.0, 21.5, 24.0, 22.5, 25.0]",25.0,17.5,603.5
magnetized_discharge,Magnetized Discharge,"['mag', 'mod', 'warframe', 'augment', 'rare']",,0,2,0.0,0,15,15.0,0,44,13.7,14.0,14,"[14.5, 15.0, 14.0, 14.0, 13.5, 14.0, 14.0]",15,12.0,603.0
magma_chamber,Magma Chamber,"['rare', 'primary', 'mod', 'archwing', 'archgun']",,1,21,0.05,10,10,13.0,0,42,13.7,14.0,14.0,"[14.0, 14.0, 14.0, 14.0, 13.0, 14.0, 14.0]",15.0,10,602.9
prism_guard,Prism Guard,"['mod', 'warframe', 'mirage', 'augment', 'rare']",,0,2,0.0,0,25,26.5,0,32,18.8,20.0,17.0,"[18.0, 20.0, 20.0, 16.0, 20.0, 20.0, 20.0]",20.0,9.0,602.0
fluctus_set,Fluctus Set,"['weapon', 'set', 'primary', 'archwing']",,0,5,0.0,0,49,55.6,0,13,46.3,45.0,45.0,"[47.5, 42.0, 40.0, 44.5, 47.5, 44.5, 45.0]",55.0,34,602.0
hikou_prime_pouch,Hikou Prime Pouch,"['component', 'weapon', 'prime']",15,1,10,0.1,5,9,9.6,4,63,8.6,8.5,8.0,"[9.0, 9.0, 8.5, 10.0, 10.0, 9.0, 8.5]",10,7,594.0
gleaming_talon,Gleaming Talon,"['mod', 'rare', 'stance', 'glaives']",,0,14,0.0,0,8,9.0,0,61,9.7,10.0,9.0,"[10.0, 10.0, 10.0, 9.0, 10.0, 10.0, 10.0]",10,8.0,591.5
xata_invocation,Xata Invocation,"['mod', 'rare', 'secondary', 'tome']",,2,8,0.25,25,30,36.2,5,15,31.5,30.0,35.0,"[35.0, 32.0, 31.5, 32.0, 40.0, 32.0, 30.0]",45,28.0,591.2
secondary_shiver,Secondary Shiver,"['legendary', 'arcane_enhancement']",,2,5,0.4,2,5,5.0,3,85,4.9,5.0,5.0,"[5.0, 5.0, 5.0, 5.0, 5.0, 5.0, 5.0]",7,4.0,588.7
shattered_storm,Shattered Storm,"['mod', 'warframe', 'gara', 'augment', 'rare']",,0,10,0.0,0,13,14.6,0,46,12.8,12.0,12.0,"[10.0, 13.0, 13.0, 14.5, 13.0, 14.0, 12.0]",15,10,588.5
cull_the_weak,Cull The Weak,"['mod', 'uncommon', 'melee', 'claws']",,0,16,0.0,0,7,7.0,0,83,7.1,7.0,7.0,"[7.0, 7.0, 7.0, 7.0, 7.0, 7.0, 7.0]",8,7.0,587.5
maul,Maul,"['mod', 'uncommon', 'melee', 'claws']",,0,14,0.0,0,7,7.8,0,85,6.9,7.0,7.0,"[7.0, 7.0, 7.0, 7.0, 7.0, 7.0, 7.0]",8,6.0,585.0
primed_sniper_ammo_mutation,Primed Sniper Ammo Mutation,"['mod', 'legendary', 'sniper']",,0,12,0.0,0,20,33.4,0,19,30.7,30.0,57.5,"[29.0, 37.0, 33.0, 32.5, 40.0, 31.0, 30.0]",74.5,24.0,584.0
loki_prime_neuroptics_blueprint,Loki Prime Neuroptics Blueprint,"['component', 'prime', 'warframe', 'blueprint']",15,1,13,0.08,5,18,19.4,13,32,16.8,16.0,16.5,"[17.0, 17.0, 18.0, 16.0, 17.0, 17.0, 16.0]",20,14,578.3
toxic_barrage,Toxic Barrage,"['shotgun', 'mod', 'rare', 'primary']",,0,13,0.0,0,6,7.6,0,111,5.2,5.0,5.0,"[5.0, 5.0, 5.0, 5.0, 5.0, 5.0, 5.0]",6.5,5,577.5
axi_s3_relic,Axi S3 Relic,"['relic', 'axi']",,7,4,1.75,30,8,14.2,-22,42,5.0,5.0,5.0,"[6.0, 7.0, 5.0, 5.0, 5.0, 8.0, 5.0]",30,4,577.5
voruna_prime_neuroptics_blueprint,Voruna Prime Neuroptics Blueprint,"['component', 'warframe', 'prime', 'blueprint']",45,3,41,0.07,2,2,2.4,0,184,2.9,3.0,5,"[3.0, 3.0, 3.0, 3.0, 3.0, 3.0, 3.0]",8,3.0,576.3
neo_v3_relic,Neo V3 Relic,"['relic', 'neo']",,3,1,3.0,6,20,20.0,14,36,4.0,4.0,5.8,"[9.0, 8.5, 8.0, 8.0, 8.0, 5.0, 4.0]",10,3,576.0
valkyr_prime_blueprint,Valkyr Prime Blueprint,"['blueprint', 'prime', 'warframe']",15,3,15,0.2,6,8,9.4,2,93,5.2,5.0,5.0,"[6.0, 7.0, 5.0, 5.0, 5.0, 5.0, 5.0]",7,5.0,574.8
pharaoh_predasite_imprint,Pharaoh Predasite Imprint,"['kubrow', 'pet', 'imprint']",,2,6,0.33,15,20,26.8,5,21,20.5,20.0,22.0,"[25.0, 22.5, 18.0, 22.5, 23.5, 20.0, 20.0]",37.5,10,574.7
scattering_inferno,Scattering Inferno,"['shotgun', 'mod', 'rare', 'primary']",,0,20,0.0,0,7,7.0,0,72,8.0,8.0,8.0,"[9.0, 8.5, 8.0, 8.0, 8.0, 8.0, 8.0]",10.0,6.5,573.0
helios_prime_systems,Helios Prime Systems,"['component', 'weapon', 'prime']",45,2,12,0.17,7,10,13.6,3,49,10.0,10.0,10,"[10.0, 9.0, 10.0, 10.0, 10.0, 10.0, 10.0]",11.0,9,572.8
shedu_receiver,Shedu Receiver,"['component', 'weapon']",,0,4,0.0,0,9,11.5,0,69,8.3,8.0,9.0,"[8.0, 9.0, 8.0, 8.0, 9.5, 8.0, 8.0]",10,8.0,570.5
gauss_prime_blueprint,Gauss Prime Blueprint,"['prime', 'warframe', 'blueprint']",25,1,22,0.05,2,4,4.4,2,130,4.2,4.0,5.0,"[4.0, 5.0, 4.0, 5.0, 4.0, 4.0, 4.0]",5.0,4,570.3
ivara_prime_neuroptics_blueprint,Ivara Prime Neuroptics Blueprint,"['component', 'prime', 'warframe', 'blueprint']",15,2,17,0.12,5,7,8.2,2,80,6.4,7.0,6.0,"[5.0, 5.0, 6.0, 7.0, 5.0, 6.0, 7.0]",7.0,5,570.0
arcane_acceleration,Arcane Acceleration,"['uncommon', 'arcane_enhancement']",,0,11,0.0,0,3,3.4,0,108,5.3,3.5,3.2,"[3.0, 3.0, 3.0, 4.0, 3.0, 3.0, 3.5]",5,2.0,569.0
teeming_virulence,Teeming Virulence,"['nidus', 'mod', 'warframe', 'augment', 'rare']",,0,9,0.0,0,12,13.0,0,43,13.2,14.0,14.0,"[13.0, 14.0, 12.0, 12.0, 13.0, 12.0, 14.0]",20.0,10,568.0
cascadia_flare,Cascadia Flare,"['rare', 'arcane_enhancement']",,0,16,0.0,0,2,2.4,0,214,2.6,2.5,3,"[2.75, 3.0, 3.0, 3.0, 3.0, 3.0, 2.5]",3,2.0,567.0
baza_prime_blueprint,Baza Prime Blueprint,"['primary', 'prime', 'weapon', 'blueprint']",65,0,14,0.0,0,15,17.8,0,41,13.8,13.0,13.0,"[15.0, 15.0, 14.0, 15.0, 13.0, 13.0, 13.0]",19.0,10.0,566.5
primed_deadly_efficiency,Primed Deadly Efficiency,"['primary', 'mod', 'legendary', 'archwing', 'archgun']",,2,8,0.25,20,50,69.4,30,9,50.3,50.0,42.5,"[50.0, 47.0, 45.0, 45.0, 42.5, 45.0, 50.0]",59.0,25,566.2
abundant_mutation,Abundant Mutation,"['nidus', 'mod', 'warframe', 'augment', 'rare']",,0,10,0.0,0,10,12.2,0,46,12.3,12.0,12.0,"[12.0, 10.0, 11.5, 12.0, 12.0, 12.0, 12.0]",20.0,10.0,565.0
meso_w2_relic,Meso W2 Relic,"['meso', 'relic']",,6,7,0.86,24,8,4.33,-16,64,4.7,4.5,4.3,"[4.5, 5.0, 5.0, 6.0, 5.165, 4.0, 4.5]",8,4.0,564.2
muzzle_flash,Muzzle Flash,"['mod', 'warframe', 'mesa', 'augment', 'rare']",,0,5,0.0,0,14,17.8,0,51,11.1,10.0,11.0,"[10.5, 10.0, 10.0, 12.0, 10.0, 10.0, 10.0]",14.0,9.5,564.0
fused_reservoir,Fused Reservoir,"['mod', 'warframe', 'wisp', 'augment', 'rare']",,0,10,0.0,0,10,11.6,0,54,10.4,10.0,10.0,"[10.0, 10.0, 10.0, 10.0, 10.0, 10.0, 10.0]",10,9,563.0
volatile_rebound,Volatile Rebound,"['mod', 'rare', 'melee', 'thrown_melee']",,0,8,0.0,0,10,10.6,0,60,9.4,9.0,9.0,"[9.0, 9.5, 9.0, 9.0, 10.0, 9.0, 9.0]",10,8.0,562.5
cedo_prime_receiver,Cedo Prime Receiver,"['component', 'weapon', 'prime']",45,1,19,0.05,2,3,3.4,1,186,2.9,3.0,3.0,"[3.0, 2.0, 2.0, 2.0, 2.0, 2.0, 3.0]",4.0,2,562.1
tharros_lethality,Tharros Lethality,"['warframe', 'styanax', 'rare', 'augment', 'mod']",,0,5,0.0,0,13,17.2,0,44,12.6,13.0,13.0,"[15.0, 14.0, 15.0, 14.0, 12.0, 13.0, 13.0]",15,10.0,553.0
scindo_prime_blade,Scindo Prime Blade,"['component', 'weapon', 'prime']",100,5,11,0.45,10,15,15.6,5,28,13.6,13.0,12.0,"[13.0, 14.0, 13.0, 15.0, 12.0, 14.0, 13.0]",18.0,10.0,552.0
axi_s4_relic,Axi S4 Relic,"['relic', 'axi']",,3,1,3.0,30,15,15.0,-15,19,7.3,9.5,8.2,"[5.0, 10.5, 9.5, 8.5, 8.0, 10.0, 9.5]",66,5,552.0
hec_hound_blueprint,Hec Hound Blueprint,"['blueprint', 'secondary', 'hound']",,1,4,0.25,5,20,27.5,15,23,19.2,18.0,20.0,"[19.5, 25.0, 20.0, 20.0, 20.0, 20.0, 18.0]",35,15,551.2
quickening,Quickening,"['mod', 'melee', 'rare']",,0,16,0.0,0,9,9.8,0,58,9.5,10.0,10.0,"[10.0, 10.0, 10.0, 10.0, 10.0, 10.0, 10.0]",14.0,9,550.5
neo_p2_relic,Neo P2 Relic,"['relic', 'neo']",,4,1,4.0,12,8,8.0,-4,22,5.0,5.0,4,"[3.0, 2.0, 4.0, 2.67, 5.0, 5.0, 5.0]",5,2,550.0
primary_merciless,Primary Merciless,"['arcane_enhancement', 'rare']",,0,24,0.0,0,2,2.0,0,313,1.8,2.0,2,"[2.0, 2.0, 2.0, 2.0, 2.0, 2.0, 2.0]",2,1,549.7
target_acquired,Target Acquired,"['mod', 'rare', 'primary', 'sniper']",,1,14,0.07,5,9,10.8,4,51,10.1,10.0,10.5,"[10.0, 10.0, 10.0, 10.0, 10.0, 10.0, 10.0]",15,9.5,549.6
neo_r1_relic,Neo R1 Relic,"['relic', 'neo']",,4,5,0.8,20,8,13.2,-12,61,5.0,5.0,5.0,"[5.0, 5.0, 4.0, 3.5, 6.0, 7.0, 5.0]",30.0,3.5,548.9
coolant_leak,Coolant Leak,"['mod', 'rare', 'sentinel', 'robotic']",,0,11,0.0,0,10,13.0,0,55,10.0,10.0,10,"[9.0, 10.0, 10.0, 10.0, 10.0, 10.0, 10.0]",12.5,9.0,547.5
cataclysmic_gate,Cataclysmic Gate,"['mod', 'warframe', 'wisp', 'augment', 'rare']",,0,11,0.0,0,10,13.4,0,43,12.7,13.5,12.0,"[12.0, 14.0, 12.0, 13.0, 12.0, 12.0, 13.5]",15.0,10.0,546.5
combo_fury,Combo Fury,"['mod', 'rare', 'melee', 'thrown_melee']",,2,0,20.0,18,0,0.0,0,1,26.0,26.0,25.0,"[30.0, 30.0, 25.0, 27.0, 25.0, 30.0, 26.0]",80,15,546.0
fang_prime_set,Fang Prime Set,"['weapon', 'prime', 'set', 'melee']",95,2,32,0.06,5,8,9.2,3,66,7.8,7.0,8,"[8.0, 8.0, 8.0, 7.0, 7.0, 8.0, 7.0]",10.0,6.0,544.5
shedu_barrel,Shedu Barrel,"['component', 'weapon']",,0,4,0.0,0,10,20.8,0,60,9.1,10.0,10.0,"[10.0, 10.0, 10.0, 9.0, 10.0, 10.0, 10.0]",10,8.0,544.5
trinity_prime_neuroptics_blueprint,Trinity Prime Neuroptics Blueprint,"['component', 'prime', 'warframe', 'blueprint']",25,0,8,0.0,0,10,14.6,0,56,9.7,10.0,10,"[10.0, 9.0, 9.0, 10.0, 9.0, 10.0, 10.0]",10.0,7,544.0
mystic_bond,Mystic Bond,"['mod', 'rare', 'sentinel', 'companion']",,0,19,0.0,0,14,14.8,0,38,14.3,15.0,15,"[15.0, 14.0, 14.0, 15.0, 15.0, 14.0, 15.0]",15,14,543.0
akstiletto_prime_barrel,Akstiletto Prime Barrel,"['component', 'weapon', 'prime']",25,1,6,0.17,5,14,14.8,9,38,12.2,12.0,12.0,"[14.0, 14.0, 12.0, 12.0, 13.0, 14.0, 12.0]",15.0,10,542.5
tek_enhance,Tek Enhance,"['mod', 'kavat', 'rare']",,0,8,0.0,0,12,14.2,0,50,10.8,12.0,12.0,"[10.0, 10.0, 12.0, 10.0, 11.5, 10.0, 12.0]",15,10,542.5
stradavar_prime_blueprint,Stradavar Prime Blueprint,"['weapon', 'prime', 'primary', 'blueprint']",100,3,13,0.23,7,10,12.2,3,45,9.8,10.0,13.0,"[10.0, 10.0, 10.0, 11.0, 10.0, 10.0, 10.0]",15,10.0,542.2
neo_n13_relic,Neo N13 Relic,"['relic', 'neo']",,5,3,1.67,27,6,14.3,-21,55,3.7,4.9,5.0,"[5.0, 5.0, 4.0, 6.0, 5.0, 9.0, 4.915]",28,3,541.3
nyx_prime_systems_blueprint,Nyx Prime Systems Blueprint,"['component', 'prime', 'warframe', 'blueprint']",45,2,12,0.17,5,6,8.4,1,67,6.9,7.0,9.0,"[7.0, 7.0, 7.0, 8.0, 7.0, 8.0, 7.0]",10,7.0,540.8
nikana_prime_blade,Nikana Prime Blade,"['component', 'weapon', 'prime']",65,1,8,0.12,8,15,21.0,7,33,14.5,15.0,15.0,"[14.5, 15.0, 14.0, 15.0, 14.0, 14.0, 15.0]",20.0,14.0,540.0
boar_prime_barrel,Boar Prime Barrel,"['component', 'weapon', 'prime']",45,1,11,0.09,8,15,17.6,7,32,15.4,17.0,14.5,"[15.5, 15.0, 15.0, 15.0, 16.5, 15.0, 17.0]",18,12.0,536.7
speed_drift,Speed Drift,"['mod', 'rare', 'warframe']",,0,15,0.0,0,14,14.6,0,37,14.5,15.0,17.0,"[15.0, 15.0, 13.0, 15.0, 15.0, 14.0, 15.0]",20,13.0,536.5
corinth_prime_receiver,Corinth Prime Receiver,"['component', 'weapon', 'prime']",45,1,19,0.05,2,6,6.4,4,106,4.8,5.0,6.5,"[5.0, 4.0, 4.0, 5.0, 5.0, 5.0, 5.0]",9,4.0,536.3
mandonel_set,Mandonel Set,"['archwing', 'primary', 'weapon', 'set']",,0,13,0.0,0,10,14.0,0,46,11.6,10.0,12,"[10.0, 10.0, 10.0, 10.0, 12.0, 10.0, 10.0]",15,10,535.5
ash_prime_blueprint,Ash Prime Blueprint,"['blueprint', 'prime', 'warframe']",45,1,13,0.08,4,12,13.4,8,45,11.0,11.0,10.0,"[10.0, 10.0, 11.0, 10.0, 11.0, 13.0, 11.0]",15.0,10,534.7
atlas_prime_chassis_blueprint,Atlas Prime Chassis Blueprint,"['component', 'prime', 'warframe', 'blueprint']",45,1,14,0.07,3,7,7.6,4,83,6.0,6.0,7.0,"[7.0, 6.0, 6.0, 6.5, 6.0, 6.0, 6.0]",8,5.0,534.1
arcane_aura_helmet,Arcane Aura Helmet,"['arcane_helmet', 'skin']",,2,5,0.4,100,500,225.75,400,2,190.0,190.0,225.8,"[199.5, 40.0, 220.0, 280.0, 130.0, 237.5, 190.0]",720.0,40.0,532.0
secondary_enervate,Secondary Enervate,"['rare', 'arcane_enhancement']",,0,29,0.0,0,2,2.0,0,272,2.0,2.0,2.0,"[2.0, 2.0, 2.0, 2.0, 2.0, 2.0, 2.0]",2.0,2.0,531.0
galvanized_elementalist,Galvanized Elementalist,"['mod', 'rare', 'primary', 'shotgun']",,2,18,0.11,5,9,9.4,4,54,8.8,9.0,10.0,"[9.0, 9.0, 9.0, 9.5, 9.0, 9.0, 9.0]",10,9,530.0
spectral_serration,Spectral Serration,"['mod', 'rare', 'primary', 'rifle']",,0,17,0.0,0,9,9.8,0,54,9.8,10.0,10.0,"[10.0, 10.0, 10.0, 10.0, 10.0, 10.0, 10.0]",10.0,9.0,529.5
creeping_bullseye,Creeping Bullseye,"['mod', 'rare', 'pistol', 'secondary']",,0,25,0.0,0,3,4.4,0,113,4.7,5.0,5.0,"[5.0, 5.0, 5.0, 5.0, 5.0, 5.0, 5.0]",6.0,4.0,529.0
gyre_prime_systems_blueprint,Gyre Prime Systems Blueprint,"['warframe', 'prime', 'component', 'blueprint']",15,2,20,0.1,3,3,4.6,0,126,3.8,4.0,4.0,"[4.0, 4.0, 3.0, 3.0, 3.0, 4.0, 4.0]",5.0,3.0,526.9
arcane_avalon_helmet,Arcane Avalon Helmet,"['arcane_helmet', 'skin']",,4,2,2.0,100,999,1249.5,899,1,175.0,175.0,189.0,"[199.0, 183.5, 195.0, 200.0, 150.0, 189.0, 175.0]",300.0,71.0,525.0
meso_o1_relic,Meso O1 Relic,"['relic', 'meso']",,3,2,1.5,18,7,8.5,-11,39,5.4,5.0,5.5,"[5.0, 6.0, 5.0, 3.5, 6.0, 3.0, 5.0]",9,3,525.0
boreals_hatred,Boreal's Hatred,"['mod', 'uncommon', 'warframe']",,0,16,0.0,0,6,6.8,0,89,5.9,6.0,7.0,"[7.0, 7.0, 6.0, 5.0, 7.0, 6.0, 6.0]",8,5,525.0
mecha_empowered,Mecha Empowered,"['mod', 'aura', 'rare']",,1,17,0.06,5,10,13.6,5,37,13.3,11.0,15,"[15.0, 14.0, 15.0, 13.0, 13.5, 13.0, 11.0]",15,10.0,522.5
marquise_thyst,Marquise Thyst,['gem'],,0,7,0.0,0,3,3.4,0,216,2.4,2.3,2.0,"[2.585, 2.0, 2.5, 2.25, 2.0, 2.5, 2.33]",6,2.0,521.9
pennant_blueprint,Pennant Blueprint,"['weapon', 'melee', 'blueprint']",,0,22,0.0,0,15,17.0,0,28,18.6,17.0,18.0,"[19.0, 18.0, 17.0, 18.0, 18.0, 18.0, 17.0]",20,15,521.0
temporal_artillery,Temporal Artillery,"['mod', 'warframe', 'protea', 'augment', 'rare']",,0,6,0.0,0,14,16.8,0,39,13.3,14.0,12.5,"[14.0, 13.0, 14.0, 14.0, 13.0, 12.0, 14.0]",15.0,10,520.0
strun_prime_receiver,Strun Prime Receiver,"['component', 'weapon', 'prime']",15,3,12,0.25,6,10,10.0,4,52,8.0,7.0,6.0,"[9.0, 9.0, 8.0, 8.0, 6.5, 8.0, 7.0]",10,5.0,519.4
carmine_penta_receiver,Carmine Penta Receiver,"['component', 'weapon']",,1,8,0.12,13,19,21.2,6,27,17.1,17.5,18,"[19.0, 18.0, 17.0, 15.0, 17.0, 19.0, 17.5]",22,14.5,518.6
carmine_penta_stock,Carmine Penta Stock,"['component', 'weapon']",,0,4,0.0,0,30,18.5,0,29,17.8,17.0,18.5,"[18.0, 20.0, 19.0, 16.0, 19.0, 18.0, 17.0]",20,14.0,515.5
primary_blight,Primary Blight,"['rare', 'arcane_enhancement']",,1,9,0.11,1,4,4.6,3,132,3.5,4.0,4,"[4.0, 4.0, 4.0, 4.0, 3.165, 4.0, 4.0]",4.0,3,514.4
arcane_precision,Arcane Precision,"['arcane_enhancement', 'rare']",,1,14,0.07,3,5,5.4,2,75,6.4,5.0,5.0,"[5.0, 5.0, 6.0, 6.0, 6.0, 5.0, 5.0]",6.5,4,514.3
imperator_vandal_receiver,Imperator Vandal Receiver,"['component', 'weapon']",,0,1,0.0,0,44,44.0,0,30,17.0,19.0,15.0,"[16.0, 17.0, 15.0, 18.0, 19.5, 17.0, 19.0]",30,11.5,510.5
tenora_prime_stock,Tenora Prime Stock,"['component', 'weapon', 'prime']",45,2,3,0.67,5,10,25.0,5,32,9.5,9.0,9.5,"[10.0, 9.0, 10.0, 8.0, 9.0, 10.0, 9.0]",10,8,509.2
lethal_momentum,Lethal Momentum,"['mod', 'uncommon', 'pistol', 'secondary']",,0,15,0.0,0,5,6.2,0,67,7.6,7.0,7.0,"[8.0, 8.0, 7.5, 8.0, 8.0, 8.0, 7.0]",9.0,6.0,509.0
berserker_fury,Berserker Fury,"['mod', 'melee', 'rare']",,0,29,0.0,0,4,4.8,0,108,4.7,5.0,5,"[5.0, 5.0, 5.0, 5.0, 5.0, 5.0, 5.0]",5,4.5,505.0
purified_heciphron,Purified Heciphron,['gem'],,2,9,0.22,6,2,4.0,-4,271,1.5,1.8,1.8,"[1.67, 1.75, 1.67, 1.67, 1.5, 1.5, 1.75]",2,0.2,502.2
arcane_locust_helmet,Arcane Locust Helmet,"['arcane_helmet', 'skin']",,2,2,1.0,100,300,205.0,200,1,250.0,250.0,205.0,"[250.0, 250.0, 150.0, 175.0, 240.0, 250.0, 250.0]",375.0,70,500.0
energy_nexus,Energy Nexus,"['mod', 'rare', 'warframe']",,0,19,0.0,0,4,4.6,0,115,4.3,4.0,4.0,"[5.0, 5.0, 5.0, 5.0, 5.0, 5.0, 4.0]",5,4,498.5
primed_tactical_pump,Primed Tactical Pump,"['mod', 'legendary', 'primary', 'shotgun']",,1,12,0.08,25,44,51.6,19,11,41.8,40.0,44,"[48.0, 44.0, 50.0, 42.5, 49.0, 40.0, 40.0]",50,31.0,498.3
larkspur_prime_stock,Larkspur Prime Stock,"['component', 'weapon', 'prime']",45,1,7,0.14,4,7,8.8,3,61,7.1,7.0,7,"[7.0, 6.0, 7.0, 7.0, 7.0, 8.0, 7.0]",8,5.0,497.1
banshee_prime_blueprint,Banshee Prime Blueprint,"['warframe', 'blueprint', 'prime']",45,2,19,0.11,7,5,8.4,-2,51,8.8,8.0,6.5,"[9.0, 9.0, 8.0, 9.0, 8.0, 9.0, 8.0]",9.5,5.0,496.8
charged_bullets,Charged Bullets,"['rare', 'primary', 'mod', 'archwing', 'archgun']",,0,15,0.0,0,9,9.8,0,50,9.9,10.0,10,"[10.0, 9.5, 10.0, 10.0, 10.0, 10.0, 10.0]",10,9.0,494.0
lua_zenurik_lens,Lua Zenurik Lens,"['focus', 'lens']",,1,7,0.14,15,45,48.0,30,11,39.3,40.0,39.5,"[40.0, 39.0, 40.0, 37.5, 38.0, 37.0, 40.0]",45.0,32.5,493.7
gyre_prime_blueprint,Gyre Prime Blueprint,"['warframe', 'prime', 'blueprint']",45,0,18,0.0,0,4,4.8,0,143,3.5,3.0,5.0,"[4.0, 4.0, 4.0, 4.0, 3.0, 4.0, 3.0]",5.0,3.0,493.5
augur_message,Augur Message,"['mod', 'common', 'warframe']",,0,16,0.0,0,4,4.4,0,101,4.9,5.0,5.0,"[5.0, 5.0, 5.0, 5.0, 5.0, 5.0, 5.0]",5,5,493.0
tekko_prime_gauntlet,Tekko Prime Gauntlet,"['component', 'weapon', 'prime']",15,0,12,0.0,0,8,9.2,0,59,8.3,8.0,8,"[9.0, 6.5, 7.5, 8.0, 8.0, 8.5, 8.0]",9,6.0,492.5
vicious_bond,Vicious Bond,"['mod', 'rare', 'sentinel', 'companion']",,0,15,0.0,0,13,14.2,0,35,14.1,15.0,15,"[14.0, 14.0, 14.0, 14.0, 14.0, 14.0, 15.0]",17.0,13,492.5
primed_smite_corpus,Primed Smite Corpus,"['mod', 'legendary', 'melee']",,1,10,0.1,30,38,49.4,8,11,40.5,40.0,34.0,"[42.0, 49.0, 40.0, 40.0, 40.0, 38.5, 40.0]",53.0,19.0,490.6
cedo_prime_barrel,Cedo Prime Barrel,"['component', 'weapon', 'prime']",45,1,12,0.08,2,5,5.2,3,105,4.3,5.0,5,"[4.0, 4.0, 4.0, 5.0, 5.0, 4.0, 5.0]",6.0,4.0,489.1
meso_n3_relic,Meso N3 Relic,"['relic', 'meso']",,6,0,60.0,42,0,0.0,0,1,8.0,8.0,14.0,"[10.0, 25.0, 5.0, 15.0, 25.0, 8.0, 8.0]",35,5,488.0
arcane_camisado,Arcane Camisado,"['rare', 'arcane_enhancement']",,0,15,0.0,0,2,2.0,0,235,2.1,2.0,2,"[2.0, 2.0, 2.0, 2.0, 2.0, 2.0, 2.0]",2,2,487.7
ambush,Ambush,"['mod', 'rare', 'sentinel', 'shade']",,0,5,0.0,0,54,64.4,0,9,54.1,50.0,53.0,"[50.0, 52.0, 56.5, 50.0, 49.5, 59.0, 50.0]",60.0,45.0,487.0
lavos_prime_blueprint,Lavos Prime Blueprint,"['warframe', 'prime', 'blueprint']",45,1,29,0.03,2,4,4.2,2,132,3.6,3.0,3.0,"[4.0, 3.0, 4.0, 3.0, 3.0, 3.0, 3.0]",4.0,2,486.7
volcanic_edge,Volcanic Edge,"['mod', 'melee', 'rare']",,0,25,0.0,0,5,7.6,0,62,7.8,7.5,9,"[7.0, 8.0, 8.0, 7.0, 8.0, 7.0, 7.5]",9.0,7.0,484.0
destreza_prime_handle,Destreza Prime Handle,"['component', 'weapon', 'prime']",15,1,20,0.05,10,7,9.4,-3,36,12.8,10.0,10.0,"[15.0, 14.0, 14.0, 15.0, 13.0, 13.0, 10.0]",25.0,8.0,482.5
trinity_prime_systems_blueprint,Trinity Prime Systems Blueprint,"['component', 'prime', 'warframe', 'blueprint']",15,2,14,0.14,5,6,7.2,1,50,8.4,8.0,8.0,"[9.0, 9.0, 8.0, 9.0, 9.0, 8.0, 8.0]",9.0,5.0,482.3
inaros_prime_systems_blueprint,Inaros Prime Systems Blueprint,"['component', 'prime', 'warframe', 'blueprint']",15,1,13,0.08,5,8,9.2,3,66,6.8,7.0,8,"[7.0, 7.0, 7.0, 7.0, 7.0, 6.0, 7.0]",9,5.0,481.9
axi_e2_relic,Axi E2 Relic,"['relic', 'axi']",,2,3,0.67,12,13,17.3,1,34,8.5,10.0,8.0,"[8.0, 7.0, 7.0, 9.67, 6.0, 10.0, 10.0]",10,5,481.7
yareli_prime_blueprint,Yareli Prime Blueprint,"['warframe', 'prime', 'blueprint']",45,1,28,0.04,2,3,3.8,1,155,3.0,3.0,3.0,"[3.0, 3.0, 3.0, 3.0, 3.0, 3.0, 3.0]",4,2,481.6
hall_of_malevolence,Hall Of Malevolence,"['mod', 'warframe', 'mirage', 'augment', 'rare']",,0,6,0.0,0,10,12.6,0,46,10.5,10.0,10.0,"[10.0, 10.0, 10.0, 10.0, 10.0, 10.0, 10.0]",10,10,481.5
shedu_chassis,Shedu Chassis,"['component', 'weapon']",,0,7,0.0,0,9,10.8,0,51,9.4,10.0,10,"[9.0, 10.0, 10.0, 10.0, 9.0, 10.0, 10.0]",10.0,8,481.0
swift_bite,Swift Bite,"['mod', 'warframe', 'augment', 'rare', 'lavos']",,1,6,0.17,7,10,15.0,3,31,13.3,14.0,13.0,"[14.0, 14.0, 14.0, 15.0, 14.0, 15.0, 14.0]",15.0,10.0,480.7
meso_n6_relic,Meso N6 Relic,"['relic', 'meso']",,6,5,1.2,30,7,11.0,-23,43,5.1,5.0,5.0,"[4.0, 7.0, 6.335, 4.0, 7.0, 7.5, 5.0]",30,4.0,479.6
harrow_prime_blueprint,Harrow Prime Blueprint,"['warframe', 'blueprint', 'prime']",45,1,19,0.05,3,5,6.6,2,77,5.9,5.0,5.0,"[5.0, 5.0, 5.0, 5.0, 5.0, 5.0, 5.0]",7,5.0,478.9
ballistica_prime_lower_limb,Ballistica Prime Lower Limb,"['component', 'weapon', 'prime']",15,1,6,0.17,5,10,15.0,5,44,9.3,9.0,9.0,"[9.0, 10.0, 9.0, 10.0, 10.0, 9.0, 9.0]",20.0,7.0,476.6
empowered_blades,Empowered Blades,"['mod', 'rare', 'aura']",,3,2,1.5,18,55,62.5,37,5,38.0,45.0,40.0,"[45.0, 49.0, 47.5, 47.0, 42.0, 35.0, 45.0]",50,30,475.0
spectra_vandal_set,Spectra Vandal Set,"['weapon', 'modular', 'secondary', 'set']",,1,30,0.03,20,15,17.4,-5,25,18.4,18.0,19.0,"[18.0, 18.0, 18.0, 18.0, 18.0, 18.0, 18.0]",24.5,15.0,474.3
burston_prime_barrel,Burston Prime Barrel,"['component', 'weapon', 'prime']",45,1,15,0.07,1,3,3.8,2,130,3.4,3.0,4,"[4.0, 3.0, 3.0, 3.0, 3.0, 3.0, 3.0]",5,3,473.1
omikujis_fortune,Omikuji's Fortune,"['mod', 'warframe', 'augment', 'koumei', 'rare']",,0,8,0.0,0,9,12.2,0,35,13.5,13.5,12.5,"[13.5, 12.0, 13.0, 14.0, 13.0, 14.0, 13.5]",15,10,472.5
dreadful_killshot,Dreadful Killshot,"['mod', 'rare', 'primary', 'basmu']",,1,3,0.33,5,30,41.3,25,17,20.8,20.0,21.0,"[23.0, 18.0, 19.0, 17.5, 20.0, 20.0, 20.0]",50,8.0,472.0
dual_keres_prime_blueprint,Dual Keres Prime Blueprint,"['prime', 'melee', 'weapon', 'blueprint']",100,2,13,0.15,10,14,16.6,4,29,14.1,14.0,15.0,"[14.0, 14.0, 14.0, 16.5, 14.0, 15.0, 14.0]",20,13.0,471.9
vital_sense,Vital Sense,"['mod', 'rare', 'rifle', 'primary']",,0,18,0.0,0,4,4.8,0,112,4.2,4.0,5.0,"[5.0, 5.0, 5.0, 4.0, 4.0, 5.0, 4.0]",5,4.0,471.0
astilla_prime_stock,Astilla Prime Stock,"['component', 'weapon', 'prime']",45,1,20,0.05,2,7,7.0,5,79,5.7,6.0,5.0,"[5.0, 5.0, 5.0, 5.0, 6.0, 5.0, 6.0]",7.0,4.0,470.4
pathocyst_set,Pathocyst Set,"['weapon', 'melee', 'set']",,0,2,0.0,0,38,38.5,0,12,39.2,40.0,40.0,"[42.0, 35.0, 35.0, 37.5, 40.0, 35.0, 40.0]",50,25.0,470.0
bronco_prime_barrel,Bronco Prime Barrel,"['component', 'weapon', 'prime']",45,5,17,0.29,2,2,3.2,0,135,2.7,2.0,3,"[2.0, 3.0, 2.0, 2.0, 2.0, 2.0, 2.0]",4.0,2,468.5
mara_detron,Mara Detron,"['weapon', 'secondary']",,5,15,0.33,50,65,67.6,15,6,58.5,65.0,63.5,"[65.0, 60.0, 42.5, 40.0, 65.0, 64.0, 65.0]",89,30.0,468.0
supra_vandal,Supra Vandal,"['primary', 'weapon']",,4,20,0.2,30,55,60.8,25,9,43.3,37.5,59.0,"[35.0, 40.0, 45.0, 39.0, 40.0, 47.0, 37.5]",79,35.0,468.0
synergized_prospectus,Synergized Prospectus,"['mod', 'rare', 'sentinel', 'hound']",,0,3,0.0,0,30,41.7,0,18,26.0,28.0,20,"[20.5, 23.5, 25.0, 26.5, 25.5, 27.5, 28.0]",30.0,15,467.5
kronen_prime_handle,Kronen Prime Handle,"['component', 'weapon', 'prime']",45,1,8,0.12,7,9,10.4,2,49,8.4,8.0,9.0,"[9.0, 9.0, 9.0, 9.0, 8.0, 7.0, 8.0]",10,7.0,465.7
revenant_prime_chassis_blueprint,Revenant Prime Chassis Blueprint,"['component', 'warframe', 'prime', 'blueprint']",15,1,21,0.05,4,4,4.8,0,83,5.3,5.0,6,"[5.0, 6.0, 6.0, 5.0, 6.0, 5.0, 5.0]",7,5.0,465.1
axi_p1_relic,Axi P1 Relic,"['relic', 'axi']",,3,0,30.0,12,0,0.0,0,1,15.0,17.5,40,"[40.0, 40.0, 15.0, 40.0, 30.0, 10.0, 17.5]",40,10.0,465.0
neo_a1_relic,Neo A1 Relic,"['relic', 'neo']",,3,0,30.0,24,0,0.0,0,3,5.0,5.0,8.5,"[15.0, 10.0, 3.0, 20.0, 12.0, 20.0, 5.0]",20,3.0,465.0
meso_f4_relic,Meso F4 Relic,"['meso', 'relic']",,9,2,4.5,42,15,17.5,-27,6,14.0,14.0,14.0,"[10, 15.0, 7.0, 10.0, 10.0, 10.0, 14.0]",35,6,462.0
akbolto_prime_barrel,Akbolto Prime Barrel,"['component', 'weapon', 'prime']",45,1,8,0.12,5,9,10.0,4,48,8.6,9.0,9.0,"[9.0, 9.0, 8.0, 8.0, 9.0, 8.0, 9.0]",10,7.0,461.8
dual_keres_prime_handle,Dual Keres Prime Handle,"['prime', 'weapon', 'component']",45,1,10,0.1,4,5,7.2,1,63,6.7,7.0,8.0,"[8.0, 7.5, 7.0, 7.0, 6.0, 7.0, 7.0]",9,6,461.5
restorative_bond,Restorative Bond,"['mod', 'rare', 'sentinel', 'companion']",,0,13,0.0,0,15,16.0,0,31,14.9,15.0,15.0,"[15.0, 15.0, 15.0, 15.0, 15.0, 15.0, 15.0]",17,14,461.5
shedu_handle,Shedu Handle,"['component', 'weapon']",,1,7,0.14,7,10,11.2,3,44,9.2,9.0,10.0,"[10.0, 9.0, 9.0, 10.0, 10.0, 10.0, 9.0]",10.0,8.0,460.6
bell_ringer,Bell Ringer,"['mod', 'uncommon', 'melee', 'claws']",,0,2,0.0,0,15,17.5,0,39,11.8,10.5,12.0,"[12.0, 10.0, 13.0, 10.5, 12.0, 11.0, 10.5]",15.0,10.0,460.0
thermal_transfer,Thermal Transfer,"['mod', 'warframe', 'gauss', 'augment', 'rare']",,0,5,0.0,0,10,14.0,0,43,10.7,10.0,10.0,"[11.0, 12.0, 12.0, 13.0, 11.0, 11.0, 10.0]",14.0,10.0,459.5
arcane_vanguard_helmet,Arcane Vanguard Helmet,"['arcane_helmet', 'skin']",,2,3,0.67,100,900,375.0,800,1,275.0,275.0,375,"[350.0, 400.0, 350.0, 399.0, 350.0, 365.0, 275.0]",949.5,175,458.3
temporal_erosion,Temporal Erosion,"['mod', 'warframe', 'protea', 'augment', 'rare']",,0,7,0.0,0,14,16.4,0,33,13.8,14.0,13,"[14.0, 15.0, 14.0, 14.0, 14.0, 14.0, 14.0]",15.0,10,456.0
trapezium_xenorhast,Trapezium Xenorhast,['gem'],,1,9,0.11,1,2,4.2,1,208,2.0,2.0,2.2,"[1.83, 1.915, 2.25, 2.0, 2.0, 2.0, 2.0]",5,1.5,454.6
corinth_prime_blueprint,Corinth Prime Blueprint,"['weapon', 'prime', 'primary', 'blueprint']",15,0,11,0.0,0,4,6.0,0,84,5.4,6.0,5.0,"[7.0, 7.0, 5.0, 5.0, 5.0, 5.0, 6.0]",7,4,454.5
wyrm_prime_cerebrum,Wyrm Prime Cerebrum,"['component', 'weapon', 'prime']",15,1,11,0.09,7,18,19.0,11,22,18.9,20.0,19,"[17.5, 18.0, 20.0, 20.0, 19.5, 19.0, 20.0]",20,16,453.3
mantis_set,Mantis Set,['set'],,1,13,0.08,17,24,24.8,7,22,19.1,20.0,20.0,"[20.0, 20.0, 20.0, 20.0, 19.5, 20.0, 20.0]",25.0,15.0,452.8
gladiator_vice,Gladiator Vice,"['mod', 'rare', 'melee']",,1,22,0.05,5,8,9.0,3,49,8.8,9.0,8.0,"[9.0, 9.0, 8.0, 9.0, 9.0, 8.0, 9.0]",10.0,8,450.1
lith_p1_relic,Lith P1 Relic,"['relic', 'lith']",,4,2,2.0,5,8,9.0,3,30,5.0,6.0,5.0,"[4.0, 7.0, 3.0, 5.0, 2.0, 5.0, 6.0]",15,2.0,450.0
primary_crux,Primary Crux,"['rare', 'arcane_enhancement']",,0,17,0.0,0,2,2.0,0,202,2.2,2.0,2.0,"[2.0, 2.0, 2.0, 2.0, 2.0, 2.0, 2.0]",2,1.5,449.4
volnus_prime_head,Volnus Prime Head,"['component', 'weapon', 'prime']",45,2,10,0.2,4,4,7.4,0,61,6.1,7.0,6.5,"[7.0, 7.0, 6.0, 6.5, 6.0, 6.0, 7.0]",8.0,5,448.8
shotgun_cannonade,Semi-Shotgun Cannonade,"['mod', 'uncommon', 'primary', 'shotgun']",,0,13,0.0,0,7,7.6,0,76,5.9,6.0,5.0,"[8.0, 7.0, 6.0, 5.0, 6.0, 5.0, 6.0]",8.0,4,447.5
hildryn_prime_systems_blueprint,Hildryn Prime Systems Blueprint,"['component', 'prime', 'warframe', 'blueprint']",15,0,25,0.0,0,2,3.6,0,111,4.0,4.0,4.0,"[4.0, 4.0, 4.0, 4.0, 4.0, 4.0, 4.0]",5,4,446.5
auger_strike,Auger Strike,"['mod', 'melee', 'rare']",,1,4,0.25,15,25,35.8,10,17,21.0,20.0,19.5,"[25.0, 25.0, 25.0, 20.0, 20.0, 22.5, 20.0]",27.5,14,446.2
primed_venomous_clip,Primed Venomous Clip,"['primary', 'archwing', 'legendary', 'mod', 'archgun']",,1,26,0.04,20,35,37.0,15,14,30.6,30.0,40.0,"[34.5, 29.0, 34.0, 32.0, 35.0, 35.0, 30.0]",50,29.0,444.5
chromatic_blade,Chromatic Blade,"['mod', 'warframe', 'excalibur', 'augment', 'rare']",,0,10,0.0,0,10,10.0,0,46,9.7,10.0,10,"[9.0, 10.0, 10.0, 10.0, 10.0, 10.0, 10.0]",10,9,444.0
imperator_vandal_barrel,Imperator Vandal Barrel,"['component', 'weapon']",,0,3,0.0,0,14,28.3,0,29,15.3,15.0,10.0,"[15.0, 14.0, 15.0, 16.5, 15.0, 15.0, 15.0]",16.5,9,443.5
mesa_prime_blueprint,Mesa Prime Blueprint,"['blueprint', 'prime', 'warframe']",45,1,30,0.03,1,5,5.0,4,84,5.1,5.0,6.0,"[5.0, 6.0, 5.0, 6.0, 5.0, 5.0, 5.0]",8.0,5,443.3
machete_wraith,Machete Wraith,"['weapon', 'melee']",,1,13,0.08,31,60,70.0,29,7,58.7,59.5,42.5,"[50.0, 56.0, 55.0, 45.0, 55.0, 60.0, 59.5]",60.0,25,442.6
daikyu_prime_lower_limb,Daikyu Prime Lower Limb,"['component', 'weapon', 'prime']",45,3,9,0.33,2,3,4.2,1,110,3.0,3.0,3,"[3.0, 3.0, 3.0, 2.0, 2.0, 3.0, 3.0]",4.0,2.0,441.3
pangolin_prime_blade,Pangolin Prime Blade,"['component', 'weapon', 'prime']",45,1,14,0.07,2,7,8.2,5,64,6.4,7.0,8.0,"[8.0, 7.0, 7.0, 7.0, 7.0, 7.0, 7.0]",9.5,6,440.4
primed_expel_corpus,Primed Expel Corpus,"['mod', 'legendary', 'secondary', 'pistol']",,1,10,0.1,25,59,66.6,34,8,50.0,55.5,49.0,"[55.0, 45.0, 50.0, 50.0, 50.0, 50.0, 55.5]",60.0,37.5,440.0
axi_d6_relic,Axi D6 Relic,"['axi', 'relic']",,3,1,3.0,12,15,15.0,3,55,2.0,2.0,2.0,"[1.83, 2.0, 1.415, 1.33, 2.25, 2.0, 2.0]",5,1.33,440.0
athodai_prime_blueprint,Athodai Prime Blueprint,"['prime', 'secondary', 'weapon', 'blueprint']",15,2,15,0.13,3,4,4.8,1,83,4.7,4.0,5.0,"[5.0, 5.0, 5.0, 4.0, 4.0, 4.0, 4.0]",16.0,4.0,439.2
vasto_prime_blueprint,Vasto Prime Blueprint,"['weapon', 'prime', 'secondary', 'blueprint']",45,1,20,0.05,2,5,5.8,3,80,5.2,5.0,5.0,"[6.0, 5.0, 5.0, 6.0, 5.0, 5.0, 5.0]",7.5,4.0,438.9
secondary_fortifier,Secondary Fortifier,"['rare', 'arcane_enhancement']",,1,6,0.17,4,4,3.0,0,113,3.3,3.0,3.0,"[3.83, 3.0, 4.0, 3.0, 4.0, 4.0, 3.0]",4.0,2.0,438.7
parallax_engines_blueprint,Parallax Engines Blueprint,['blueprint'],,0,17,0.0,0,7,7.4,0,64,6.8,7.0,6.0,"[5.0, 8.0, 7.0, 7.0, 7.0, 7.0, 7.0]",8.0,5,438.0
hysterical_assault,Hysterical Assault,"['mod', 'warframe', 'valkyr', 'augment', 'rare']",,0,4,0.0,0,18,19.0,0,30,14.6,15.0,15.0,"[16.5, 15.0, 15.0, 17.5, 14.5, 15.0, 15.0]",20.0,10,437.0
baruuk_prime_systems_blueprint,Baruuk Prime Systems Blueprint,"['prime', 'component', 'warframe', 'blueprint']",15,2,13,0.15,8,6,9.0,-2,58,6.5,6.0,7.0,"[8.0, 7.0, 7.0, 6.0, 7.0, 7.0, 6.0]",9.0,5,433.8
quanta_vandal,Quanta Vandal,"['primary', 'weapon']",,3,16,0.19,40,59,69.8,19,7,52.1,46.0,50.0,"[52.0, 55.0, 60.0, 50.0, 52.0, 57.5, 46.0]",89.0,33.0,433.4
bhaira_hound_blueprint,Bhaira Hound Blueprint,"['blueprint', 'secondary', 'hound']",,1,4,0.25,19,35,37.0,16,17,20.4,20.0,20.0,"[20.0, 20.0, 20.0, 19.5, 20.0, 20.0, 20.0]",32.5,15.0,432.5
twin_vipers_wraith_link,Twin Vipers Wraith Link,"['component', 'weapon']",,1,1,1.0,10,15,15.0,5,15,14.4,14.0,14.5,"[15.0, 17.0, 16.5, 13.5, 16.0, 17.0, 14.0]",22,9,432.0
shred,Shred,"['mod', 'rare', 'rifle', 'primary']",,0,14,0.0,0,5,6.8,0,75,5.8,5.0,5.0,"[6.0, 7.0, 6.0, 6.5, 5.5, 6.0, 5.0]",7.0,4.0,432.0
lith_l2_relic,Lith L2 Relic,"['relic', 'lith']",,3,1,3.0,18,7,7.0,-11,24,4.5,4.0,5.0,"[7.0, 7.0, 5.83, 4.0, 6.0, 5.0, 4.0]",10,3,432.0
arcane_arachne,Arcane Arachne,"['arcane_enhancement', 'rare']",,0,7,0.0,0,4,6.2,0,97,4.4,4.0,4.0,"[4.0, 5.0, 5.0, 4.0, 4.0, 4.0, 4.0]",5.0,2,429.5
galvanized_scope,Galvanized Scope,"['mod', 'rare', 'primary', 'rifle']",,1,15,0.07,6,8,9.6,2,44,9.1,9.0,10.0,"[9.0, 9.0, 9.0, 9.0, 9.0, 9.0, 9.0]",10,9.0,429.3
shade_prime_cerebrum,Shade Prime Cerebrum,"['component', 'weapon', 'prime']",15,0,14,0.0,0,7,8.4,0,68,6.3,7.0,5.0,"[7.0, 7.0, 7.0, 7.0, 7.0, 6.0, 7.0]",7.0,5.0,429.0
primed_morphic_transformer,Primed Morphic Transformer,"['mod', 'legendary', 'archwing']",,0,14,0.0,0,40,54.8,0,9,47.6,47.5,49.0,"[50.0, 49.0, 46.5, 50.0, 50.0, 59.0, 47.5]",60.0,39.0,428.0
sunika_kubrow_imprint,Sunika Kubrow Imprint,"['kubrow', 'pet', 'imprint']",,0,20,0.0,0,8,9.6,0,55,7.8,7.0,8.0,"[8.0, 8.5, 8.0, 7.0, 7.5, 7.0, 7.0]",15,6.0,428.0
power_donation,Power Donation,"['mod', 'rare', 'aura']",,0,13,0.0,0,10,10.4,0,44,9.7,10.0,10.0,"[14.0, 10.0, 10.0, 10.0, 10.0, 10.0, 10.0]",14,10,427.5
zephyr_prime_neuroptics_blueprint,Zephyr Prime Neuroptics Blueprint,"['component', 'prime', 'warframe', 'blueprint']",15,1,20,0.05,3,4,5.8,1,73,5.6,5.0,5.0,"[5.0, 5.0, 5.0, 5.0, 5.0, 5.0, 5.0]",7,5.0,427.4
axi_g8_relic,Axi G8 Relic,"['relic', 'axi']",,6,0,60.0,36,0,0.0,0,2,3.5,3.5,10,"[10.0, 10.0, 15.0, 10.0, 7.0, 8.0, 3.5]",15.0,3.5,427.0
quassus_prime_blueprint,Quassus Prime Blueprint,"['melee', 'weapon', 'prime', 'blueprint']",45,3,22,0.14,2,2,2.8,0,136,2.8,3.0,3,"[3.0, 2.0, 2.0, 2.0, 2.0, 2.0, 3.0]",3,2.0,426.1
tiberon_prime_barrel,Tiberon Prime Barrel,"['component', 'weapon', 'prime']",65,0,10,0.0,0,12,15.4,0,35,12.2,12.0,12.0,"[13.0, 13.0, 11.0, 11.0, 12.0, 12.0, 12.0]",15.0,9.5,426.0
nezha_prime_blueprint,Nezha Prime Blueprint,"['blueprint', 'prime', 'warframe']",45,1,22,0.05,4,6,7.2,2,59,6.9,7.0,7.0,"[7.0, 7.0, 7.0, 6.0, 7.0, 7.0, 7.0]",7.0,5.0,425.0
dual_keres_prime_blade,Dual Keres Prime Blade,"['prime', 'weapon', 'component']",15,0,4,0.0,0,15,7.0,0,59,7.2,8.0,7.0,"[7.0, 6.0, 7.0, 8.0, 6.5, 7.0, 8.0]",9,5.0,425.0
arcane_tempo,Arcane Tempo,['arcane_enhancement'],,0,5,0.0,0,4,5.4,0,91,4.7,4.0,3,"[3.0, 3.0, 2.0, 3.0, 3.0, 3.5, 4.0]",4.0,1,423.5
neo_v2_relic,Neo V2 Relic,"['relic', 'neo']",,2,5,0.4,6,4,7.8,-2,92,3.3,3.0,4.0,"[5.0, 5.0, 4.0, 4.0, 4.33, 3.5, 3.0]",5,2,422.8
axi_a1_relic,Axi A1 Relic,"['relic', 'axi']",,3,1,3.0,18,15,15.0,-3,7,15.0,15.0,10.5,"[10.0, 10.0, 11.0, 16.67, 8.0, 15.0, 15.0]",25,1.0,420.0
martyr_symbiosis,Martyr Symbiosis,"['mod', 'rare', 'kavat', 'vulpaphyla']",,0,10,0.0,0,12,14.0,0,41,10.2,10.0,10.0,"[12.0, 10.0, 10.0, 10.0, 10.0, 10.0, 10.0]",14.0,10,419.5
boar_prime_receiver,Boar Prime Receiver,"['component', 'weapon', 'prime']",15,2,8,0.25,10,14,20.0,4,23,14.6,14.0,14,"[15.0, 15.0, 14.0, 13.0, 15.0, 15.0, 14.0]",20,10.0,418.8
fulmination,Fulmination,"['mod', 'pistol', 'secondary', 'rare']",,0,1,0.0,0,60,60.0,0,10,41.8,40.0,45.0,"[39.0, 37.5, 45.5, 45.0, 42.0, 45.0, 40.0]",50,37.5,418.0
octavia_prime_neuroptics_blueprint,Octavia Prime Neuroptics Blueprint,"['blueprint', 'warframe', 'prime', 'component']",15,0,19,0.0,0,5,6.2,0,82,5.1,5.0,5.0,"[5.0, 5.0, 5.0, 5.0, 5.0, 5.0, 5.0]",6,5.0,418.0
hata_satya,Hata-Satya,"['mod', 'rare', 'primary', 'soma_prime']",,0,7,0.0,0,15,18.2,0,25,16.7,17.0,15.0,"[15.0, 17.0, 17.0, 18.0, 18.0, 15.0, 17.0]",20.0,13.0,417.5
unseen_dread,Unseen Dread,"['mod', 'rare', 'primary', 'dread']",,1,12,0.08,10,30,38.0,20,14,27.5,30.0,25.0,"[29.0, 25.0, 29.0, 28.0, 25.0, 25.0, 30.0]",50,10,417.1
fracturing_crush,Fracturing Crush,"['mag', 'mod', 'warframe', 'augment', 'rare']",,0,3,0.0,0,14,16.3,0,32,13.0,14.0,14,"[13.0, 13.0, 13.0, 13.0, 13.0, 13.0, 14.0]",15,10.0,416.5
arcane_crepuscular,Arcane Crepuscular,"['rare', 'arcane_enhancement']",,0,25,0.0,0,2,2.8,0,199,2.1,2.0,2.0,"[2.0, 2.0, 2.0, 2.0, 2.0, 2.0, 2.0]",3.0,2,415.9
stalking_fan,Stalking Fan,"['mod', 'rare', 'stance', 'scythes']",,0,10,0.0,0,10,11.8,0,44,9.4,10.0,10.0,"[10.0, 10.0, 9.0, 9.0, 9.0, 10.0, 10.0]",10,9.0,414.5
biting_frost,Biting Frost,"['mod', 'warframe', 'augment', 'rare', 'frost']",,0,7,0.0,0,10,13.8,0,36,11.5,10.0,10.0,"[10.0, 10.0, 10.0, 10.0, 10.0, 10.0, 10.0]",13,9,413.5
akmagnus_prime_link,Akmagnus Prime Link,"['component', 'prime', 'weapon']",45,0,4,0.0,0,15,10.0,0,44,9.4,9.0,10,"[9.5, 10.0, 10.0, 9.0, 10.0, 10.0, 9.0]",15,8,412.5
vericres,Vericres,"['melee', 'weapon']",,0,12,0.0,0,70,75.6,0,7,58.9,60.0,50.0,"[64.5, 70.0, 65.0, 53.0, 63.0, 60.0, 60.0]",75.5,30,412.0
galvanized_savvy,Galvanized Savvy,"['mod', 'rare', 'primary', 'shotgun']",,1,20,0.05,6,9,9.8,3,43,9.1,9.0,9.0,"[9.0, 9.0, 9.0, 9.0, 9.0, 9.0, 9.0]",10,9,411.6
gorgon_wraith_set,Gorgon Wraith Set,"['primary', 'weapon', 'set']",,0,16,0.0,0,9,11.8,0,39,10.6,10.0,10.0,"[10.0, 10.0, 10.0, 10.0, 13.5, 10.0, 10.0]",15,9,411.5
saryn_prime_systems_blueprint,Saryn Prime Systems Blueprint,"['component', 'prime', 'warframe', 'blueprint']",15,0,24,0.0,0,5,7.0,0,60,6.9,7.0,7.0,"[8.0, 7.0, 7.0, 7.0, 7.0, 6.5, 7.0]",8.0,6,411.5
steflos_set,Steflos Set,"['weapon', 'primary', 'set']",,0,8,0.0,0,20,46.0,0,11,37.4,42.5,32.5,"[29.5, 35.0, 30.0, 29.5, 35.0, 37.5, 42.5]",42.5,20.0,411.0
strun_prime_stock,Strun Prime Stock,"['component', 'weapon', 'prime']",45,1,21,0.05,5,8,9.0,3,47,8.3,8.0,8,"[10.0, 9.0, 9.0, 8.0, 10.0, 7.5, 8.0]",10,7.0,410.7
neo_a8_relic,Neo A8 Relic,"['relic', 'neo']",,4,0,40.0,12,0,0.0,0,1,10.0,6.0,5.5,"[3, 6, 12, 8.0, 4.0, 5.0, 6.0]",12,3,410.0
axi_g9_relic,Axi G9 Relic,"['relic', 'axi']",,4,0,40.0,24,0,0.0,0,1,10.0,10.0,9.0,"[15, 14, 6, 8.0, 8.0, 10.0]",15,6,410.0
athodai_blueprint,Athodai Blueprint,"['weapon', 'secondary', 'blueprint']",,1,5,0.2,6,16,31.8,10,21,16.2,15.0,15.0,"[15.0, 20.0, 15.0, 17.5, 17.5, 15.0, 15.0]",20.0,13.0,409.2
zylok_prime_blueprint,Zylok Prime Blueprint,"['prime', 'secondary', 'weapon', 'blueprint']",100,2,10,0.2,6,10,12.4,4,34,10.0,10.0,10.0,"[10.0, 10.0, 10.0, 12.0, 10.0, 10.0, 10.0]",15.0,9,409.2
cela_bracket_blueprint,Cela Bracket Blueprint,"['blueprint', 'secondary', 'hound']",,0,3,0.0,0,30,40.0,0,13,31.5,30.0,29.0,"[30.0, 30.0, 30.0, 20.0, 30.0, 30.0, 30.0]",49,15,409.0
primed_expel_grineer,Primed Expel Grineer,"['mod', 'legendary', 'secondary', 'pistol']",,0,11,0.0,0,45,62.8,0,8,51.0,50.0,40.0,"[45.0, 49.0, 46.0, 50.0, 52.0, 52.5, 50.0]",52.5,19,408.0
arcane_guardian,Arcane Guardian,"['uncommon', 'arcane_enhancement']",,0,13,0.0,0,3,3.6,0,126,3.2,3.5,4.0,"[4.0, 4.0, 4.0, 3.0, 3.5, 4.0, 3.5]",4,3.0,408.0
conductive_sphere,Conductive Sphere,"['gyre', 'mod', 'warframe', 'augment', 'rare']",,0,3,0.0,0,20,24.7,0,31,13.2,13.0,12.5,"[14.0, 15.0, 12.0, 15.0, 13.5, 13.5, 13.0]",15.0,10.0,408.0
agkuza_set,Agkuza Set,"['weapon', 'set', 'melee', 'archwing']",,3,4,0.75,25,40,51.2,15,5,46.6,40.0,45.0,"[39.0, 40.0, 54.5, 60.0, 54.0, 53.5, 40.0]",60.0,30.0,407.8
arcane_grace,Arcane Grace,"['legendary', 'arcane_enhancement']",,0,14,0.0,0,6,6.4,0,65,6.3,5.0,5.5,"[6.0, 5.5, 5.0, 6.0, 5.915, 6.5, 5.0]",8,5.0,407.0
ayatan_vaya_sculpture,Ayatan Vaya Sculpture,['ayatan_sculpture'],,3,14,0.21,12,4,5.2,-8,93,3.6,4.0,5.0,"[4.0, 3.0, 4.0, 6.0, 4.0, 3.0, 4.0]",9,2,405.6
lith_v11_relic,Lith V11 Relic,"['relic', 'lith']",,1,1,1.0,5,3,3.0,-2,77,2.6,2.0,2.0,"[1.67, 2.5, 1.25, 1.0, 1.0, 2.0, 2.0]",4.0,0.5,405.6
cinta_string_blueprint,Cinta String Blueprint,"['component', 'weapon', 'blueprint']",,0,2,0.0,0,10,12.0,0,33,12.3,12.0,14.0,"[13.0, 12.0, 15.0, 12.0, 13.0, 13.0, 12.0]",20.0,10.0,405.5
aksomati_prime_receiver,Aksomati Prime Receiver,"['component', 'weapon', 'prime']",15,0,11,0.0,0,9,9.6,0,48,8.4,8.0,7.5,"[8.5, 8.0, 8.0, 8.5, 8.5, 8.0, 8.0]",9.0,5.0,403.5
nautilus_prime_systems,Nautilus Prime Systems,"['component', 'prime', 'weapon']",45,4,24,0.17,2,3,3.8,1,103,3.3,3.0,3,"[3.0, 3.0, 3.0, 3.0, 3.0, 3.0, 3.0]",4.0,2,402.5
inaros_prime_chassis_blueprint,Inaros Prime Chassis Blueprint,"['component', 'prime', 'warframe', 'blueprint']",45,2,22,0.09,3,4,5.0,1,70,5.3,5.0,5,"[5.0, 5.0, 5.0, 4.0, 5.0, 5.0, 5.0]",5,4,402.0
larva_burst,Larva Burst,"['nidus', 'mod', 'warframe', 'augment', 'rare']",,1,6,0.17,10,14,16.6,4,27,12.7,14.0,12.5,"[13.0, 11.0, 14.0, 14.0, 12.0, 12.0, 14.0]",19.0,10,401.3
melee_animosity,Melee Animosity,"['rare', 'arcane_enhancement']",,1,10,0.1,2,3,4.2,1,93,3.9,4.0,4.0,"[3.5, 4.0, 3.5, 4.0, 4.0, 4.0, 4.0]",5.5,3.0,400.9
hunter_adrenaline,Hunter Adrenaline,"['common', 'mod', 'warframe']",,1,8,0.12,4,5,7.6,1,70,5.1,5.0,5.0,"[5.0, 5.0, 5.0, 5.0, 5.0, 5.0, 5.0]",5,5,400.5
elusive_posture,Elusive Posture,"['mod', 'common', 'stance', 'claws']",,0,12,0.0,0,6,6.4,0,67,6.0,6.0,6.0,"[6.0, 6.0, 7.0, 6.0, 6.0, 6.0, 6.0]",7.0,5.0,400.5
adlet_core_blueprint,Adlet Core Blueprint,"['blueprint', 'secondary', 'hound']",,0,4,0.0,0,35,51.2,0,12,33.3,30.0,25.0,"[25.0, 40.0, 44.0, 33.5, 40.0, 37.5, 30.0]",44.0,16.5,400.0
frost_prime_neuroptics_blueprint,Frost Prime Neuroptics Blueprint,"['component', 'prime', 'warframe', 'blueprint']",15,1,16,0.06,7,8,9.4,1,41,9.2,9.0,9.0,"[9.0, 9.0, 9.0, 10.0, 9.0, 9.0, 9.0]",10.0,8,399.0
grendel_prime_chassis_blueprint,Grendel Prime Chassis Blueprint,"['prime', 'component', 'warframe', 'blueprint']",45,0,13,0.0,0,5,7.0,0,77,5.2,5.0,5,"[5.0, 5.0, 5.0, 5.0, 5.0, 4.0, 5.0]",7,4.0,399.0
banshee_prime_neuroptics_blueprint,Banshee Prime Neuroptics Blueprint,"['warframe', 'component', 'blueprint', 'prime']",15,1,16,0.06,3,5,6.2,2,69,5.4,5.0,5,"[5.0, 5.0, 5.0, 5.0, 5.0, 4.0, 5.0]",5.0,4.0,398.4
dethcube_prime_systems,Dethcube Prime Systems,"['component', 'weapon', 'prime']",15,0,12,0.0,0,8,9.0,0,57,7.0,7.0,7,"[7.0, 7.5, 7.0, 7.0, 7.0, 7.0, 7.0]",8.0,5.0,397.5
parallax_fuselage_blueprint,Parallax Fuselage Blueprint,['blueprint'],,0,16,0.0,0,8,9.0,0,58,6.9,7.0,7.0,"[7.0, 5.0, 7.0, 6.0, 7.0, 7.0, 7.0]",8,5,397.5
capacitance,Capacitance,"['mod', 'warframe', 'augment', 'rare', 'volt']",,0,14,0.0,0,9,9.6,0,42,9.4,10.0,10,"[10.0, 10.0, 9.5, 10.0, 10.0, 10.0, 10.0]",10.0,9,395.5
boltor_prime_receiver,Boltor Prime Receiver,"['component', 'weapon', 'prime']",45,0,10,0.0,0,10,10.0,0,53,7.5,8.0,5.0,"[7.0, 6.5, 7.0, 7.5, 8.0, 8.0, 8.0]",10,4.5,395.0
equinox_prime_neuroptics_blueprint,Equinox Prime Neuroptics Blueprint,"['component', 'prime', 'warframe', 'blueprint']",45,2,23,0.09,5,5,6.6,0,49,7.4,7.0,7.0,"[7.0, 8.0, 7.0, 7.0, 7.0, 6.0, 7.0]",10.0,5,391.8
ankyros_prime_blade,Ankyros Prime Blade,"['component', 'weapon', 'prime']",65,1,15,0.07,7,7,9.0,0,46,8.0,9.0,8.0,"[9.0, 9.0, 9.0, 8.0, 8.0, 7.0, 9.0]",12.0,7,391.5
parallax_avionics_blueprint,Parallax Avionics Blueprint,['blueprint'],,0,11,0.0,0,5,7.4,0,62,6.3,6.0,6.0,"[5.0, 5.0, 5.0, 5.0, 6.0, 6.0, 6.0]",7.0,5,390.0
loyal_merulina,Loyal Merulina,"['mod', 'rare', 'warframe', 'yareli']",,0,6,0.0,0,12,15.0,0,30,12.9,13.0,12.0,"[12.0, 14.0, 12.0, 12.0, 13.0, 12.0, 13.0]",15.0,10,388.5
vanguard_p1_relic,Vanguard P1 Relic,"['vanguard', 'relic', 'axi']",,11,7,1.57,48,15,21.0,-33,13,11.6,7.0,10.0,"[10.0, 10.0, 11.0, 12.0, 11.0, 14.0, 7.0]",20,7,388.3
requiem_eterna_relic,Requiem Eterna Relic,"['requiem', 'relic']",,1,12,0.08,4,2,3.2,-2,192,1.9,2.0,2.0,"[2.0, 2.0, 2.0, 1.83, 2.0, 1.75, 2.0]",8.0,1,387.9
latron_prime_receiver,Latron Prime Receiver,"['component', 'weapon', 'prime']",15,2,11,0.18,10,18,23.4,8,17,19.3,19.0,18,"[19.0, 18.0, 20.0, 20.0, 20.0, 17.0, 19.0]",20,14.5,387.6
bo_prime_blueprint,Bo Prime Blueprint,"['weapon', 'prime', 'melee', 'blueprint']",15,0,13,0.0,0,19,19.6,0,22,17.6,20.0,15.0,"[16.5, 15.0, 17.0, 14.0, 16.5, 19.0, 20.0]",20.0,11.0,387.5
arcane_pistoleer,Arcane Pistoleer,"['arcane_enhancement', 'rare']",,0,11,0.0,0,3,3.8,0,104,3.7,3.0,4.0,"[4.0, 4.0, 4.0, 3.165, 3.0, 4.0, 3.0]",4,3.0,387.0
nautilus_blueprint,Nautilus Blueprint,"['sentinel', 'blueprint']",,0,6,0.0,0,15,19.0,0,27,14.3,14.0,15,"[14.0, 15.0, 14.0, 14.0, 14.5, 15.0, 14.0]",20.0,12,386.0
viral_tempest,Viral Tempest,"['mod', 'warframe', 'augment', 'hydroid', 'rare']",,1,4,0.25,6,14,17.2,8,24,12.9,11.0,13.0,"[13.0, 13.0, 13.0, 13.0, 12.0, 13.5, 11.0]",15,10.0,385.6
astilla_prime_blueprint,Astilla Prime Blueprint,"['weapon', 'prime', 'primary', 'blueprint']",45,1,21,0.05,2,4,4.6,2,86,4.3,4.0,6.0,"[4.0, 4.0, 4.0, 4.0, 4.0, 4.0, 4.0]",8.5,4.0,384.0
heart_nyth,Heart Nyth,['gem'],,0,9,0.0,0,2,6.0,0,225,1.7,1.8,2.0,"[2.0, 2.0, 2.0, 1.67, 2.0, 2.0, 1.83]",2.0,1.67,383.6
soma_prime_receiver,Soma Prime Receiver,"['component', 'weapon', 'prime']",45,1,12,0.08,5,8,9.4,3,39,9.1,9.0,9.0,"[10.0, 10.0, 10.0, 9.0, 9.0, 10.0, 9.0]",10,8.0,383.5
ayatan_hemakara_sculpture,Ayatan Hemakara Sculpture,['ayatan_sculpture'],,3,6,0.5,25,55,69.0,30,4,63.8,30.0,50,"[40.0, 52.5, 30.0, 45.0, 60.0, 75.0, 30.0]",80,15.0,382.5
arcane_rage,Arcane Rage,"['arcane_enhancement', 'rare']",,0,12,0.0,0,3,3.0,0,128,3.0,3.0,3.0,"[3.0, 3.0, 3.0, 2.5, 3.0, 3.0, 3.0]",4,2,382.0
kestrel_prime_blade,Kestrel Prime Blade,"['weapon', 'prime', 'component']",15,0,13,0.0,0,4,4.8,0,95,4.0,4.0,4.0,"[5.0, 4.0, 4.0, 3.0, 4.0, 4.0, 4.0]",5,3,382.0
latron_prime_blueprint,Latron Prime Blueprint,"['weapon', 'prime', 'primary', 'blueprint']",15,3,12,0.25,10,19,22.4,9,19,16.1,15.0,18.0,"[22.5, 18.0, 20.0, 22.0, 19.0, 18.0, 15.0]",25,13,381.9
piercing_caliber,Piercing Caliber,"['mod', 'rare', 'rifle', 'primary']",,0,5,0.0,0,30,37.0,0,14,27.2,25.0,20.0,"[20.0, 20.0, 22.5, 24.5, 24.0, 25.0, 25.0]",30.0,15.0,381.0
ayatan_cyan_star,Ayatan Cyan Star,['ayatan_star'],,2,18,0.11,3,1,1.0,-2,401,0.9,1.0,1,"[1.0, 1.0, 1.0, 0.83, 0.83, 1.0, 1.0]",4,0.67,380.5
ayatan_valana_sculpture,Ayatan Valana Sculpture,['ayatan_sculpture'],,1,15,0.07,2,3,3.6,1,120,3.0,2.5,3.5,"[4.0, 2.5, 4.0, 4.0, 4.0, 4.0, 2.5]",13.0,1,380.3
abating_link,Abating Link,"['mod', 'warframe', 'trinity', 'augment', 'rare']",,0,3,0.0,0,18,19.3,0,26,14.6,15.0,14.0,"[15.0, 15.0, 14.0, 15.0, 15.0, 14.5, 15.0]",15.0,10.0,380.0
pathocyst_blade,Pathocyst Blade,"['component', 'weapon']",,1,5,0.2,5,10,18.4,5,31,10.2,10.0,10.0,"[11.0, 10.0, 9.0, 10.0, 8.0, 10.0, 10.0]",14.0,7.0,379.2
magus_melt,Magus Melt,"['rare', 'arcane_enhancement']",,0,17,0.0,0,5,5.6,0,72,5.2,5.0,5.0,"[5.0, 6.0, 7.0, 7.0, 5.915, 5.0, 5.0]",9.0,4,378.0
meso_e4_relic,Meso E4 Relic,"['relic', 'meso']",,7,2,3.5,25,6,7.5,-19,25,3.4,4.0,5,"[4.5, 4.0, 9.0, 5.0, 9.0, 8.0, 4.0]",9.0,4,378.0
axi_g11_relic,Axi G11 Relic,"['axi', 'relic']",,2,0,20.0,12,0,0.0,0,3,6.0,5.0,5.0,"[5.0, 4.0, 4.0, 5.0, 4.0, 4.0, 5.0]",10,3,378.0
dual_zoren_prime_blueprint,Dual Zoren Prime Blueprint,"['melee', 'weapon', 'prime', 'blueprint']",45,2,19,0.11,2,2,2.2,0,144,2.4,2.0,3.0,"[2.0, 2.0, 2.0, 2.0, 2.0, 2.0, 2.0]",3,2,378.0
artillery_cheap_shot,Artillery Cheap Shot,"['rare', 'railjack', 'mod']",,2,21,0.1,6,6,8.4,0,38,9.0,9.0,13,"[10.0, 10.0, 9.0, 10.0, 10.0, 10.0, 9.0]",17,8.0,376.2
divine_retribution,Divine Retribution,"['mod', 'rare', 'warframe', 'nezha']",,0,5,0.0,0,12,17.6,0,37,10.2,10.0,10.0,"[10.0, 10.0, 10.0, 10.0, 10.0, 10.0, 10.0]",15,10.0,376.0
kavasa_prime_buckle,Kavasa Prime Buckle,['prime'],65,1,4,0.25,5,16,25.2,11,17,17.7,19.5,15.0,"[19.0, 13.5, 16.0, 20.0, 19.5, 17.0, 19.5]",20.0,10,375.6
soma_prime_barrel,Soma Prime Barrel,"['component', 'weapon', 'prime']",15,1,9,0.11,5,8,10.2,3,35,9.7,10.0,9.0,"[10.0, 10.0, 10.0, 10.0, 9.0, 9.0, 10.0]",10,7,375.6
stradavar_prime_stock,Stradavar Prime Stock,"['component', 'weapon', 'prime']",15,1,5,0.2,5,10,14.2,5,41,7.6,8.0,9,"[7.0, 8.0, 8.0, 8.5, 8.0, 7.0, 8.0]",10,6.0,375.6
vectis_prime_blueprint,Vectis Prime Blueprint,"['weapon', 'prime', 'primary', 'blueprint']",45,2,11,0.18,6,10,14.6,4,37,8.6,8.0,9.0,"[9.0, 8.0, 9.5, 8.0, 9.0, 9.5, 8.0]",10,6.0,374.0
hemorrhage,Hemorrhage,"['mod', 'rare', 'secondary', 'pistol']",,0,8,0.0,0,9,9.8,0,44,8.5,9.0,8.0,"[7.0, 9.0, 8.0, 8.0, 8.0, 8.0, 9.0]",10.0,5.0,374.0
prisma_tetra,Prisma Tetra,"['primary', 'weapon']",,3,17,0.18,50,50,64.8,0,6,52.3,58.0,47.8,"[59.0, 55.0, 54.0, 62.0, 52.5, 59.0, 58.0]",62.0,26,369.4
grendel_prime_neuroptics_blueprint,Grendel Prime Neuroptics Blueprint,"['prime', 'component', 'warframe', 'blueprint']",15,0,21,0.0,0,5,6.0,0,75,4.9,5.0,5.0,"[5.0, 5.0, 5.0, 5.0, 5.0, 5.0, 5.0]",7.0,5.0,369.0
gunsen_prime_handle,Gunsen Prime Handle,"['prime', 'component', 'weapon']",45,2,12,0.17,6,4,6.4,-2,47,6.7,7.0,6.0,"[7.0, 5.0, 7.0, 6.0, 7.0, 5.0, 7.0]",9.0,5.0,367.5
arcane_persistence,Arcane Persistence,"['rare', 'arcane_enhancement']",,0,9,0.0,0,2,2.4,0,162,2.3,2.0,2.0,"[2.0, 3.0, 3.0, 2.0, 2.0, 2.0, 2.0]",3.0,1,367.5
perigale_prime_receiver,Perigale Prime Receiver,"['component', 'weapon', 'prime']",45,0,12,0.0,0,5,5.0,0,85,4.3,4.0,4.0,"[5.0, 4.0, 4.0, 5.0, 4.0, 4.0, 4.0]",5.0,3.5,367.0
piercing_roar,Piercing Roar,"['mod', 'warframe', 'rhino', 'augment', 'rare']",,0,15,0.0,0,10,11.2,0,30,12.2,12.0,10.0,"[12.0, 15.0, 13.0, 15.0, 10.0, 13.0, 12.0]",15.0,9.5,366.0
arcane_battery,Arcane Battery,"['rare', 'arcane_enhancement']",,0,12,0.0,0,4,4.0,0,94,3.9,4.0,3.0,"[4.0, 4.0, 4.0, 4.0, 4.0, 4.0, 4.0]",4,2,366.0
meso_x1_relic,Meso X1 Relic,"['meso', 'relic']",,6,5,1.2,9,2,1.085,-7,113,1.5,1.2,1.1,"[2.0, 1.17, 1.0, 0.915, 1.085, 2.0, 1.17]",3,0.915,365.7
primed_shotgun_ammo_mutation,Primed Shotgun Ammo Mutation,"['mod', 'legendary', 'primary', 'shotgun']",,1,11,0.09,15,55,62.0,40,7,47.9,45.0,50.0,"[40.0, 55.0, 67.5, 48.5, 50.0, 55.0, 45.0]",67.5,25,365.5
carmine_penta_blueprint,Carmine Penta Blueprint,"['weapon', 'primary', 'blueprint']",,0,14,0.0,0,15,15.0,0,28,13.0,13.0,14.5,"[12.0, 11.0, 13.5, 12.0, 10.0, 14.0, 13.0]",18,10.0,364.0
spoiled_strike,Spoiled Strike,"['mod', 'melee', 'rare']",,0,18,0.0,0,3,4.2,0,84,4.3,5.0,4.0,"[5.0, 4.0, 5.0, 4.0, 5.0, 4.0, 5.0]",5.0,4,363.5
cyngas_stock,Cyngas Stock,"['component', 'weapon', 'archwing']",,0,6,0.0,0,12,15.2,0,30,12.1,12.0,13.0,"[15.0, 13.0, 14.0, 11.0, 10.0, 10.0, 12.0]",15.0,10,363.5
pilfering_swarm,Pilfering Swarm,"['mod', 'warframe', 'augment', 'hydroid', 'rare']",,0,4,0.0,0,10,12.5,0,36,10.1,10.0,10.0,"[10.0, 10.0, 10.0, 10.0, 10.0, 10.0, 10.0]",12.0,9.0,362.5
zhuge_prime_string,Zhuge Prime String,"['component', 'weapon', 'prime']",15,2,9,0.22,6,9,9.6,3,33,9.0,9.0,9.0,"[10.0, 9.0, 10.0, 9.0, 10.0, 9.0, 9.0]",10.0,7,361.2
hinta_stabilizer,Hinta Stabilizer,"['secondary', 'hound']",,1,4,0.25,15,50,70.0,35,10,28.9,27.0,29.5,"[34.0, 40.0, 35.0, 30.0, 35.0, 35.0, 27.0]",50,15,361.2
limbo_prime_blueprint,Limbo Prime Blueprint,"['blueprint', 'prime', 'warframe']",45,1,22,0.05,6,7,8.2,1,50,6.9,7.0,7.0,"[7.0, 6.0, 7.0, 7.0, 6.0, 6.0, 7.0]",9.0,6,360.2
eidolon_unairu_lens,Eidolon Unairu Lens,"['focus', 'lens']",,1,1,1.0,3,30,30.0,27,9,20.0,18.0,19.0,"[25.0, 10.0, 25.0, 15.0, 15.0, 20.0, 18.0]",29,10.0,360.0
axi_b2_relic,Axi B2 Relic,"['relic', 'axi']",,5,1,5.0,18,15,15.0,-3,4,15.0,15.0,15.0,"[15.0, 15.0, 15.0, 15.0, 5.0, 12.5, 15.0]",27.5,5.0,360.0
virulent_scourge,Virulent Scourge,"['mod', 'melee', 'rare']",,0,20,0.0,0,4,4.6,0,77,4.7,5.0,5,"[5.0, 5.0, 5.0, 5.0, 5.0, 5.0, 5.0]",5,5,359.5
magnum_force,Magnum Force,"['mod', 'rare', 'pistol', 'secondary']",,1,22,0.05,5,5,5.0,0,77,4.5,5.0,5,"[5.0, 5.0, 4.0, 5.0, 4.0, 4.0, 5.0]",5,4,358.6
larkspur_prime_receiver,Larkspur Prime Receiver,"['component', 'weapon', 'prime']",45,0,14,0.0,0,7,7.4,0,54,6.6,7.0,7,"[6.0, 6.0, 7.0, 7.0, 7.0, 7.0, 7.0]",8,5,357.0
akstiletto_prime_link,Akstiletto Prime Link,"['component', 'weapon', 'prime']",45,1,6,0.17,6,10,15.2,4,34,8.9,9.0,9.0,"[9.0, 9.0, 8.5, 10.0, 10.0, 8.5, 9.0]",10,8.0,353.5
primary_deadhead,Primary Deadhead,"['arcane_enhancement', 'rare']",,0,29,0.0,0,2,2.0,0,237,1.5,2.0,2,"[1.0, 2.0, 2.0, 1.67, 2.0, 2.0, 2.0]",2,1,353.5
link_redirection,Link Redirection,"['mod', 'uncommon', 'sentinel', 'companion']",,0,11,0.0,0,8,8.6,0,49,7.2,7.0,7.0,"[9.0, 8.0, 7.0, 7.0, 7.0, 8.0, 7.0]",9.0,6.0,352.5
phaedra_set,Phaedra Set,"['weapon', 'set', 'primary', 'archwing']",,1,2,0.5,36,60,60.0,24,5,47.0,45.0,50.0,"[54.0, 45.0, 60.0, 40.0, 42.5, 50.0, 45.0]",65,30,352.5
neo_p6_relic,Neo P6 Relic,"['relic', 'neo']",,1,0,10.0,6,0,0.0,0,12,2.7,2.7,4.0,"[30, 4.0, 5.0, 6.0, 3.0, 5.0, 2.67]",30,2,352.4
charamote,Charamote,['fish'],,0,14,0.0,0,2,4.6,0,244,1.4,1.5,1.8,"[1.33, 1.415, 1.33, 1.585, 1.67, 1.5, 1.5]",2.0,1.0,352.2
lith_m1_relic,Lith M1 Relic,"['relic', 'lith']",,4,1,4.0,18,15,15.0,-3,8,8.8,8.8,6.5,"[10.0, 9.0, 11.0, 8.0, 7.0, 8.75, 8.75]",13.0,4,350.0
meso_h5_relic,Meso H5 Relic,"['relic', 'meso']",,7,3,2.33,33,7,9.0,-26,15,7.0,7.0,6.5,"[6.0, 5.5, 5.5, 7.0, 6.5, 4.0, 7.0]",10,4,350.0
icy_avalanche,Icy Avalanche,"['mod', 'warframe', 'augment', 'rare', 'frost']",,0,7,0.0,0,10,10.8,0,32,10.9,10.0,10.0,"[10.0, 11.0, 10.0, 10.0, 10.0, 10.0, 10.0]",13.0,10,348.5
shield_of_shadows,Shield Of Shadows,"['mod', 'warframe', 'nekros', 'augment', 'rare']",,0,7,0.0,0,10,10.6,0,35,10.0,10.0,10.0,"[9.0, 9.0, 10.0, 10.0, 10.0, 10.0, 10.0]",12,9.0,348.5
epitaph_set,Epitaph Set,"['weapon', 'secondary', 'set']",,0,32,0.0,0,8,8.2,0,42,8.3,9.0,8.0,"[8.0, 9.0, 8.0, 9.0, 8.0, 8.0, 9.0]",10.0,7.0,348.5
onorix_set,Onorix Set,"['weapon', 'set', 'melee', 'archwing']",,0,5,0.0,0,25,43.0,0,11,31.6,30.0,30.0,"[34.5, 30.0, 35.0, 32.5, 25.0, 30.0, 30.0]",40,25.0,348.0
basmu_blueprint,Basmu Blueprint,"['primary', 'weapon', 'blueprint']",,0,14,0.0,0,10,15.0,0,36,9.7,10.0,10.0,"[10.0, 10.0, 9.5, 9.0, 9.0, 9.0, 10.0]",10,7,348.0
nagantaka_prime_blueprint,Nagantaka Prime Blueprint,"['primary', 'weapon', 'prime', 'blueprint']",100,0,9,0.0,0,18,28.0,0,24,14.5,14.0,15.0,"[15.0, 15.0, 14.5, 14.0, 15.0, 14.0, 14.0]",17,12,348.0
vizier_predasite_imprint,Vizier Predasite Imprint,"['kubrow', 'pet', 'imprint']",,2,6,0.33,10,19,24.6,9,12,21.8,25.0,20,"[20.0, 22.0, 15.0, 17.5, 20.0, 30.0, 25.0]",31,10.5,348.0
vadarya_prime_barrel,Vadarya Prime Barrel,"['component', 'weapon', 'prime']",45,3,14,0.21,2,3,3.8,1,97,3.0,3.0,4.0,"[3.0, 3.0, 3.0, 2.0, 2.5, 2.0, 3.0]",5,2.0,347.8
lua_naramon_lens,Lua Naramon Lens,"['focus', 'lens']",,2,7,0.29,15,39,48.6,24,8,33.8,32.5,35.0,"[35.0, 25.0, 33.0, 33.0, 35.0, 37.5, 32.5]",50,25.0,347.1
pistol_scavenger,Pistol Scavenger,"['mod', 'aura', 'uncommon']",,0,8,0.0,0,15,18.0,0,20,17.2,15.0,23.0,"[28.5, 20.0, 18.5, 18.5, 17.0, 18.0, 15.0]",37.0,10.0,345.0
fluctus_barrel,Fluctus Barrel,"['component', 'weapon', 'archwing']",,1,6,0.17,3,9,13.6,6,27,10.9,10.0,10.0,"[10.0, 10.0, 10.0, 10.0, 10.0, 10.0, 10.0]",12,9,344.2
hyperion_thrusters,Hyperion Thrusters,"['mod', 'archwing', 'rare']",,0,13,0.0,0,7,8.2,0,44,7.8,8.0,8,"[8.0, 8.0, 8.0, 8.0, 8.0, 8.0, 8.0]",9.0,6.0,344.0
fragor_prime_handle,Fragor Prime Handle,"['component', 'weapon', 'prime']",65,0,9,0.0,0,9,17.4,0,33,10.4,10.0,10,"[10.0, 10.0, 12.0, 10.0, 10.0, 10.0, 10.0]",12.0,9.0,343.5
necramech_flow,Necramech Flow,"['mod', 'rare', 'necramech']",,0,11,0.0,0,10,12.2,0,26,13.2,14.0,11.0,"[13.0, 10.0, 12.0, 12.0, 11.5, 13.0, 14.0]",15,9.5,342.5
carrier_prime_blueprint,Carrier Prime Blueprint,"['sentinel', 'blueprint', 'prime']",15,4,14,0.29,7,10,11.4,3,27,9.9,10.0,10.0,"[10.0, 10.0, 10.0, 13.5, 12.0, 10.0, 10.0]",15.0,8,342.0
equinox_prime_chassis_blueprint,Equinox Prime Chassis Blueprint,"['component', 'prime', 'warframe', 'blueprint']",15,1,20,0.05,4,7,7.6,3,71,4.6,5.0,5,"[5.0, 4.0, 5.0, 5.0, 4.0, 4.0, 5.0]",7.0,4.0,341.2
bo_prime_handle,Bo Prime Handle,"['component', 'weapon', 'prime']",45,0,18,0.0,0,15,19.0,0,18,18.9,18.5,18.0,"[19.0, 19.5, 20.0, 18.0, 18.0, 18.0, 18.5]",20.0,14,341.0
atlas_prime_systems_blueprint,Atlas Prime Systems Blueprint,"['component', 'prime', 'warframe', 'blueprint']",45,0,15,0.0,0,5,6.8,0,66,5.2,5.0,5.0,"[5.0, 5.0, 5.0, 5.0, 5.0, 5.0, 5.0]",5.0,4,341.0
mecha_pulse,Mecha Pulse,"['mod', 'warframe', 'rare']",,0,16,0.0,0,6,6.8,0,58,5.8,5.0,6,"[7.0, 6.0, 6.0, 6.0, 6.0, 5.0, 5.0]",8.0,5.0,339.0
thrall_pact,Thrall Pact,"['mod', 'warframe', 'revenant', 'augment', 'rare']",,1,6,0.17,5,12,14.6,7,21,13.8,12.0,11.0,"[15.0, 15.0, 15.0, 14.0, 13.0, 14.0, 12.0]",15.0,9.0,338.3
greedy_pull,Greedy Pull,"['mag', 'mod', 'warframe', 'augment', 'rare']",,0,6,0.0,0,13,14.0,0,31,10.9,10.0,10.0,"[10.0, 12.0, 14.0, 12.0, 10.0, 10.0, 10.0]",15,9.0,338.0
saxum_spittle,Saxum Spittle,"['mod', 'rare', 'secondary', 'pistol']",,1,3,0.33,28,45,58.3,17,6,41.7,40.0,40.0,"[54.0, 45.0, 45.0, 47.0, 50.0, 45.0, 40.0]",63.5,20.0,333.3
boar_prime_blueprint,Boar Prime Blueprint,"['weapon', 'prime', 'primary', 'blueprint']",15,2,12,0.17,6,8,9.4,2,30,9.5,10.0,9.5,"[9.0, 10.0, 10.0, 10.0, 10.0, 9.0, 10.0]",10,8,332.5
larkspur_prime_blueprint,Larkspur Prime Blueprint,"['prime', 'archwing', 'primary', 'weapon', 'blueprint']",15,0,10,0.0,0,5,6.0,0,68,4.9,5.0,5.0,"[5.0, 5.0, 5.0, 5.0, 5.0, 5.0, 5.0]",5.5,4.0,332.5
lua_lens_blueprint,Lua Lens Blueprint,"['misc', 'blueprint']",,1,6,0.17,5,9,13.8,4,33,8.6,9.0,9.5,"[10.0, 9.5, 10.0, 9.5, 10.0, 10.0, 9.0]",15,7,331.9
photon_repeater,Photon Repeater,"['vauban', 'mod', 'warframe', 'augment', 'rare']",,1,5,0.2,6,14,14.4,8,20,13.8,14.0,14.0,"[14.0, 12.0, 14.0, 15.0, 13.0, 14.0, 14.0]",15,10.0,331.2
tigris_prime_receiver,Tigris Prime Receiver,"['component', 'weapon', 'prime']",45,1,11,0.09,5,6,8.8,1,34,8.9,10.0,9.0,"[10.0, 9.0, 9.0, 10.0, 9.0, 9.0, 10.0]",10.0,7,331.1
ballistica_prime_receiver,Ballistica Prime Receiver,"['component', 'weapon', 'prime']",45,0,20,0.0,0,7,8.2,0,46,7.2,7.0,7.0,"[8.0, 8.0, 7.0, 8.0, 7.0, 7.0, 7.0]",14.0,5.0,330.5
neo_r2_relic,Neo R2 Relic,"['relic', 'neo']",,1,0,10.0,6,0,0.0,0,6,5.0,4.0,4.0,"[2, 2.0, 4.0, 2.0, 4.0, 4.0, 4.0]",5,2,330.0
meso_s7_relic,Meso S7 Relic,"['relic', 'meso']",,1,0,10.0,6,0,0.0,0,6,5.0,5.0,5.5,"[8, 8.0, 8.0, 6.0, 6.0, 6.0, 5.0]",10,4,330.0
prisma_shade_set,Prisma Shade Set,"['sentinel', 'set']",,2,17,0.12,53,69,91.6,16,4,73.8,67.5,70.0,"[82.5, 75.0, 75.0, 75.0, 82.5, 75.0, 67.5]",140.0,45,329.7
neo_a3_relic,Neo A3 Relic,"['relic', 'neo']",,3,3,1.0,6,5,5.7,-1,40,4.1,4.5,5.0,"[4.0, 4.5, 5.0, 5.0, 3.33, 5.0, 4.5]",7.5,3,328.0
vigilante_fervor,Vigilante Fervor,"['mod', 'uncommon', 'primary']",,0,17,0.0,0,5,6.4,0,43,7.6,8.0,8.0,"[8.0, 8.0, 8.0, 9.0, 9.0, 8.0, 8.0]",10.0,7.0,326.5
galvanized_acceleration,Galvanized Acceleration,"['mod', 'rare', 'primary', 'shotgun']",,1,12,0.08,6,9,9.8,3,33,9.1,9.0,10,"[9.0, 10.0, 9.0, 9.0, 9.0, 9.0, 9.0]",10.0,9.0,326.1
corufell_handle,Corufell Handle,"['weapon', 'component']",,1,1,1.0,8,15,15.0,7,17,9.6,10.0,10.0,"[10.0, 9.5, 10.0, 9.5, 9.0, 9.0, 10.0]",10.0,8.0,326.0
vigilante_armaments,Vigilante Armaments,"['mod', 'common', 'primary']",,0,14,0.0,0,7,7.4,0,61,5.3,5.0,6.0,"[6.0, 6.0, 6.0, 5.0, 5.0, 5.0, 5.0]",8,5,325.5
cascadia_overcharge,Cascadia Overcharge,"['rare', 'arcane_enhancement']",,0,6,0.0,0,2,3.4,0,156,2.1,2.0,2.0,"[2.0, 2.0, 2.0, 2.0, 2.0, 2.0, 2.0]",3.5,1.5,324.9
kompressa_prime_reciever,Kompressa Prime Receiver,"['component', 'weapon', 'prime']",45,1,16,0.06,2,4,4.4,2,70,4.4,5.0,5,"[4.0, 4.0, 4.0, 4.0, 4.0, 4.0, 5.0]",5.0,3.0,324.1
phaedra_stock,Phaedra Stock,"['component', 'weapon', 'archwing']",,2,5,0.4,10,13,15.6,3,20,11.5,10.0,12,"[10.0, 10.0, 10.0, 12.0, 10.0, 10.0, 10.0]",15.0,10,322.0
neo_t3_relic,Neo T3 Relic,"['relic', 'neo']",,6,1,6.0,24,6,6.0,-18,8,5.8,5.0,7.8,"[5.0, 6.0, 4.0, 5.0, 6.0, 6.0, 5.0]",10,4.0,322.0
garuda_prime_blueprint,Garuda Prime Blueprint,"['blueprint', 'prime', 'warframe']",15,0,22,0.0,0,4,4.6,0,65,4.9,5.0,5,"[5.0, 5.0, 5.0, 5.0, 5.0, 5.0, 5.0]",5.0,4.0,321.0
photon_overcharge,Photon Overcharge,"['mod', 'rare', 'primary', 'glaxion']",,2,17,0.12,5,13,14.2,8,24,12.0,12.0,19,"[22.5, 13.5, 15.0, 14.0, 11.5, 12.0, 12.0]",27.0,10.5,320.8
epitaph_prime_barrel,Epitaph Prime Barrel,"['component', 'prime', 'weapon']",45,3,18,0.17,2,3,4.2,1,85,3.2,3.0,3.0,"[3.0, 3.0, 3.0, 3.0, 3.0, 3.0, 3.0]",4.0,2,319.7
neo_s7_relic,Neo S7 Relic,"['relic', 'neo']",,2,5,0.4,12,5,5.4,-7,87,2.6,2.5,3.0,"[2.5, 3.0, 3.0, 2.0, 5.0, 3.5, 2.5]",5,2,319.2
axi_k10_relic,Axi K10 Relic,"['relic', 'axi']",,1,0,10.0,12,0,0.0,0,6,4.8,4.0,8.0,"[9, 10, 9.0, 8.0, 5.0, 5.0, 4.0]",10,4.0,319.0
acceltra_prime_receiver,Acceltra Prime Receiver,"['prime', 'weapon', 'component']",45,0,19,0.0,0,5,5.0,0,69,4.6,5.0,5,"[5.0, 5.0, 5.0, 5.0, 5.0, 5.0, 5.0]",5.0,4,318.5
neo_n8_relic,Neo N8 Relic,"['relic', 'neo']",,2,3,0.67,12,7,5.0,-5,38,5.0,5.0,5.0,"[6.0, 6.0, 6.0, 6.0, 5.0, 5.0, 5.0]",9.0,4.0,316.7
xaku_prime_neuroptics_blueprint,Xaku Prime Neuroptics Blueprint,"['warframe', 'component', 'prime', 'blueprint']",15,1,31,0.03,2,2,2.4,0,100,3.1,3.0,2.0,"[3.0, 3.0, 3.0, 3.0, 3.0, 3.0, 3.0]",3,2.0,315.9
magus_elevate,Magus Elevate,"['rare', 'arcane_enhancement']",,1,10,0.1,2,4,4.4,2,60,4.8,5.0,4.0,"[4.0, 4.5, 5.0, 4.0, 4.0, 4.0, 5.0]",5,2.5,315.7
primed_bane_of_grineer,Primed Bane Of Grineer,"['mod', 'legendary', 'primary', 'rifle']",,2,11,0.18,25,48,59.2,23,6,44.5,45.0,38.5,"[50.0, 45.0, 46.0, 44.5, 50.0, 39.0, 45.0]",70,20.5,315.5
kogake_prime_boot,Kogake Prime Boot,"['component', 'weapon', 'prime']",15,2,13,0.15,6,7,8.6,1,39,7.0,7.0,7.5,"[6.0, 7.0, 6.5, 7.0, 7.0, 6.0, 7.0]",9.0,6.0,315.0
meso_v5_relic,Meso V5 Relic,"['relic', 'meso']",,2,0,20.0,6,0,0.0,0,3,5.0,5.0,6.0,"[6, 6, 15.0, 5.0]",15.0,5.0,315.0
lith_g6_relic,Lith G6 Relic,"['relic', 'lith']",,4,2,2.0,20,6,8.0,-14,21,5.0,5.0,5,"[4.0, 5.0, 2.0, 4.5, 2.0, 5.0, 5.0]",8,2.0,315.0
axi_b5_relic,Axi B5 Relic,"['relic', 'axi']",,2,0,20.0,12,0,0.0,0,1,15.0,5.0,12.0,"[12.0, 25, 1.0, 15.0, 5.0]",25,1.0,315.0
reaper_prime_handle,Reaper Prime Handle,"['component', 'weapon', 'prime']",15,1,9,0.11,5,10,14.0,5,25,11.3,10.0,13.0,"[12.0, 10.0, 10.0, 10.5, 12.0, 13.0, 10.0]",16,9.0,314.4
magnus_prime_blueprint,Magnus Prime Blueprint,"['secondary', 'weapon', 'prime', 'blueprint']",15,1,9,0.11,6,7,8.2,1,40,7.1,8.0,7,"[5.0, 6.0, 8.0, 7.0, 6.0, 7.0, 8.0]",9.0,5,314.4
prisma_gorgon,Prisma Gorgon,"['primary', 'weapon']",,5,20,0.25,50,70,76.0,20,4,62.5,60.0,70,"[70.0, 70.0, 69.5, 69.0, 70.0, 60.0, 60.0]",80.0,50.0,312.5
axi_l2_relic,Axi L2 Relic,"['relic', 'axi']",,3,1,3.0,18,20,20.0,2,6,13.0,13.0,9.5,"[8.0, 9.0, 10.0, 10.0, 10.0, 15.0, 13.0]",15.0,5,312.0
shade_prime_systems,Shade Prime Systems,"['component', 'weapon', 'prime']",45,1,13,0.08,3,4,4.4,1,63,4.6,4.0,5.0,"[5.0, 5.0, 5.0, 5.0, 5.0, 5.0, 4.0]",5,4,311.8
paris_prime_grip,Paris Prime Grip,"['component', 'weapon', 'prime']",45,5,17,0.29,2,2,3.0,0,81,3.0,3.0,3.0,"[3.0, 3.0, 3.0, 3.0, 2.0, 3.0, 3.0]",4,2.0,311.2
akbronco_prime_set,Akbronco Prime Set,"['weapon', 'prime', 'set', 'secondary']",60,2,18,0.11,5,9,9.8,4,34,8.2,8.0,8.0,"[9.0, 8.0, 9.0, 8.0, 8.0, 8.0, 8.0]",10,5.0,311.1
scimitar_set,Scimitar Set,['set'],,0,8,0.0,0,20,23.8,0,16,19.4,20.0,19.5,"[19.0, 20.0, 19.0, 20.0, 20.0, 20.0, 20.0]",20,15,311.0
arcane_ice_storm,Arcane Ice Storm,"['rare', 'arcane_enhancement']",,0,12,0.0,0,4,4.0,0,87,3.6,4.0,3.0,"[3.0, 3.0, 3.5, 4.0, 4.0, 3.0, 4.0]",4.5,2,311.0
viper_wraith,Viper Wraith,"['weapon', 'secondary']",,4,15,0.27,35,50,61.0,15,5,49.0,52.5,50.0,"[42.5, 49.5, 55.0, 50.0, 55.0, 50.0, 52.5]",79.0,25.0,310.3
neo_n3_relic,Neo N3 Relic,"['relic', 'neo']",,3,0,30.0,6,0,0.0,0,1,10.0,10.0,9,"[10.0, 15.0, 25.0, 10.0, 6.0, 20.0, 10.0]",25.0,4,310.0
meso_c5_relic,Meso C5 Relic,"['relic', 'meso']",,3,0,30.0,18,0,0.0,0,2,5.0,5.0,6.0,"[3, 10.0, 4.0, 6.0, 10.0, 6.0, 5.0]",10,3,310.0
axi_g6_relic,Axi G6 Relic,"['relic', 'axi']",,3,0,30.0,24,0,0.0,0,1,10.0,10.0,10.0,"[10, 10, 10, 7, 7.0, 8.0, 10.0]",15,5,310.0
imperator_vandal_blueprint,Imperator Vandal Blueprint,"['weapon', 'primary', 'archwing', 'blueprint']",,2,3,0.67,8,10,13.3,2,20,9.2,9.0,9.5,"[10.0, 10.0, 9.5, 9.5, 9.0, 10.0, 9.0]",10.0,8,308.3
nagantaka_prime_barrel,Nagantaka Prime Barrel,"['component', 'weapon', 'prime']",15,2,8,0.25,5,8,9.4,3,38,6.5,6.0,7.0,"[6.0, 6.0, 7.0, 7.0, 7.0, 6.0, 6.0]",9.5,5.0,308.1
secondary_encumber,Secondary Encumber,"['rare', 'arcane_enhancement']",,0,13,0.0,0,4,4.0,0,79,3.9,4.0,4,"[4.0, 4.0, 4.0, 4.0, 4.0, 4.0, 4.0]",4,3.0,306.7
cedo_prime_stock,Cedo Prime Stock,"['component', 'weapon', 'prime']",15,1,13,0.08,5,4,4.8,-1,65,4.4,5.0,4.0,"[4.5, 4.0, 5.0, 4.0, 5.0, 4.0, 5.0]",5.0,3.0,305.8
sacrifice,Sacrifice,"['mod', 'sentinel', 'rare']",,4,16,0.25,17,20,23.0,3,10,24.4,25.0,24.5,"[25.0, 25.0, 25.0, 24.0, 25.0, 24.0, 25.0]",25,20,305.0
primed_quickdraw,Primed Quickdraw,"['mod', 'legendary', 'secondary', 'pistol']",,0,9,0.0,0,48,64.4,0,7,43.6,40.0,39.0,"[45.0, 40.0, 46.0, 40.0, 44.0, 50.0, 40.0]",50,25,305.0
looter,Looter,"['mod', 'rare', 'sentinel', 'carrier']",,0,3,0.0,0,54,61.0,0,6,50.7,50.5,50.0,"[50.0, 47.5, 59.0, 40.0, 54.0, 50.0, 50.5]",59.0,40,304.0
braton_vandal_stock,Braton Vandal Stock,"['component', 'weapon']",,0,15,0.0,0,6,8.2,0,42,7.2,6.0,9,"[8.0, 6.0, 6.0, 7.5, 6.5, 7.0, 6.0]",10.0,6.0,303.0
assimilate,Assimilate,"['mod', 'warframe', 'nyx', 'augment', 'rare']",,0,8,0.0,0,10,12.6,0,29,10.4,10.0,10.0,"[10.0, 10.0, 10.0, 10.0, 10.0, 10.0, 10.0]",14,10.0,302.0
cinta_grip_blueprint,Cinta Grip Blueprint,"['component', 'weapon', 'blueprint']",,0,2,0.0,0,10,10.0,0,24,12.6,13.0,13.0,"[12.0, 15.0, 15.0, 12.0, 12.0, 10.0, 13.0]",15,10.0,302.0
centaur_blade,Centaur Blade,"['component', 'weapon', 'archwing']",,1,9,0.11,6,13,14.0,7,26,10.3,10.0,10.0,"[10.0, 10.0, 10.0, 10.0, 10.0, 10.0, 10.0]",15,7.0,296.7
sahasa_kubrow_imprint,Sahasa Kubrow Imprint,"['kubrow', 'pet', 'imprint']",,1,23,0.04,120,5,6.4,-115,50,5.7,5.0,6.5,"[6.0, 5.0, 7.0, 6.0, 7.0, 6.5, 5.0]",9.5,5.0,296.3
blending_talons,Blending Talons,"['mod', 'garuda', 'warframe', 'augment', 'rare']",,0,12,0.0,0,9,11.0,0,28,10.6,12.0,10.0,"[10.0, 12.0, 11.5, 10.0, 10.0, 10.0, 12.0]",12,9.0,295.5
strun_wraith_receiver,Strun Wraith Receiver,"['component', 'weapon']",,1,6,0.17,12,17,19.6,5,16,15.8,15.5,18.2,"[20.0, 20.0, 19.5, 17.5, 25.0, 13.0, 15.5]",25.5,12,294.0
scimitar_fuselage_blueprint,Scimitar Fuselage Blueprint,['blueprint'],,2,4,0.5,10,15,12.0,5,15,13.1,13.0,12.0,"[10.0, 10.0, 11.5, 12.0, 11.5, 13.0, 13.0]",15.5,7.5,294.0
primed_smite_corrupted,Primed Smite Orokin,"['mod', 'legendary', 'melee']",,0,11,0.0,0,45,62.8,0,6,49.0,50.0,49.0,"[45.0, 48.5, 42.0, 51.5, 50.0, 50.0, 50.0]",59,39.5,294.0
meso_n13_relic,Meso N13 Relic,"['meso', 'relic']",,6,1,6.0,30,10,10.0,-20,6,7.0,8.0,5.5,"[8.0, 5.0, 5.0, 8.5, 6.0, 7.0, 8.0]",10.0,3,294.0
neo_k5_relic,Neo K5 Relic,"['relic', 'neo']",,2,1,2.0,6,10,10.0,4,32,3.1,2.5,5.0,"[4.0, 5.0, 4.0, 2.0, 5.0, 7.0, 2.5]",7,2.0,294.0
zid-an-uskos,Zid-an Uskos,['arcane_enhancement'],,1,4,0.25,3,8,9.0,5,46,5.1,5.0,4.0,"[4.5, 5.0, 5.0, 5.0, 4.0, 5.0, 5.0]",5,2,293.1
vigorous_swap,Vigorous Swap,"['mod', 'warframe', 'rare']",,1,6,0.17,6,13,14.0,7,20,12.6,12.5,12.5,"[10.0, 10.0, 12.0, 10.0, 12.0, 13.0, 12.5]",15.0,10.0,292.8
corvas_barrel,Corvas Barrel,"['component', 'weapon', 'archwing']",,0,6,0.0,0,10,14.0,0,28,10.4,10.0,10.0,"[10.0, 10.0, 10.0, 11.0, 10.0, 10.0, 10.0]",13,9,292.0
vigilante_vigor,Vigilante Vigor,"['mod', 'common', 'warframe']",,0,13,0.0,0,4,5.6,0,58,5.0,5.0,5,"[5.0, 5.0, 5.0, 5.0, 5.0, 5.0, 5.0]",5.0,5.0,291.5
tandem_bond,Tandem Bond,"['mod', 'rare', 'sentinel', 'beast']",,0,10,0.0,0,14,15.0,0,20,14.6,14.0,15.0,"[15.0, 14.0, 15.0, 15.0, 15.0, 14.0, 14.0]",16,13.0,291.0
neo_n24_relic,Neo N24 Relic,"['neo', 'relic']",,4,1,4.0,8,4,4.0,-4,19,3.1,4.0,2.0,"[1.75, 3.0, 2.665, 2.0, 3.0, 3.0, 4.0]",4.0,1,290.0
volatile_variant,Volatile Variant,"['mod', 'rare', 'primary', 'sporothrix']",,1,5,0.2,5,18,40.4,13,16,15.1,15.0,19.0,"[15.0, 14.0, 15.0, 15.0, 15.0, 12.5, 15.0]",35,9.0,289.8
sybaris_prime_receiver,Sybaris Prime Receiver,"['component', 'weapon', 'prime']",45,1,17,0.06,6,8,8.8,2,33,8.3,7.0,9.0,"[8.5, 8.0, 8.5, 8.0, 8.5, 8.5, 7.0]",10,7,289.6
kavasa_prime_kubrow_collar_set,Kavasa Prime Kubrow Collar Set,"['prime', 'skin', 'set']",155,2,15,0.13,5,18,30.4,13,10,25.5,24.0,20.0,"[27.5, 25.0, 25.0, 24.5, 27.0, 28.5, 24.0]",30.0,14,289.0
daikyu_prime_upper_limb,Daikyu Prime Upper Limb,"['component', 'weapon', 'prime']",45,2,15,0.13,2,2,2.4,0,94,2.7,2.0,3,"[3.0, 3.0, 2.0, 2.0, 3.0, 2.0, 2.0]",4.0,2,289.0
agkuza_blade,Agkuza Blade,"['component', 'weapon', 'archwing']",,1,8,0.12,6,13,14.2,7,23,11.1,10.0,11.5,"[12.0, 11.0, 11.0, 11.5, 11.5, 13.0, 10.0]",15,8.0,288.0
neo_k1_relic,Neo K1 Relic,"['relic', 'neo']",,1,1,1.0,6,7,7.0,1,36,4.0,4.0,5,"[5.0, 5.5, 5.0, 5.0, 4.5, 4.0, 4.0]",7,2.0,288.0
akmagnus_prime_blueprint,Akmagnus Prime Blueprint,"['prime', 'secondary', 'weapon', 'blueprint']",15,0,7,0.0,0,15,20.8,0,29,9.9,10.0,10.0,"[10.0, 10.0, 10.0, 10.0, 10.0, 10.0, 10.0]",15.0,9,287.0
centaur_aegis,Centaur Aegis,"['component', 'weapon', 'archwing']",,0,8,0.0,0,10,12.4,0,26,11.0,10.0,10.0,"[10.0, 10.0, 11.0, 10.0, 10.0, 10.0, 10.0]",14,9,286.0
medjay_predasite_imprint,Medjay Predasite Imprint,"['kubrow', 'pet', 'imprint']",,3,3,1.0,30,44,25.0,14,6,23.8,20.0,25,"[25.0, 25.0, 37.5, 22.0, 27.5, 27.0, 20.0]",42.0,15.0,286.0
agkuza_guard,Agkuza Guard,"['component', 'weapon', 'archwing']",,2,5,0.4,6,9,20.8,3,22,9.3,9.0,9.0,"[9.5, 9.0, 10.0, 10.0, 9.5, 9.0, 9.0]",10,7.0,285.6
arcane_hemlock_helmet,Arcane Hemlock Helmet,"['arcane_helmet', 'skin']",,2,4,0.5,100,200,175.0,100,1,190.0,190.0,175.0,"[200.0, 179.0, 194.5, 160.0, 175.0, 162.5, 190.0]",400,80,285.0
wyrm_prime_blueprint,Wyrm Prime Blueprint,"['sentinel', 'blueprint', 'prime']",15,1,9,0.11,3,13,20.4,10,20,12.8,13.0,13.0,"[14.0, 13.0, 10.0, 14.0, 15.0, 13.0, 13.0]",15,10.0,283.3
arcane_strike,Arcane Strike,"['uncommon', 'arcane_enhancement']",,0,14,0.0,0,4,4.6,0,71,4.0,4.0,4,"[4.0, 5.0, 4.0, 4.0, 4.0, 4.0, 4.0]",5,3,283.0
corvas_prime_receiver,Corvas Prime Receiver,"['component', 'weapon', 'prime']",15,1,7,0.14,5,8,10.2,3,31,7.9,7.0,8.0,"[7.0, 6.5, 7.0, 7.0, 8.5, 7.0, 7.0]",9,5.0,281.1
sly_vulpaphyla_imprint,Sly Vulpaphyla Imprint,"['kubrow', 'pet', 'imprint']",,1,9,0.11,5,19,20.4,14,14,18.0,20.0,19,"[15.0, 20.0, 20.0, 15.0, 20.0, 15.5, 20.0]",25.0,5,280.6
molt_efficiency,Molt Efficiency,"['rare', 'arcane_enhancement']",,0,18,0.0,0,3,3.0,0,103,2.7,2.5,3,"[3.0, 3.0, 2.915, 3.0, 3.0, 3.0, 2.5]",3.0,2,280.0
cinta_lower_limb_blueprint,Cinta Lower Limb Blueprint,"['component', 'weapon', 'blueprint']",,0,6,0.0,0,15,16.8,0,23,12.2,13.0,14.0,"[13.5, 13.0, 14.0, 14.5, 11.0, 12.0, 13.0]",15,10.0,280.0
neo_g4_relic,Neo G4 Relic,"['relic', 'neo']",,3,0,30.0,18,0,0.0,0,1,9.0,7.0,6.5,"[6.0, 7.0, 5.0, 5.5, 6.0, 6.0, 7.0]",10,4.0,279.0
meso_d8_relic,Meso D8 Relic,"['meso', 'relic']",,3,5,0.6,9,2,5.8,-7,120,1.5,1.4,2,"[1.0, 1.17, 1.17, 1.085, 1.335, 1.585, 1.42]",4.5,1,279.0
equilibrium,Equilibrium,"['mod', 'warframe', 'uncommon']",,1,15,0.07,5,4,5.8,-1,52,5.0,5.0,5.0,"[5.0, 5.0, 5.0, 5.0, 5.0, 5.0, 5.0]",8.0,4,278.4
ayatan_piv_sculpture,Ayatan Piv Sculpture,['ayatan_sculpture'],,2,8,0.25,12,5,5.6,-7,63,3.5,2.5,4.0,"[4.0, 2.0, 4.5, 4.0, 4.415, 4.0, 2.5]",5,2.0,277.5
rubico_prime_stock,Rubico Prime Stock,"['component', 'weapon', 'prime']",45,2,8,0.25,4,8,10.0,4,27,8.2,8.0,7.0,"[7.0, 8.0, 8.0, 8.0, 8.0, 8.0, 8.0]",9.0,6,277.5
glaive_prime_disc,Glaive Prime Disc,"['component', 'weapon', 'prime']",45,1,15,0.07,7,5,8.6,-2,28,9.3,9.0,8.0,"[10.0, 9.5, 9.0, 9.0, 10.0, 10.0, 9.0]",10.0,7.0,277.3
baruuk_prime_chassis_blueprint,Baruuk Prime Chassis Blueprint,"['prime', 'component', 'warframe', 'blueprint']",45,0,23,0.0,0,4,4.6,0,66,4.2,4.0,4.0,"[4.0, 4.0, 4.0, 4.0, 4.0, 4.0, 4.0]",5.0,3.0,277.0
murkray,Murkray,['fish'],,0,7,0.0,0,2,1.79,0,202,1.4,1.7,1.8,"[1.17, 1.5, 1.67, 1.0, 1.83, 1.83, 1.67]",4,1.0,276.6
eidolon_madurai_lens,Eidolon Madurai Lens,"['focus', 'lens']",,3,5,0.6,10,30,64.0,20,7,24.6,20.0,24.2,"[25.0, 27.0, 28.0, 30.0, 21.5, 30.0, 20.0]",30,17.5,275.2
holster_amp,Holster Amp,"['mod', 'aura', 'uncommon']",,0,1,0.0,0,30,30.0,0,12,22.9,27.0,18.5,"[15.0, 19.0, 20.0, 20.0, 20.0, 20.5, 27.0]",30.0,10,275.0
onorix_blade,Onorix Blade,"['component', 'weapon', 'archwing']",,1,9,0.11,6,10,13.6,4,24,10.3,10.0,10.0,"[12.0, 10.0, 10.5, 10.0, 10.0, 10.5, 10.0]",15.0,7.0,275.0
meticulous_aim,Meticulous Aim,"['mod', 'rare', 'vulkar', 'primary']",,1,0,10.0,10,0,0.0,0,1,25.0,25.0,50.0,"[60.0, 100.0, 50.0, 50.0, 90.0, 100.0, 25.0]",105.0,1.0,275.0
axi_k1_relic,Axi K1 Relic,"['relic', 'axi']",,1,0,10.0,12,0,0.0,0,1,25.0,7.0,13.0,"[8, 35, 15, 11.0, 5.0, 15.0, 7.0]",35,5.0,275.0
velox_set,Velox Set,"['weapon', 'secondary', 'set']",,0,3,0.0,0,13,21.7,0,17,16.1,15.0,15,"[14.5, 15.0, 15.0, 15.0, 15.0, 19.5, 15.0]",19.5,10.0,274.0
daikyu_prime_string,Daikyu Prime String,"['component', 'weapon', 'prime']",15,0,9,0.0,0,4,5.4,0,64,4.3,4.0,4.0,"[4.0, 4.0, 4.0, 4.0, 4.0, 4.0, 4.0]",5,3.0,274.0
fragor_prime_blueprint,Fragor Prime Blueprint,"['weapon', 'prime', 'melee', 'blueprint']",65,1,10,0.1,6,10,11.0,4,24,10.3,10.0,10,"[10.0, 10.0, 10.0, 10.0, 10.0, 9.0, 10.0]",12.0,8,272.2
enemy_radar,Enemy Radar,"['mod', 'aura', 'uncommon']",,0,10,0.0,0,16,20.8,0,17,16.0,15.0,20.0,"[25.0, 20.0, 18.0, 17.0, 15.0, 15.0, 15.0]",29.0,10.0,271.5
prismatic_companion,Prismatic Companion,"['mod', 'warframe', 'citrine', 'augment', 'rare']",,0,6,0.0,0,12,15.0,0,22,12.3,10.0,10.0,"[12.0, 13.0, 13.5, 12.0, 10.0, 12.0, 10.0]",15.0,9.5,271.0
sarofang_prime_handle,Sarofang Prime Handle,"['component', 'weapon', 'prime']",15,0,12,0.0,0,5,5.0,0,64,4.2,4.0,5.0,"[5.0, 4.0, 4.0, 4.0, 5.0, 4.0, 4.0]",6,4,271.0
braton_prime_receiver,Braton Prime Receiver,"['component', 'weapon', 'prime']",45,3,12,0.25,2,3,5.2,1,68,3.2,3.0,4.0,"[4.0, 4.0, 4.0, 3.0, 4.0, 3.0, 3.0]",5.0,3,270.6
covert_lethality,Covert Lethality,"['mod', 'daggers', 'rare', 'melee']",,0,14,0.0,0,7,7.6,0,43,6.3,6.0,6.0,"[7.0, 6.0, 7.0, 7.0, 7.0, 6.0, 6.0]",7.0,5,270.0
axi_g14_relic,Axi G14 Relic,"['axi', 'relic']",,2,1,2.0,12,10,10.0,-2,15,6.0,6.0,5.0,"[5.0, 4.0, 5.0, 6.0, 6.0, 6.0, 6.0]",6.0,1.0,270.0
venato_prime_blueprint,Venato Prime Blueprint,"['weapon', 'prime', 'melee', 'blueprint']",45,3,12,0.25,2,3,3.0,1,76,2.8,3.0,3.0,"[3.0, 4.0, 3.0, 2.5, 2.5, 2.0, 3.0]",4.0,2,269.4
dakra_prime_blade,Dakra Prime Blade,"['component', 'weapon', 'prime']",65,0,10,0.0,0,15,20.0,0,18,14.9,15.0,15.0,"[17.0, 15.0, 14.5, 14.5, 15.0, 15.0, 15.0]",18.0,12.0,269.0
molt_vigor,Molt Vigor,"['rare', 'arcane_enhancement']",,1,14,0.07,1,2,2.0,1,124,2.0,2.0,2.0,"[2.0, 2.0, 2.0, 2.0, 2.0, 2.0, 2.0]",2.0,1.5,269.0
vigilante_pursuit,Vigilante Pursuit,"['mod', 'uncommon', 'warframe']",,0,9,0.0,0,5,5.4,0,54,5.0,5.0,5.0,"[5.0, 5.0, 5.0, 5.0, 5.0, 5.0, 5.0]",5,3.5,268.0
ice_spring,Ice Spring,"['mod', 'rare', 'warframe']",,0,7,0.0,0,4,8.2,0,40,6.7,8.0,5.0,"[7.5, 7.0, 7.0, 5.0, 6.0, 7.0, 8.0]",8.0,4.0,268.0
mantis_fuselage_blueprint,Mantis Fuselage Blueprint,['blueprint'],,0,5,0.0,0,14,17.2,0,22,12.2,13.0,16.0,"[15.0, 15.0, 15.0, 15.0, 14.0, 13.0, 13.0]",20,10.0,268.0
carnis_stinger,Carnis Stinger,"['mod', 'rare', 'secondary', 'pistol']",,0,10,0.0,0,7,12.4,0,28,9.5,9.0,9.0,"[10.0, 9.0, 10.0, 9.0, 10.0, 9.0, 9.0]",10.0,9,265.0
afuris_prime_barrel,Afuris Prime Barrel,"['prime', 'component', 'weapon']",15,2,11,0.18,3,3,4.6,0,47,4.8,4.0,5.0,"[5.0, 5.0, 5.0, 5.0, 4.0, 5.0, 4.0]",5,4,264.7
dethcube_prime_carapace,Dethcube Prime Carapace,"['component', 'weapon', 'prime']",45,0,10,0.0,0,5,6.8,0,59,4.5,4.0,5.0,"[5.0, 4.0, 4.0, 5.0, 4.0, 5.0, 4.0]",5,4,264.0
odonata_prime_blueprint,Odonata Prime Blueprint,"['archwing', 'blueprint', 'prime']",45,0,7,0.0,0,6,8.4,0,32,8.2,8.0,7.5,"[7.0, 8.0, 7.0, 8.0, 8.0, 8.0, 8.0]",9.0,6.0,264.0
neo_h1_relic,Neo H1 Relic,"['relic', 'neo']",,7,1,7.0,24,9,9.0,-15,6,5.5,8.0,6.0,"[6.0, 6.0, 5.0, 8.0, 7.0, 6.5, 8.0]",10.5,3.0,264.0
lith_d3_relic,Lith D3 Relic,"['relic', 'lith']",,1,0,10.0,6,0,0.0,0,5,4.8,4.8,5,"[5, 8, 5.0, 4.0, 5.0, 5.0, 4.8]",8,1,264.0
lith_b6_relic,Lith B6 Relic,"['relic', 'lith']",,6,2,3.0,24,15,5.0,-9,15,4.4,4.5,5.0,"[10.0, 4.0, 8.0, 8.0, 4.0, 8.33, 4.5]",10,1,264.0
shade_prime_blueprint,Shade Prime Blueprint,"['sentinel', 'prime', 'blueprint']",45,0,21,0.0,0,5,5.8,0,50,5.3,5.0,5.0,"[5.0, 5.0, 5.0, 5.0, 5.0, 5.0, 5.0]",6.0,4.0,264.0
sepsis_claws,Sepsis Claws,"['mod', 'rare', 'melee', 'claws']",,0,10,0.0,0,9,11.2,0,31,8.5,8.0,8.0,"[9.0, 8.0, 9.0, 8.5, 8.0, 10.0, 8.0]",10.0,7,264.0
protea_prime_neuroptics_blueprint,Protea Prime Neuroptics Blueprint,"['component', 'warframe', 'prime', 'blueprint']",45,3,27,0.11,2,4,4.4,2,70,3.4,3.0,3.0,"[4.0, 3.0, 3.0, 3.0, 3.0, 3.0, 3.0]",4.0,2.0,263.9
alternox_prime_barrel,Alternox Prime Barrel,"['weapon', 'prime', 'component']",45,1,10,0.1,2,4,4.6,2,67,3.6,4.0,3.0,"[4.0, 3.0, 3.0, 4.0, 3.0, 3.0, 4.0]",4,2,262.9
internal_bleeding,Internal Bleeding,"['mod', 'rare', 'primary', 'rifle']",,0,10,0.0,0,8,9.8,0,29,9.0,10.0,9.0,"[9.0, 10.0, 9.0, 10.0, 9.0, 10.0, 10.0]",10,8.0,262.0
velocitus_set,Velocitus Set,"['weapon', 'set', 'primary', 'archwing']",,1,8,0.12,30,45,54.8,15,5,46.4,44.0,44.0,"[47.5, 44.0, 45.0, 45.0, 45.0, 49.0, 44.0]",50.0,35.0,261.0
phantasma_prime_receiver,Phantasma Prime Receiver,"['component', 'weapon', 'prime']",15,0,13,0.0,0,5,6.0,0,53,4.9,5.0,5.0,"[5.0, 5.0, 5.0, 5.0, 5.0, 5.0, 5.0]",7.0,4,260.0
energy_amplifier,Energy Amplifier,"['mod', 'archwing', 'uncommon']",,0,7,0.0,0,10,12.4,0,25,10.3,10.0,10.0,"[10.0, 10.0, 10.0, 10.0, 10.0, 10.0, 10.0]",14.0,9,258.0
braton_vandal_blueprint,Braton Vandal Blueprint,"['primary', 'weapon', 'blueprint']",,0,10,0.0,0,5,6.8,0,40,6.4,6.0,8.0,"[6.0, 5.0, 5.5, 6.0, 7.0, 7.0, 6.0]",10.0,5.0,256.5
energy_siphon,Energy Siphon,"['mod', 'aura', 'uncommon']",,0,10,0.0,0,14,16.2,0,24,10.7,11.0,15.5,"[9.0, 9.0, 10.0, 10.0, 10.0, 10.0, 11.0]",25,8.0,256.0
sicarus_prime_barrel,Sicarus Prime Barrel,"['component', 'weapon', 'prime']",15,1,8,0.12,5,10,13.0,5,23,9.9,12.0,10.0,"[10.0, 10.0, 10.0, 10.0, 10.0, 10.0, 12.0]",12.0,9.0,255.9
zephyr_prime_chassis_blueprint,Zephyr Prime Chassis Blueprint,"['component', 'prime', 'warframe', 'blueprint']",25,0,13,0.0,0,6,8.6,0,45,5.7,5.0,6,"[7.0, 6.0, 5.0, 6.0, 5.0, 6.0, 5.0]",7.0,5,255.0
concentrated_arrow,Concentrated Arrow,"['ivara', 'mod', 'warframe', 'augment', 'rare']",,0,4,0.0,0,10,15.0,0,18,14.2,15.0,15.0,"[15.0, 13.0, 13.0, 15.0, 15.0, 13.0, 15.0]",17.0,10.0,255.0
netra,Netra,"['mod', 'rare', 'parazon']",,0,10,0.0,0,9,9.8,0,32,8.0,8.0,9,"[8.0, 9.0, 9.0, 9.0, 8.0, 7.0, 8.0]",10.0,7.0,255.0
destreza_prime_blueprint,Destreza Prime Blueprint,"['weapon', 'prime', 'melee', 'blueprint']",45,0,15,0.0,0,6,9.0,0,37,6.9,6.5,6.0,"[6.0, 7.5, 5.0, 7.5, 5.0, 7.0, 6.5]",13.0,5,254.5
merulina_guardian,Merulina Guardian,"['yareli', 'mod', 'warframe', 'augment', 'rare']",,0,5,0.0,0,13,16.0,0,20,12.7,12.0,13.0,"[14.0, 14.5, 13.0, 15.0, 14.0, 15.0, 12.0]",15,10,254.0
shivering_contagion,Shivering Contagion,"['mod', 'rare', 'primary']",,0,20,0.0,0,7,8.4,0,39,6.5,7.0,7,"[7.0, 5.0, 6.0, 6.0, 6.0, 7.0, 7.0]",8.0,5,254.0
magnus_prime_receiver,Magnus Prime Receiver,"['component', 'weapon', 'prime']",45,1,14,0.07,3,5,5.2,2,40,5.9,6.0,5.0,"[5.0, 5.0, 6.0, 6.0, 6.0, 5.0, 6.0]",7.0,4.5,253.4
primed_stabilizer,Primed Stabilizer,"['mod', 'legendary', 'primary', 'rifle']",,4,15,0.27,40,55,64.4,15,4,49.8,50.0,49.0,"[54.0, 55.0, 55.0, 56.5, 50.0, 50.0, 50.0]",60.0,20,252.1
vanguard_e1_relic,Vanguard E1 Relic,"['vanguard', 'relic', 'axi']",,13,5,2.6,44,15,10.0,-29,6,11.7,11.7,10.0,"[10.0, 10.0, 10.0, 12.0, 10.0, 10.0, 11.67]",15,7,252.1
meso_v6_relic,Meso V6 Relic,"['relic', 'meso']",,13,1,13.0,90,200,200.0,110,1,18.0,18.0,25.0,"[6.0, 27.5, 30.0, 30.0, 25.0, 35.0, 18.0]",62.5,3,252.0
neo_z8_relic,Neo Z8 Relic,"['relic', 'neo']",,6,1,6.0,24,20,20.0,-4,6,6.0,6.0,7.0,"[4.5, 8.0, 5.0, 5.0, 6.0, 8.0, 6.0]",10,4,252.0
neo_k4_relic,Neo K4 Relic,"['relic', 'neo']",,1,1,1.0,6,6,6.0,0,42,3.0,3.0,5.0,"[2.5, 1.0, 3.0, 4.0, 2.0, 6.0, 3.0]",10.0,1.0,252.0
spontaneous_singularity,Spontaneous Singularity,"['mod', 'rare', 'primary', 'simulor']",,2,4,0.5,10,35,71.2,25,5,33.6,32.5,35.0,"[39.0, 35.0, 34.5, 30.0, 35.0, 37.0, 32.5]",40,17,252.0
lato_vandal_blueprint,Lato Vandal Blueprint,"['weapon', 'secondary', 'blueprint']",,1,14,0.07,4,5,7.2,1,43,5.5,5.0,8.0,"[6.0, 6.0, 5.0, 5.0, 5.0, 6.0, 5.0]",10.5,5.0,251.8
narrow_barrel,Narrow Barrel,"['mod', 'rare', 'primary', 'shotgun']",,1,6,0.17,3,5,8.4,2,30,7.2,7.0,6.5,"[6.0, 7.0, 8.0, 6.0, 7.0, 8.0, 7.0]",8.5,4,250.8
grendel_systems_locator,Grendel Systems Locator,"['mod', 'locator']",,0,5,0.0,0,13,30.8,0,20,12.5,14.0,13.5,"[12.0, 13.0, 15.0, 10.0, 13.5, 12.0, 14.0]",15,10.0,250.0
primed_slip_magazine,Primed Slip Magazine,"['mod', 'legendary', 'secondary', 'pistol']",,0,11,0.0,0,45,49.4,0,6,41.5,49.0,40,"[49.0, 42.5, 50.0, 25.0, 46.5, 35.0, 49.0]",50.5,10,249.0
frost_jaw,Frost Jaw,"['mod', 'rare', 'melee', 'claws']",,0,23,0.0,0,5,6.6,0,39,6.4,6.0,7.0,"[8.0, 7.0, 7.5, 7.0, 7.0, 6.0, 6.0]",9.0,6.0,248.5
odonata_prime_harness_blueprint,Odonata Prime Harness Blueprint,"['component', 'prime', 'archwing', 'blueprint']",15,2,11,0.18,7,10,10.8,3,24,8.7,9.0,8.5,"[9.0, 10.0, 9.0, 8.0, 8.0, 9.0, 9.0]",10,6.0,247.6
hikou_prime_stars,Hikou Prime Stars,"['component', 'weapon', 'prime']",15,1,8,0.12,6,8,10.2,2,31,7.1,7.0,8.0,"[7.0, 7.0, 7.0, 7.0, 8.0, 7.0, 7.0]",10,6.0,247.5
strun_wraith_barrel,Strun Wraith Barrel,"['component', 'weapon']",,0,4,0.0,0,18,28.0,0,15,16.5,17.5,15.0,"[14.0, 17.0, 16.0, 18.0, 15.0, 15.0, 17.5]",28,9,247.5
lohk,Lohk,"['mod', 'rare', 'parazon']",,0,5,0.0,0,10,12.4,0,28,8.8,8.0,9,"[9.0, 8.0, 9.0, 8.0, 8.0, 10.0, 8.0]",10,7.0,247.0
furax_wraith_left_gauntlet,Furax Wraith Left Gauntlet,"['component', 'weapon']",,0,7,0.0,0,9,9.4,0,36,6.8,8.0,6.5,"[9.0, 8.0, 8.0, 7.5, 7.0, 7.0, 8.0]",9,4.0,246.5
latron_wraith_stock,Latron Wraith Stock,"['component', 'weapon']",,2,2,1.0,10,18,34.0,8,7,17.6,18.0,15,"[17.5, 15.0, 15.5, 15.0, 19.5, 16.5, 18.0]",23.5,9,246.0
arcane_flux_helmet,Arcane Flux Helmet,"['arcane_helmet', 'skin']",,2,5,0.4,100,200,509.8,100,1,175.0,175.0,175.0,"[333.0, 130.0, 80.0, 150.0, 200.0, 150.0, 175.0]",333.0,50,245.0
arcane_aurora_helmet,Arcane Aurora Helmet,"['arcane_helmet', 'skin']",,2,5,0.4,100,200,150.0,100,1,175.0,175.0,150.0,"[150.0, 180.0, 250.0, 150.0, 150.0, 100.0, 175.0]",250,45,245.0
synth_fiber,Synth Fiber,"['mod', 'rare', 'sentinel', 'companion']",,0,10,0.0,0,8,9.2,0,31,7.9,8.0,8.0,"[8.0, 8.0, 8.0, 8.0, 9.0, 7.0, 8.0]",10.0,6.0,244.5
pistol_amp,Pistol Amp,"['mod', 'aura', 'uncommon']",,0,10,0.0,0,5,6.6,0,48,5.1,5.0,5.0,"[5.0, 5.0, 7.5, 5.0, 5.0, 5.0, 5.0]",7.5,5,242.5
dual_viciss_set,Dual Viciss Set,"['weapon', 'melee', 'set']",,1,7,0.14,17,25,37.4,8,7,30.3,30.0,30,"[35.0, 24.0, 30.0, 28.0, 24.5, 30.0, 30.0]",40,20,242.3
rubble_heap,Rubble Heap,"['atlas', 'mod', 'warframe', 'augment', 'rare']",,0,4,0.0,0,12,16.2,0,21,11.5,10.0,12,"[14.5, 12.0, 14.0, 13.0, 13.5, 11.0, 10.0]",15,10,242.0
grendel_chassis_locator,Grendel Chassis Locator,"['mod', 'locator']",,0,5,0.0,0,13,29.4,0,18,13.4,15.0,13.0,"[14.0, 13.0, 13.0, 11.5, 12.0, 14.0, 15.0]",15,10.0,242.0
loki_prime_blueprint,Loki Prime Blueprint,"['blueprint', 'prime', 'warframe']",15,1,16,0.06,6,9,9.8,3,25,9.1,9.0,9.0,"[9.0, 10.0, 10.0, 9.0, 9.0, 9.0, 9.0]",10,7.5,241.2
centaur_handle,Centaur Handle,"['component', 'weapon', 'archwing']",,1,9,0.11,6,12,14.2,6,19,11.4,11.0,10.0,"[12.0, 11.0, 11.0, 14.0, 12.0, 10.0, 11.0]",14.0,8.0,241.1
axi_a12_relic,Axi A12 Relic,"['relic', 'axi']",,4,1,4.0,30,15,15.0,-15,6,8.0,8.0,9.0,"[8.0, 7.5, 3.33, 10.0, 10.0, 11.0, 8.0]",69,3.33,240.0
meso_m2_relic,Meso M2 Relic,"['relic', 'meso']",,3,1,3.0,30,7,7.0,-23,6,10.0,10.0,9.5,"[6.0, 10.0, 8.0, 9.0, 8.0, 15.0, 10.0]",15,6,240.0
lith_n12_relic,Lith N12 Relic,"['relic', 'lith']",,5,1,5.0,25,4,4.0,-21,13,3.1,4.0,5.0,"[6.0, 5.0, 5.0, 4.5, 6.0, 3.0, 4.0]",8,2,240.0
neo_w2_relic,Neo W2 Relic,"['neo', 'relic']",,3,1,3.0,18,10,10.0,-8,12,5.0,5.0,5.0,"[5.0, 5.0, 5.0, 3.33, 5.0, 3.33, 5.0]",10,1.5,240.0
akarius_prime_link,Akarius Prime Link,"['prime', 'weapon', 'component']",45,3,16,0.19,3,3,4.0,0,58,3.5,3.0,4.0,"[4.0, 3.0, 3.0, 3.0, 3.0, 3.0, 3.0]",5,3,239.3
perigale_prime_stock,Perigale Prime Stock,"['component', 'weapon', 'prime']",15,1,19,0.05,1,2,3.0,1,64,3.6,2.0,8,"[3.0, 3.0, 3.0, 3.0, 3.0, 3.0, 2.0]",10,2.0,239.2
odonata_prime_systems_blueprint,Odonata Prime Systems Blueprint,"['component', 'prime', 'archwing', 'blueprint']",15,0,7,0.0,0,8,9.0,0,31,7.7,8.0,8.0,"[7.0, 7.0, 6.0, 6.5, 8.0, 7.0, 8.0]",10,5,238.5
lith_r3_relic,Lith R3 Relic,"['lith', 'relic']",,4,3,1.33,18,5,7.0,-13,36,2.8,3.0,5.0,"[3.0, 6.0, 3.0, 3.0, 4.0, 2.0, 3.0]",10.0,2.0,238.0
insatiable,Insatiable,"['nidus', 'mod', 'warframe', 'augment', 'rare']",,0,9,0.0,0,14,14.8,0,22,10.8,9.0,11,"[10.0, 12.0, 13.0, 11.0, 10.0, 10.0, 9.0]",15.0,9.0,237.5
meso_k4_relic,Meso K4 Relic,"['meso', 'relic']",,2,1,2.0,18,9,9.0,-9,23,3.4,5.0,5.0,"[4.5, 3.0, 6.0, 5.0, 5.0, 3.0, 5.0]",7.5,2.5,237.0
fulmin_prime_stock,Fulmin Prime Stock,"['prime', 'component', 'weapon']",45,0,16,0.0,0,5,6.6,0,43,5.5,5.0,5.0,"[5.0, 5.0, 5.0, 5.0, 5.0, 5.0, 5.0]",6.0,4.0,237.0
pathogen_rounds,Pathogen Rounds,"['mod', 'uncommon', 'pistol', 'secondary']",,0,6,0.0,0,7,8.2,0,44,5.4,6.0,5.0,"[6.0, 6.0, 6.5, 5.0, 5.0, 5.5, 6.0]",6.5,5,236.0
healing_flame,Healing Flame,"['mod', 'warframe', 'ember', 'augment', 'rare']",,0,7,0.0,0,10,12.6,0,21,11.2,9.0,10.0,"[10.0, 10.0, 10.0, 11.0, 10.0, 10.0, 9.0]",14.5,9.0,236.0
venka_prime_blades,Venka Prime Blades,"['component', 'weapon', 'prime']",15,0,13,0.0,0,7,7.4,0,35,6.7,6.0,7.0,"[8.0, 7.0, 7.0, 7.0, 7.0, 7.0, 6.0]",10.0,6.0,236.0
death_blossom,Death Blossom,"['mod', 'rare', 'railjack']",,0,4,0.0,0,20,22.5,0,14,16.9,18.0,15.0,"[15.0, 17.0, 12.5, 15.0, 16.5, 17.0, 18.0]",22.5,10.0,236.0
neo_i2_relic,Neo I2 Relic,"['relic', 'neo']",,4,4,1.0,24,5,7.0,-19,23,5.1,5.5,5.0,"[5.5, 4.0, 6.0, 4.0, 5.0, 5.0, 5.5]",8.0,4,236.0
gastro,Gastro,"['grendel', 'mod', 'warframe', 'augment', 'rare']",,0,3,0.0,0,10,14.7,0,19,12.4,10.0,10.0,"[12.0, 12.5, 14.0, 10.0, 14.0, 12.5, 10.0]",14,9.0,236.0
nagantaka_prime_stock,Nagantaka Prime Stock,"['component', 'weapon', 'prime']",45,0,5,0.0,0,9,20.8,0,38,6.2,5.0,7.0,"[7.0, 7.0, 5.0, 7.0, 5.0, 6.0, 5.0]",8.0,5,235.0
carrier_prime_systems,Carrier Prime Systems,"['component', 'weapon', 'prime']",15,0,8,0.0,0,10,10.8,0,27,8.6,9.0,8.0,"[8.0, 9.0, 9.0, 8.5, 8.0, 8.0, 9.0]",10.0,7.0,233.0
loyal_retriever,Loyal Retriever,"['mod', 'uncommon', 'sentinel', 'beast']",,1,18,0.06,2,5,5.0,3,51,4.3,4.0,4.0,"[4.0, 5.0, 5.0, 4.0, 4.0, 4.0, 4.0]",5,4,232.8
magnetized_cycle,Magnetized Cycle,"['rare', 'archwing', 'primary', 'mod', 'archgun']",,1,9,0.11,3,4,7.4,1,38,5.5,5.0,5,"[5.0, 5.0, 5.0, 5.0, 5.0, 5.0, 5.0]",5.5,4,232.8
wyrm_prime_carapace,Wyrm Prime Carapace,"['component', 'weapon', 'prime']",15,2,10,0.2,11,12,13.4,1,14,13.8,13.0,12.0,"[12.0, 15.0, 13.0, 15.0, 15.0, 14.0, 13.0]",15.0,10,231.6
latron_wraith_barrel,Latron Wraith Barrel,"['component', 'weapon']",,1,3,0.33,10,15,36.7,5,11,15.7,17.0,17.5,"[14.5, 17.0, 15.0, 15.0, 14.0, 15.0, 17.0]",30.0,12,230.7
lith_p2_relic,Lith P2 Relic,"['relic', 'lith']",,3,2,1.5,6,7,13.5,1,16,5.8,6.0,6.5,"[5.0, 5.0, 5.0, 5.0, 5.0, 3.0, 6.0]",15,3,230.0
fortitude,Fortitude,"['mod', 'warframe', 'rare']",,0,9,0.0,0,5,5.0,0,54,4.2,4.0,4.0,"[5.0, 5.0, 4.0, 5.0, 5.0, 4.0, 4.0]",5.0,3,229.5
ayatan_sah_sculpture,Ayatan Sah Sculpture,['ayatan_sculpture'],,1,11,0.09,10,3,3.8,-7,65,3.2,2.5,4,"[3.5, 1.75, 3.33, 3.5, 4.0, 3.5, 2.5]",10,1,229.1
melee_afflictions,Melee Afflictions,"['rare', 'arcane_enhancement']",,0,8,0.0,0,4,4.0,0,58,3.9,4.0,3.0,"[4.0, 3.5, 4.0, 3.5, 3.0, 4.0, 4.0]",4.5,1.5,229.0
decurion_barrel,Decurion Barrel,"['component', 'weapon', 'archwing']",,1,10,0.1,3,8,9.2,5,20,10.4,10.0,10.0,"[10.0, 11.0, 12.0, 10.0, 8.0, 10.0, 10.0]",15.0,8.0,228.8
stand_united,Stand United,"['mod', 'aura', 'uncommon']",,0,9,0.0,0,10,12.8,0,27,8.4,8.0,8.0,"[8.0, 8.0, 9.0, 8.0, 8.0, 8.0, 8.0]",10,6.0,228.0
combat_discipline,Combat Discipline,"['mod', 'rare', 'aura']",,0,35,0.0,0,3,4.2,0,57,4.0,4.0,4.0,"[5.0, 4.0, 4.0, 4.0, 4.0, 4.0, 4.0]",5,3,227.5
braton_vandal_receiver,Braton Vandal Receiver,"['component', 'weapon']",,1,16,0.06,3,5,5.0,2,44,4.9,5.0,5.0,"[5.0, 5.0, 5.0, 5.0, 5.0, 5.0, 5.0]",7.0,4,227.4
quassus_prime_handle,Quassus Prime Handle,"['component', 'weapon', 'prime']",15,0,10,0.0,0,4,4.6,0,60,3.8,4.0,4,"[4.0, 4.0, 4.0, 4.0, 4.0, 4.0, 4.0]",5.0,3,227.0
amars_hatred,Amar's Hatred,"['mod', 'uncommon', 'warframe']",,0,28,0.0,0,3,3.8,0,53,4.3,4.0,4.0,"[5.0, 4.0, 5.0, 4.0, 4.0, 5.0, 4.0]",5,3.0,226.5
cinta_upper_limb_blueprint,Cinta Upper Limb Blueprint,"['component', 'weapon', 'blueprint']",,0,11,0.0,0,10,11.0,0,17,13.3,12.5,14.0,"[10.0, 14.5, 12.0, 15.0, 14.0, 13.0, 12.5]",18.0,10,226.0
ubri_kaneph,Ubri-Kaneph,"['mod', 'rare', 'any']",,0,10,0.0,0,7,9.0,0,33,6.8,7.5,6.5,"[7.0, 7.5, 8.0, 8.0, 6.5, 7.0, 7.5]",9,5.0,226.0
cinta_blueprint,Cinta Blueprint,"['weapon', 'primary', 'blueprint']",,0,5,0.0,0,13,14.8,0,22,10.2,10.0,12.0,"[13.0, 10.0, 11.5, 10.5, 10.0, 10.0, 10.0]",15.0,10.0,225.5
automatic_trigger,Automatic Trigger,"['rare', 'primary', 'mod', 'archwing', 'archgun']",,0,19,0.0,0,7,7.8,0,40,5.6,7.0,5.0,"[5.0, 5.0, 5.5, 7.0, 5.5, 6.0, 7.0]",7,5.0,225.0
silva_and_aegis_prime_blueprint,Silva & Aegis Prime Blueprint,"['weapon', 'prime', 'melee', 'blueprint']",45,0,6,0.0,0,10,15.2,0,25,9.0,9.0,8.5,"[9.0, 9.0, 9.0, 7.5, 9.0, 9.0, 9.0]",10,7,225.0
meso_b3_relic,Meso B3 Relic,"['relic', 'meso']",,7,2,3.5,36,15,9.0,-21,5,10.0,8.0,9.0,"[10.0, 7.0, 10.0, 9.0, 7.0, 12.0, 8.0]",15,5,225.0
prisma_burst_laser,Prisma Burst Laser,"['sentinel', 'primary']",,0,6,0.0,0,39,70.8,0,6,37.5,60.0,40.0,"[30.0, 50.0, 40.0, 35.0, 30.0, 30.0, 60.0]",90,20,225.0
ayatan_kitha_sculpture,Ayatan Kitha Sculpture,['ayatan_sculpture'],,2,5,0.4,60,30,51.8,-30,5,32.0,20.0,20.0,"[20.0, 20.0, 22.0, 20.0, 15.0, 50.0, 20.0]",50.0,5.0,224.0
spectral_spirit,Spectral Spirit,"['dagath', 'mod', 'warframe', 'augment', 'rare']",,0,2,0.0,0,12,16.0,0,18,12.4,12.0,12.0,"[13.0, 13.0, 14.0, 13.0, 13.5, 12.0, 12.0]",14,10,224.0
theorem_infection,Theorem Infection,"['arcane_enhancement', 'rare']",,2,8,0.25,3,5,8.0,2,23,7.8,6.0,6.2,"[7.0, 4.5, 6.0, 5.5, 6.0, 6.5, 6.0]",9.0,4,223.8
nezha_prime_systems_blueprint,Nezha Prime Systems Blueprint,"['component', 'prime', 'warframe', 'blueprint']",15,1,21,0.05,1,5,5.0,4,50,4.3,4.0,5,"[5.0, 4.0, 5.0, 4.0, 4.0, 4.0, 4.0]",5.0,4,223.7
phantasma_prime_blueprint,Phantasma Prime Blueprint,"['primary', 'weapon', 'prime', 'blueprint']",45,0,12,0.0,0,3,6.6,0,41,5.4,5.0,5.0,"[5.0, 5.0, 5.0, 5.0, 5.0, 5.0, 5.0]",5,4,221.5
corvas_stock,Corvas Stock,"['component', 'weapon', 'archwing']",,1,5,0.2,6,9,23.6,3,19,9.7,9.0,10,"[10.0, 8.0, 10.0, 10.0, 10.0, 10.0, 9.0]",10,8.0,220.8
primed_cleanse_corpus,Primed Cleanse Corpus,"['mod', 'legendary', 'primary', 'shotgun']",,0,8,0.0,0,40,56.0,0,5,44.0,40.0,30.0,"[40.0, 25.0, 37.0, 40.0, 42.0, 40.0, 40.0]",50,20.0,220.0
primed_cleanse_corrupted,Primed Cleanse Orokin,"['mod', 'legendary', 'primary', 'shotgun']",,0,12,0.0,0,35,47.0,0,5,44.0,45.0,40.0,"[48.5, 47.5, 50.0, 50.0, 50.0, 45.0, 45.0]",50.0,23,220.0
lith_v4_relic,Lith V4 Relic,"['relic', 'lith']",,3,3,1.0,24,10,12.3,-14,11,10.0,9.5,5.8,"[8.0, 3.33, 5.0, 10.0, 4.0, 12.0, 9.5]",12.0,3.33,220.0
dizzying_rounds,Dizzying Rounds,"['mod', 'bronco', 'rare', 'secondary']",,0,2,0.0,0,80,80.0,0,13,16.9,12.0,13.5,"[14.0, 12.0, 15.0, 20.0, 10.5, 19.5, 12.0]",24.0,7,219.5
grendel_neuroptics_locator,Grendel Neuroptics Locator,"['mod', 'locator']",,0,6,0.0,0,10,14.6,0,18,12.2,14.0,13.5,"[12.0, 14.0, 14.0, 10.0, 12.0, 13.0, 14.0]",15,10.0,219.0
trumna_prime_stock,Trumna Prime Stock,"['component', 'weapon', 'prime']",45,1,18,0.06,2,3,3.6,1,61,3.4,3.0,3.0,"[3.0, 3.0, 3.0, 3.0, 3.0, 3.0, 3.0]",4,2.0,219.0
jugulus_barbs,Jugulus Barbs,"['mod', 'common', 'melee']",,1,6,0.17,5,9,19.2,4,21,8.9,9.0,9.0,"[9.0, 10.0, 10.0, 10.0, 9.0, 9.0, 9.0]",20.0,6.5,218.2
panthera_prime_stock,Panthera Prime Stock,"['component', 'weapon', 'prime']",45,1,9,0.11,5,9,9.6,4,24,8.1,8.0,8,"[8.0, 7.0, 8.0, 7.0, 8.0, 8.0, 8.0]",9,5.5,217.2
four_riders,Four Riders,"['mod', 'rare', 'stance', 'claws']",,1,8,0.12,5,10,10.0,5,21,9.2,10.0,9.0,"[9.5, 10.0, 9.0, 9.0, 9.0, 9.0, 10.0]",10,8,217.1
silva_and_aegis_prime_blade,Silva & Aegis Prime Blade,"['component', 'weapon', 'prime']",45,0,9,0.0,0,8,9.4,0,29,7.5,8.0,7.5,"[7.5, 8.0, 8.0, 8.0, 8.0, 8.0, 8.0]",9.0,6,217.0
lith_k6_relic,Lith K6 Relic,"['relic', 'lith']",,3,0,30.0,18,0,0.0,0,1,7.0,7.0,5,"[9.0, 6.0, 3.5, 10.0, 4.0, 4.0, 7.0]",33,2,217.0
dorma_hound_blueprint,Dorma Hound Blueprint,"['blueprint', 'secondary', 'hound']",,0,4,0.0,0,20,27.5,0,13,16.7,15.0,20.0,"[20.0, 20.0, 20.0, 15.0, 15.0, 16.5, 15.0]",30.0,15,217.0
archgun_riven_mod_(veiled),Archgun Riven Mod (Veiled),"['mod', 'riven_mod', 'common', 'veiled_riven']",,2,13,0.15,6,10,12.8,4,15,12.5,11.5,11.5,"[10.5, 10.0, 10.0, 10.0, 8.5, 12.0, 11.5]",16.0,8,216.9
lith_s15_relic,Lith S15 Relic,"['lith', 'relic']",,2,1,2.0,15,10,10.0,-5,24,3.0,3.0,4.0,"[4.0, 3.33, 5.0, 2.0, 1.0, 2.5, 3.0]",6,1.0,216.0
reaper_prime_blade,Reaper Prime Blade,"['component', 'weapon', 'prime']",45,1,11,0.09,7,8,11.6,1,21,9.4,9.5,9.5,"[10.0, 9.5, 10.0, 12.0, 10.5, 10.0, 9.5]",12.0,8,214.9
body_count,Body Count,"['mod', 'melee', 'common']",,1,5,0.2,3,5,15.0,2,18,9.9,10.0,10,"[10.0, 10.0, 10.0, 10.0, 10.0, 9.0, 10.0]",10.0,8,214.8
pyrana_prime_receiver,Pyrana Prime Receiver,"['component', 'weapon', 'prime']",45,0,16,0.0,0,7,8.0,0,30,7.2,7.0,7.0,"[6.0, 6.0, 7.0, 7.0, 7.0, 8.0, 7.0]",9.0,6.0,214.5
rubico_prime_barrel,Rubico Prime Barrel,"['component', 'weapon', 'prime']",25,0,10,0.0,0,7,9.0,0,32,6.7,7.0,7.0,"[7.0, 8.0, 6.0, 7.0, 7.0, 7.0, 7.0]",8,5.0,214.0
pax_charge,Pax Charge,"['rare', 'arcane_enhancement']",,0,7,0.0,0,6,13.2,0,27,7.9,7.5,6.5,"[8.0, 7.5, 8.0, 7.5, 8.0, 8.0, 7.5]",10.0,4,214.0
nami_skyla_prime_handle,Nami Skyla Prime Handle,"['component', 'weapon', 'prime']",45,0,14,0.0,0,6,7.6,0,28,7.6,7.0,8.0,"[8.0, 8.0, 8.5, 7.0, 8.0, 8.0, 7.0]",9,6.5,213.5
noctua_swarm,Noctua Swarm,"['mod', 'rare', 'warframe', 'dante']",,1,9,0.11,7,8,12.2,1,18,10.7,11.0,11.0,"[10.0, 12.0, 12.0, 10.0, 10.0, 10.0, 11.0]",20.0,10.0,213.3
stinging_thorn,Stinging Thorn,"['mod', 'rare', 'stance', 'daggers']",,0,6,0.0,0,10,14.6,0,22,9.7,10.0,9.0,"[10.0, 10.0, 9.5, 9.0, 9.5, 10.0, 10.0]",10,8,213.0
arcane_blessing,Arcane Blessing,"['rare', 'arcane_enhancement']",,0,8,0.0,0,2,2.8,0,101,2.1,2.0,2.0,"[2.0, 2.0, 2.0, 2.0, 2.0, 2.0, 2.0]",3.5,2,213.0
peculiar_end,Peculiar End,"['mod', 'peculiar', 'arcane_enhancement', 'warframe']",,2,1,2.0,15,99,99.0,84,2,35.5,45.0,40,"[40.0, 40.0, 37.0, 40.0, 40.0, 40.0, 45.0]",79,10,213.0
akstiletto_prime_blueprint,Akstiletto Prime Blueprint,"['weapon', 'prime', 'secondary', 'blueprint']",100,1,19,0.05,7,10,14.6,3,14,14.4,14.5,14,"[15.0, 15.0, 15.0, 15.0, 15.0, 15.0, 14.5]",15.0,10.5,212.6
disabling_conditioning,Disabling Conditioning,"['mod', 'uncommon', 'melee', 'claws']",,1,1,1.0,11,15,15.0,4,7,15.1,14.5,14.0,"[14.0, 15.0, 15.5, 15.0, 14.0, 14.0, 14.5]",17.5,12,212.0
zenurik_lens,Zenurik Lens,"['focus', 'lens']",,0,5,0.0,0,3,13.6,0,39,5.4,4.5,5.0,"[5.0, 4.5, 5.0, 5.0, 5.5, 5.0, 4.5]",6.5,3,211.0
vome,Vome,"['mod', 'rare', 'parazon']",,0,7,0.0,0,10,10.0,0,25,8.4,8.0,9,"[8.0, 8.0, 10.0, 9.0, 8.5, 9.0, 8.0]",10.0,7,211.0
helios_prime_blueprint,Helios Prime Blueprint,"['prime', 'sentinel', 'blueprint']",45,0,15,0.0,0,5,5.2,0,35,6.0,6.5,5.0,"[5.0, 5.0, 5.0, 5.0, 5.0, 5.0, 6.5]",7.0,4,210.5
alternox_prime_receiver,Alternox Prime Receiver,"['weapon', 'prime', 'component']",15,0,16,0.0,0,3,3.6,0,64,3.3,3.0,5,"[3.0, 3.0, 3.0, 4.0, 3.0, 3.0, 3.0]",6.5,3.0,210.5
wolf_sledge_blueprint,Wolf Sledge Blueprint,"['weapon', 'melee', 'blueprint']",,1,4,0.25,12,18,22.0,6,11,15.3,15.0,16.0,"[20.0, 17.5, 17.0, 15.0, 16.0, 15.0, 15.0]",22.0,10.0,210.0
lith_n7_relic,Lith N7 Relic,"['relic', 'lith']",,5,2,2.5,24,6,6.5,-18,6,10.0,10.0,6.8,"[6.0, 5.0, 5.0, 8.0, 8.0, 8.0, 10.0]",30,4.0,210.0
sybaris_prime_stock,Sybaris Prime Stock,"['component', 'weapon', 'prime']",15,0,9,0.0,0,8,9.2,0,23,9.1,8.0,10,"[10.0, 10.0, 9.0, 9.0, 9.0, 9.0, 8.0]",15.0,8,209.5
crescent_vulpaphyla_imprint,Crescent Vulpaphyla Imprint,"['kubrow', 'pet', 'imprint']",,1,10,0.1,10,30,52.0,20,9,21.1,25.0,21.5,"[18.0, 30.0, 19.0, 18.5, 20.0, 27.5, 25.0]",32.5,15,209.0
velox_barrel,Velox Barrel,"['component', 'weapon']",,1,6,0.17,5,10,11.0,5,22,8.1,9.0,8.5,"[9.0, 7.0, 10.0, 8.5, 8.0, 8.0, 9.0]",10,5,208.8
akjagara_prime_link,Akjagara Prime Link,"['component', 'weapon', 'prime']",45,1,4,0.25,5,7,7.0,2,24,7.0,7.0,7,"[7.0, 7.0, 7.0, 7.5, 7.0, 8.0, 7.0]",9.0,5,208.8
vicious_spread,Vicious Spread,"['shotgun', 'mod', 'rare', 'primary']",,0,18,0.0,0,3,4.2,0,59,3.5,4.0,3.0,"[3.0, 3.0, 3.0, 3.0, 3.0, 3.0, 4.0]",4,2,208.0
stahlta_receiver,Stahlta Receiver,"['component', 'weapon']",,2,5,0.4,6,15,23.4,9,15,9.9,10.5,10.0,"[10.0, 11.0, 12.0, 10.0, 10.0, 10.0, 10.5]",12.0,7.0,207.2
arcane_nullifier,Arcane Nullifier,['arcane_enhancement'],,0,5,0.0,0,4,3.0,0,55,3.8,4.0,3.0,"[3.0, 4.0, 4.0, 4.0, 3.5, 4.0, 4.0]",5,2.0,207.0
rathbone_head,Rathbone Head,"['component', 'weapon', 'archwing']",,1,7,0.14,6,14,14.6,8,16,11.2,10.0,12,"[12.0, 10.0, 12.0, 14.0, 13.5, 14.0, 10.0]",15.0,10.0,205.7
xata,Xata,"['mod', 'rare', 'parazon']",,1,7,0.14,5,10,10.0,5,20,9.0,9.0,8.5,"[8.0, 8.0, 8.0, 8.0, 8.0, 10.0, 9.0]",10.0,7.0,205.7
crushing_ruin,Crushing Ruin,"['mod', 'rare', 'stance', 'hammers']",,0,18,0.0,0,4,5.2,0,38,5.4,5.0,5.0,"[7.0, 5.0, 7.0, 6.0, 6.0, 5.0, 5.0]",7.0,5.0,205.5
longwinder,Longwinder,['fish'],,0,10,0.0,0,2,3.6,0,111,1.8,2.0,2.0,"[2.0, 2.0, 2.0, 2.0, 2.0, 2.0, 2.0]",3,1,205.0
nautilus_carapace,Nautilus Carapace,"['component', 'weapon']",,0,3,0.0,0,18,19.3,0,14,14.6,16.5,15.0,"[15.0, 15.0, 15.0, 14.5, 15.0, 15.0, 16.5]",20,11.0,205.0
power_drain,Power Drain,"['mod', 'uncommon', 'parazon']",,0,12,0.0,0,17,19.0,0,13,15.8,15.0,18,"[17.0, 15.0, 15.0, 16.5, 15.0, 16.5, 15.0]",20.5,14.5,205.0
arum_spinosa_guard,Arum Spinosa Guard,"['component', 'weapon']",,2,2,1.0,10,40,45.0,30,9,11.3,13.0,10.0,"[11.5, 9.5, 15.0, 10.0, 10.0, 12.0, 13.0]",19.0,7.5,204.0
axi_n13_relic,Axi N13 Relic,"['relic', 'axi']",,5,1,5.0,12,10,10.0,-2,6,5.7,7.0,3.0,"[4.335, 5.0, 2.0, 6.0, 2.0, 3.0, 7.0]",12.0,1.67,204.0
untime_rift,Untime Rift,"['warframe', 'rare', 'augment', 'mod', 'xaku']",,1,4,0.25,5,14,17.2,9,15,10.9,10.0,12,"[13.0, 12.0, 10.0, 13.0, 10.0, 12.5, 10.0]",14.5,10,203.8
orthos_prime_blade,Orthos Prime Blade,"['component', 'weapon', 'prime']",45,3,11,0.27,1,4,4.8,3,45,3.5,3.0,4,"[4.0, 4.0, 3.0, 3.0, 4.0, 3.0, 3.0]",4,3.0,203.0
raiju_core_blueprint,Raiju Core Blueprint,"['blueprint', 'secondary', 'hound']",,0,6,0.0,0,14,17.4,0,13,15.5,15.0,15.0,"[15.0, 20.0, 20.0, 18.0, 15.0, 15.0, 15.0]",20.0,10,202.0
reactive_storm,Reactive Storm,"['baruuk', 'mod', 'warframe', 'augment', 'rare']",,0,4,0.0,0,15,16.2,0,17,11.7,12.0,10.0,"[11.0, 10.0, 10.0, 12.0, 10.0, 12.0, 12.0]",14.5,8.5,199.5
primed_rifle_ammo_mutation,Primed Rifle Ammo Mutation,"['mod', 'legendary', 'primary', 'assault_rifle']",,0,8,0.0,0,70,79.4,0,4,49.8,50.0,40.0,"[45.0, 47.5, 42.0, 42.5, 45.0, 45.0, 50.0]",92.5,24.5,199.0
opportunitys_reach,Opportunity's Reach,"['mod', 'uncommon', 'melee']",,0,5,0.0,0,8,9.6,0,26,7.7,8.0,7.0,"[7.0, 8.0, 8.0, 8.0, 8.0, 7.0, 8.0]",10.0,5,199.0
ironclad_charge,Ironclad Charge,"['mod', 'warframe', 'rhino', 'augment', 'rare']",,1,7,0.14,6,10,12.0,4,16,10.9,11.0,10.0,"[10.0, 11.5, 10.0, 12.0, 13.0, 10.0, 11.0]",13.0,9.0,198.9
necramech_intensify,Necramech Intensify,"['mod', 'rare', 'necramech']",,0,5,0.0,0,14,21.4,0,14,14.2,14.0,14.5,"[15.0, 15.0, 12.0, 14.0, 15.0, 15.0, 14.0]",16.5,12.0,198.5
meso_p11_relic,Meso P11 Relic,"['meso', 'relic']",,1,0,10.0,6,0,0.0,0,6,3.0,3.0,4.0,"[4.0, 3.0, 4.0, 5.0, 3.0, 5.0, 3.0]",5,2,198.0
kumihimo_loading,Kumihimo Loading,"['rare', 'augment', 'koumei', 'warframe', 'mod']",,0,6,0.0,0,10,15.6,0,17,11.6,11.0,14.0,"[14.0, 14.0, 15.0, 13.0, 12.0, 13.5, 11.0]",16.0,10.0,197.0
spectrosiphon,Spectrosiphon,"['mod', 'warframe', 'gara', 'augment', 'rare']",,0,5,0.0,0,10,12.8,0,16,12.2,10.5,11.5,"[11.0, 14.0, 10.0, 12.0, 13.0, 13.0, 10.5]",15,9,196.0
primal_rage,Primal Rage,"['wukong', 'mod', 'warframe', 'augment', 'rare']",,0,8,0.0,0,10,13.0,0,20,9.8,10.0,10.0,"[10.0, 10.0, 10.0, 10.0, 10.0, 10.0, 10.0]",12,9,196.0
cyngas_barrel,Cyngas Barrel,"['component', 'weapon', 'archwing']",,1,9,0.11,6,9,10.2,3,19,9.3,10.0,10,"[8.5, 9.0, 10.0, 10.0, 10.0, 10.0, 10.0]",11.0,8.0,195.6
orvius_blade,Orvius Blade,"['component', 'weapon']",,1,9,0.11,2,4,5.6,2,42,4.2,4.0,4.0,"[4.0, 4.0, 4.0, 4.0, 4.0, 5.0, 4.0]",5.0,3.0,195.6
sevagoth_prime_systems_blueprint,Sevagoth Prime Systems Blueprint,"['component', 'prime', 'warframe', 'blueprint']",15,0,20,0.0,0,2,3.6,0,73,2.7,2.0,2,"[2.0, 3.0, 2.0, 2.0, 2.0, 2.0, 2.0]",3.0,1.5,195.0
akbronco_prime_link,Akbronco Prime Link,"['component', 'weapon', 'prime']",45,2,12,0.17,2,2,4.0,0,56,3.0,3.0,3,"[3.0, 3.0, 3.0, 3.0, 2.5, 3.0, 3.0]",4,2,194.8
volnus_prime_blueprint,Volnus Prime Blueprint,"['weapon', 'prime', 'melee', 'blueprint']",15,0,12,0.0,0,4,5.0,0,39,5.0,5.0,4.0,"[5.0, 5.0, 5.0, 5.0, 4.0, 5.0, 5.0]",5,2.0,194.0
marked_target,Marked Target,"['rare', 'primary', 'mod', 'archwing', 'archgun']",,1,9,0.11,2,10,13.8,8,14,12.4,10.0,10.8,"[12.5, 12.5, 10.0, 12.0, 10.0, 14.5, 10.0]",15.0,9,193.3
fluctus_limbs,Fluctus Limbs,"['component', 'weapon', 'archwing']",,1,7,0.14,3,7,12.8,4,18,9.4,9.5,10,"[9.0, 10.0, 10.0, 10.0, 10.0, 10.0, 9.5]",10,8.0,193.1
corvas_receiver,Corvas Receiver,"['component', 'weapon', 'archwing']",,0,5,0.0,0,10,22.0,0,19,10.2,10.0,10.0,"[10.0, 10.0, 10.0, 11.0, 10.0, 10.0, 10.0]",14.0,8.5,193.0
riot_848_set,Riot-848 Set,"['weapon', 'secondary', 'set']",,0,6,0.0,0,34,65.4,0,6,32.2,32.5,30,"[27.5, 25.0, 25.0, 35.0, 35.0, 30.0, 32.5]",35.0,20,193.0
turret_velocity,Turret Velocity,"['rare', 'railjack', 'mod']",,1,9,0.11,20,24,31.8,4,6,28.8,29.0,27.0,"[25.0, 25.0, 25.0, 25.0, 25.0, 30.0, 29.0]",30.0,24.0,192.2
peculiar_growth,Peculiar Growth,"['mod', 'peculiar', 'arcane_enhancement', 'warframe']",,0,3,0.0,0,30,33.3,0,9,21.3,20.0,20.0,"[20.0, 15.0, 15.0, 22.0, 25.0, 20.5, 20.0]",30,10,192.0
niras_contempt,Nira's Contempt,"['mod', 'rare', 'melee', 'whips']",,1,15,0.07,3,4,5.4,1,36,5.0,5.0,5.0,"[5.0, 5.0, 5.0, 6.0, 5.0, 5.0, 5.0]",6,4.0,191.5
furious_javelin,Furious Javelin,"['mod', 'warframe', 'excalibur', 'augment', 'rare']",,0,4,0.0,0,10,14.5,0,15,12.7,13.0,13,"[12.5, 14.5, 14.0, 15.0, 13.5, 13.0, 13.0]",15,10,191.0
necramech_steel_fiber,Necramech Steel Fiber,"['mod', 'uncommon', 'necramech']",,0,4,0.0,0,13,19.0,0,15,12.7,13.0,14.5,"[15.0, 14.0, 14.0, 20.0, 13.0, 13.0, 13.0]",20.0,12,191.0
arcane_esprit_helmet,Arcane Esprit Helmet,"['arcane_helmet', 'skin']",,0,6,0.0,0,200,380.0,0,1,190.0,190.0,159.5,"[150.0, 194.5, 100.0, 175.0, 159.0, 179.0, 190.0]",300.0,81,190.0
perigale_prime_blueprint,Perigale Prime Blueprint,"['weapon', 'primary', 'prime', 'blueprint']",15,0,10,0.0,0,3,4.4,0,58,3.3,3.0,4.0,"[4.0, 4.0, 4.0, 4.0, 4.0, 3.0, 3.0]",5.0,3.0,190.0
neo_s18_relic,Neo S18 Relic,"['relic', 'neo']",,5,2,2.5,12,6,4.0,-6,18,3.0,3.0,4,"[4.5, 2.0, 4.67, 4.5, 4.0, 2.5, 3.0]",5.5,2.0,189.0
yareli_prime_chassis_blueprint,Yareli Prime Chassis Blueprint,"['component', 'warframe', 'prime', 'blueprint']",15,0,23,0.0,0,2,2.0,0,86,2.2,2.0,2,"[2.0, 2.0, 2.0, 2.0, 2.0, 2.0, 2.0]",2,2,189.0
snipetron_vandal_stock,Snipetron Vandal Stock,"['component', 'weapon']",,0,7,0.0,0,15,19.8,0,14,13.4,15.0,15.0,"[12.0, 16.0, 14.5, 15.0, 10.0, 14.0, 15.0]",25,10,188.0
meso_t3_relic,Meso T3 Relic,"['relic', 'meso']",,2,2,1.0,12,7,8.5,-5,32,2.9,2.5,4.2,"[2.0, 4.0, 6.0, 6.0, 4.5, 4.0, 2.5]",6,2,188.0
primed_cleanse_the_murmur,Primed Cleanse The Murmur,"['mod', 'legendary', 'primary', 'shotgun']",,2,18,0.11,20,35,39.6,15,6,28.2,29.0,30.0,"[30.0, 21.0, 37.5, 35.0, 34.5, 30.0, 29.0]",55,15.0,187.8
primed_heavy_trauma,Primed Heavy Trauma,"['mod', 'legendary', 'melee']",,1,14,0.07,15,30,39.6,15,6,29.2,31.0,50.0,"[32.0, 35.0, 30.0, 30.0, 30.0, 25.0, 31.0]",70,15.0,187.5
primed_bane_of_corpus,Primed Bane Of Corpus,"['mod', 'legendary', 'primary', 'rifle']",,0,15,0.0,0,20,28.8,0,10,18.7,19.0,23,"[20.0, 20.0, 20.0, 20.0, 20.0, 17.5, 19.0]",32.5,17.5,187.0
barrel_diffusion,Barrel Diffusion,"['mod', 'rare', 'pistol', 'secondary']",,0,7,0.0,0,5,5.0,0,44,4.2,4.0,4.0,"[4.0, 5.0, 4.0, 4.0, 4.0, 4.0, 4.0]",5,4,187.0
braton_vandal_barrel,Braton Vandal Barrel,"['component', 'weapon']",,0,12,0.0,0,3,5.6,0,41,4.6,5.0,5.0,"[5.0, 5.0, 5.0, 5.0, 5.0, 5.0, 5.0]",7,4.0,187.0
arcane_truculence,Arcane Truculence,"['rare', 'arcane_enhancement']",,0,18,0.0,0,2,2.0,0,92,2.0,2.0,2.0,"[2.0, 2.0, 2.0, 2.0, 2.0, 2.0, 2.0]",3.0,1,187.0
vanguard_c1_relic,Vanguard C1 Relic,"['vanguard', 'relic', 'axi']",,10,7,1.43,42,15,19.0,-27,7,11.0,9.3,10.0,"[10.0, 10.0, 9.5, 10.0, 13.0, 9.5, 9.335]",17.5,7,187.0
lith_n17_relic,Lith N17 Relic,"['lith', 'relic']",,2,2,1.0,6,4,4.5,-2,31,3.0,2.0,2.0,"[12, 2, 1.5, 1.0, 2.0, 6.0, 2.0]",12,1,186.0
dual_kamas_prime_handle,Dual Kamas Prime Handle,"['component', 'weapon', 'prime']",45,1,12,0.08,3,6,7.6,3,26,6.6,7.0,7,"[8.5, 7.0, 7.0, 7.0, 7.0, 7.0, 7.0]",8.5,5,185.2
velocitus_barrel,Velocitus Barrel,"['component', 'weapon', 'archwing']",,2,7,0.29,6,11,13.2,5,14,10.3,10.0,10.0,"[10.0, 10.0, 10.0, 10.0, 10.0, 10.0, 10.0]",15.0,9.0,185.1
fragor_prime_head,Fragor Prime Head,"['component', 'weapon', 'prime']",15,1,9,0.11,5,8,9.2,3,19,8.8,8.0,8.0,"[9.0, 10.0, 10.0, 10.0, 9.0, 9.0, 8.0]",10.0,5,185.0
axi_s20_relic,Axi S20 Relic,"['relic', 'axi']",,2,4,0.5,12,1,2.5,-11,66,1.9,2.0,2.5,"[1.835, 2.0, 2.0, 1.33, 2.0, 2.5, 2.0]",8,1.165,184.7
nitro_boost,Nitro Boost,"['mod', 'rare', 'k_drive']",,0,2,0.0,0,25,26.0,0,10,18.4,19.0,19.0,"[15.0, 10.0, 20.0, 24.5, 22.0, 20.0, 19.0]",30,10,184.0
orthos_prime_blueprint,Orthos Prime Blueprint,"['weapon', 'prime', 'melee', 'blueprint']",45,2,9,0.22,1,3,4.0,2,48,3.1,2.0,3,"[4.0, 3.0, 3.0, 2.0, 3.0, 3.0, 2.0]",4,1.0,183.9
scattered_justice,Scattered Justice,"['syndicate', 'mod', 'rare', 'primary', 'hek']",,0,5,0.0,0,10,13.0,0,19,9.7,9.5,10,"[10.0, 10.0, 10.0, 10.0, 10.0, 10.0, 9.5]",14.0,8,183.5
vigor,Vigor,"['mod', 'warframe', 'rare']",,0,9,0.0,0,4,6.4,0,38,4.8,5.0,5,"[5.0, 5.0, 5.0, 5.0, 5.0, 5.0, 5.0]",5,4,183.0
venari_bodyguard,Venari Bodyguard,"['mod', 'khora', 'warframe', 'augment', 'rare']",,0,4,0.0,0,10,12.5,0,17,10.8,13.0,10.0,"[10.0, 10.0, 10.0, 10.0, 9.0, 10.0, 13.0]",14.0,8,183.0
bhisaj_bal,Bhisaj-Bal,"['mod', 'rare', 'primary', 'paris_prime']",,0,3,0.0,0,20,23.3,0,10,18.3,18.0,19,"[18.0, 18.0, 19.0, 18.0, 18.5, 18.0, 18.0]",25,14.5,183.0
jahu,Jahu,"['mod', 'rare', 'parazon']",,0,5,0.0,0,8,11.6,0,21,8.7,9.0,9.0,"[10.0, 9.0, 7.0, 9.0, 8.0, 8.0, 9.0]",10.0,7,182.5
guardian_armor,Guardian Armor,"['mod', 'rare', 'warframe', 'chroma']",,0,3,0.0,0,15,18.3,0,13,14.0,13.0,14.0,"[14.0, 14.0, 15.0, 15.0, 15.0, 15.0, 13.0]",15.5,12.0,182.5
hespar_handle_blueprint,Hespar Handle Blueprint,"['weapon', 'blueprint', 'component']",,0,8,0.0,0,5,5.0,0,36,5.0,5.0,5.0,"[5.0, 5.0, 5.0, 5.0, 5.0, 5.0, 5.0]",5,4,181.0
galvanized_crosshairs,Galvanized Crosshairs,"['mod', 'rare', 'secondary', 'pistol']",,1,10,0.1,5,10,10.0,5,18,9.1,9.0,10.0,"[10.0, 9.0, 9.0, 10.0, 9.0, 9.0, 9.0]",10.0,8.0,180.4
lith_n18_relic,Lith N18 Relic,"['lith', 'relic']",,5,1,5.0,10,25,25.0,15,12,2.5,2.5,1.5,"[1.0, 1.5, 1.17, 3.0, 2.0, 3.0, 2.5]",3,1,180.0
haunted_vesper_relay_scene,Haunted Vesper Relay Scene,"['misc', 'scene']",,1,1,1.0,20,90,90.0,70,1,90.0,90.0,40.0,"[40, 20, 20.0, 100.0, 20.0, 40.0, 90.0]",100.0,20,180.0
neo_z6_relic,Neo Z6 Relic,"['relic', 'neo']",,4,2,2.0,12,5,4.5,-7,18,3.3,10.0,4.5,"[3, 4, 2.5, 4.0, 3.0, 3.0, 10.0]",10.0,2,179.8
fluctus_stock,Fluctus Stock,"['component', 'weapon', 'archwing']",,1,7,0.14,5,7,9.4,2,17,9.2,9.0,9.0,"[9.0, 9.0, 9.0, 8.5, 9.0, 9.0, 9.0]",10,7.5,179.4
lightning_dash,Lightning Dash,"['mod', 'rare', 'warframe']",,0,5,0.0,0,7,8.8,0,24,7.4,8.0,7.0,"[7.0, 7.0, 7.0, 7.0, 7.5, 7.5, 8.0]",9,5.0,178.0
augur_pact,Augur Pact,"['mod', 'common', 'secondary', 'pistol']",,0,15,0.0,0,3,4.2,0,40,4.4,5.0,5,"[5.0, 5.0, 5.0, 5.0, 4.5, 4.0, 5.0]",5.0,4,177.5
galeforce_dawn,Galeforce Dawn,"['mod', 'uncommon', 'stance', 'heavy_scythe']",,0,9,0.0,0,4,7.6,0,34,5.2,5.0,5,"[5.0, 8.0, 5.0, 5.0, 5.0, 5.0, 5.0]",9.0,3.5,177.5
onorix_handle,Onorix Handle,"['component', 'weapon', 'archwing']",,1,7,0.14,6,9,12.0,3,15,10.3,10.0,10.0,"[10.0, 9.5, 10.0, 8.0, 9.5, 10.0, 10.0]",13,7,177.1
pistol_ammo_mutation,Pistol Ammo Mutation,"['mod', 'rare', 'pistol', 'secondary']",,0,9,0.0,0,8,9.2,0,24,7.4,7.0,8.0,"[7.0, 7.0, 8.0, 9.0, 8.0, 8.0, 7.0]",10.0,5.0,177.0
atlas_prime_blueprint,Atlas Prime Blueprint,"['blueprint', 'prime', 'warframe']",15,0,10,0.0,0,4,5.8,0,48,3.7,4.0,4.0,"[4.0, 4.0, 5.0, 4.0, 4.0, 3.5, 4.0]",5,3,177.0
tatsu_prime_blade,Tatsu Prime Blade,"['component', 'weapon', 'prime']",45,1,15,0.07,3,4,4.4,1,36,4.6,5.0,5,"[5.0, 5.0, 5.0, 4.5, 5.0, 4.0, 5.0]",5.0,4.0,176.5
primed_smite_the_murmur,Primed Smite The Murmur,"['mod', 'legendary', 'melee']",,2,11,0.18,20,20,41.8,0,5,29.8,34.5,23.5,"[28.5, 30.0, 28.0, 20.0, 32.0, 25.0, 34.5]",38.0,15,176.1
malicious_raptor,Malicious Raptor,"['mod', 'rare', 'stance', 'claws']",,0,10,0.0,0,8,9.4,0,20,8.8,9.0,8.0,"[8.0, 8.0, 8.0, 8.0, 9.0, 8.5, 9.0]",10.0,6.5,176.0
kaszas_handle,Kaszas Handle,"['component', 'weapon', 'archwing']",,1,5,0.2,5,10,25.4,5,15,9.7,10.0,9.5,"[9.0, 10.0, 10.0, 10.0, 10.0, 10.0, 10.0]",10,8,175.2
true_punishment,True Punishment,"['mod', 'melee', 'common']",,0,1,0.0,0,10,10.0,0,20,8.8,9.0,9,"[9.0, 9.0, 9.0, 10.0, 8.0, 9.5, 9.0]",10,6.5,175.0
decurion_receiver,Decurion Receiver,"['component', 'weapon', 'archwing']",,2,7,0.29,6,8,10.6,2,13,10.5,9.0,10.0,"[10.0, 12.0, 12.0, 8.0, 9.0, 12.0, 9.0]",14.0,8.0,174.9
tromyzon,Tromyzon,['fish'],,1,11,0.09,1,2,2.6,1,94,1.7,1.7,1.8,"[1.67, 1.67, 1.67, 1.67, 1.67, 1.25, 1.67]",11.0,1.25,174.8
glappid,Glappid,['fish'],,0,5,0.0,0,2,2.0,0,96,1.8,1.9,2.0,"[2.0, 1.67, 2.0, 1.585, 1.67, 2.0, 1.915]",3.0,1,174.1
swing_line,Swing Line,"['mod', 'warframe', 'valkyr', 'augment', 'rare']",,1,2,0.5,10,15,20.0,5,8,14.5,14.5,14.0,"[14.0, 13.5, 15.0, 14.0, 15.0, 14.0, 14.5]",15,10,174.0
persistent_posture,Persistent Posture,"['mod', 'common', 'stance', 'claws']",,0,1,0.0,0,15,15.0,0,13,13.4,14.0,12.0,"[12.0, 11.5, 13.0, 14.0, 12.5, 13.0, 14.0]",15.0,10,174.0
cobra_and_crane_prime_blade,Cobra & Crane Prime Blade,"['prime', 'component', 'weapon']",45,3,8,0.38,4,9,9.4,5,24,5.3,5.0,5.0,"[5.0, 5.0, 5.0, 5.0, 5.0, 5.0, 5.0]",6.0,4.0,173.9
rubico_prime_receiver,Rubico Prime Receiver,"['component', 'weapon', 'prime']",15,0,9,0.0,0,5,6.6,0,34,5.1,5.0,5,"[5.0, 4.0, 5.0, 5.0, 6.0, 5.0, 5.0]",6.0,4,173.0
hunter_recovery,Hunter Recovery,"['mod', 'common', 'sentinel', 'beast']",,0,3,0.0,0,5,6.0,0,36,4.8,5.0,4.0,"[5.0, 5.0, 5.0, 5.0, 5.0, 5.0, 5.0]",5,3.5,172.5
caliban_prime_chassis_blueprint,Caliban Prime Chassis Blueprint,"['component', 'warframe', 'prime', 'blueprint']",15,0,31,0.0,0,1,1.4,0,89,1.9,1.0,2.0,"[2.0, 2.0, 2.0, 2.0, 2.0, 2.0, 1.0]",2.0,1,172.5
archgun_ace,Archgun Ace,"['rare', 'primary', 'mod', 'archwing', 'archgun']",,0,9,0.0,0,12,14.2,0,17,10.1,10.0,10.0,"[10.0, 9.0, 8.0, 10.0, 10.0, 10.0, 10.0]",11.0,8,172.0
stahlta_stock,Stahlta Stock,"['component', 'weapon']",,1,8,0.12,4,7,8.0,3,20,7.6,7.0,8.0,"[7.0, 8.0, 8.5, 8.0, 8.0, 8.0, 7.0]",10,7,171.6
primary_acuity,Primary Acuity,"['mod', 'rare', 'primary', 'rifle']",,0,19,0.0,0,2,3.2,0,60,2.9,3.0,4,"[3.0, 4.0, 3.0, 3.0, 3.0, 3.0, 3.0]",4,3.0,171.5
stradavar_prime_receiver,Stradavar Prime Receiver,"['component', 'weapon', 'prime']",15,0,12,0.0,0,6,6.6,0,33,5.2,5.0,5.0,"[6.0, 6.0, 5.0, 5.0, 5.0, 5.0, 5.0]",8.0,5.0,171.0
fass,Fass,"['mod', 'rare', 'parazon']",,0,6,0.0,0,9,9.8,0,20,8.6,9.0,8.5,"[9.0, 8.0, 8.0, 8.0, 8.0, 8.0, 9.0]",10,7.0,171.0
fang_prime_blade,Fang Prime Blade,"['component', 'weapon', 'prime']",15,0,10,0.0,0,4,4.8,0,48,3.6,4.0,3,"[4.0, 4.0, 4.0, 3.0, 3.0, 3.0, 4.0]",5.0,2,170.5
baza_prime_receiver,Baza Prime Receiver,"['component', 'weapon', 'prime']",15,1,9,0.11,6,6,7.4,0,26,5.9,5.0,5.5,"[7.0, 6.5, 7.0, 6.5, 5.0, 7.0, 5.0]",7.0,5.0,170.0
perrin_armor_set,Perrin Armor Set,['skin'],,0,0,0.0,0,0,0.0,0,3,56.7,50.0,50.0,"[35.0, 60.0, 30.0, 30.0, 25.0, 70.0, 50.0]",70.0,20,170.0
eternal_logistics,Eternal Logistics,"['rare', 'arcane_enhancement']",,0,12,0.0,0,3,3.0,0,61,2.8,3.0,3,"[3.0, 3.0, 3.0, 3.0, 2.67, 2.75, 3.0]",3,2,170.0
critical_mutation,Critical Mutation,"['mod', 'rare', 'secondary', 'catabolyst']",,0,5,0.0,0,10,35.4,0,13,13.0,14.0,15.0,"[9.0, 10.0, 15.0, 15.0, 15.0, 14.0, 14.0]",22,3,169.0
khra,Khra,"['mod', 'rare', 'parazon']",,0,6,0.0,0,10,10.0,0,19,8.9,9.0,9.0,"[9.0, 9.0, 8.0, 8.5, 7.0, 7.0, 9.0]",10.0,7.0,168.5
scourge_prime_blade,Scourge Prime Blade,"['component', 'weapon', 'prime']",15,0,11,0.0,0,5,6.0,0,33,5.1,5.0,5.0,"[5.0, 5.0, 5.0, 5.0, 5.0, 5.0, 5.0]",6.5,4.0,168.0
semi_pistol_cannonade,Semi-Pistol Cannonade,"['mod', 'uncommon', 'secondary', 'pistol']",,0,17,0.0,0,4,4.8,0,43,3.9,4.0,4,"[4.0, 4.5, 4.0, 5.0, 4.0, 4.0, 4.0]",5.0,3,168.0
meso_v11_relic,Meso V11 Relic,"['relic', 'meso']",,2,2,1.0,6,2,1.3325,-4,72,1.2,1.2,1.3,"[1.0, 1.5, 1.0, 1.0, 1.0, 1.0, 1.165]",3,1.0,167.8
cernos_prime_upper_limb,Cernos Prime Upper Limb,"['component', 'weapon', 'prime']",15,0,5,0.0,0,6,18.2,0,23,7.3,7.0,8.0,"[8.0, 8.0, 7.5, 7.0, 8.0, 7.0, 7.0]",10.0,6.0,167.5
nami_skyla_prime_blueprint,Nami Skyla Prime Blueprint,"['weapon', 'prime', 'melee', 'blueprint']",15,1,6,0.17,7,9,14.4,2,17,8.4,8.0,8.0,"[8.0, 8.0, 8.0, 9.0, 8.0, 9.0, 8.0]",10,6.0,167.4
aklex_prime_blueprint,Aklex Prime Blueprint,"['weapon', 'prime', 'secondary', 'blueprint']",45,0,14,0.0,0,7,8.0,0,23,7.3,7.0,7.0,"[7.0, 8.0, 8.0, 7.0, 7.0, 6.0, 7.0]",10.0,5,167.0
ballista_measure,Ballista Measure,"['rare', 'primary', 'mod', 'archwing', 'archgun']",,1,5,0.2,10,60,84.0,50,3,46.3,40.0,40.0,"[39.5, 50.0, 40.0, 60.0, 80.0, 49.5, 40.0]",80.0,21.0,166.8
latron_wraith_blueprint,Latron Wraith Blueprint,"['primary', 'weapon', 'blueprint']",,1,2,0.5,10,20,40.0,10,7,15.9,14.0,15.0,"[16.0, 16.0, 16.0, 14.5, 14.5, 19.0, 14.0]",22.5,9.0,166.5
fulmin_prime_blueprint,Fulmin Prime Blueprint,"['primary', 'prime', 'weapon', 'blueprint']",45,0,13,0.0,0,5,5.4,0,33,5.0,5.0,5,"[5.0, 5.0, 5.0, 5.0, 5.0, 5.0, 5.0]",5,4.0,166.0
lex_prime_barrel,Lex Prime Barrel,"['component', 'weapon', 'prime']",15,0,14,0.0,0,3,3.4,0,53,3.1,3.0,3.0,"[3.0, 3.0, 2.0, 2.0, 3.0, 3.0, 3.0]",5.0,2.0,165.5
rhythm_guard,Rhythm Guard,"['mod', 'rare', 'warframe', 'temple']",,0,5,0.0,0,14,16.8,0,13,12.7,13.0,11.0,"[15.0, 10.0, 11.0, 10.0, 10.0, 14.0, 13.0]",25.0,9.5,165.5
axi_o5_relic,Axi O5 Relic,"['relic', 'axi']",,10,1,10.0,36,11,11.0,-25,1,15.0,15.0,10.0,"[10.0, 12.0, 8.0, 6.0, 9.5, 10.0, 15.0]",15,4,165.0
lith_d6_relic,Lith D6 Relic,"['lith', 'relic']",,1,0,10.0,6,0,0.0,0,1,15.0,15.0,15.0,"[20.0, 15.0, 15.0]",20.0,15.0,165.0
axi_c11_relic,Axi C11 Relic,"['relic', 'axi']",,1,0,10.0,12,0,0.0,0,6,2.5,7.0,3.0,"[2.0, 3.0, 2.0, 4.0, 1.33, 2.0, 7.0]",11,1,165.0
melee_vortex,Melee Vortex,"['rare', 'arcane_enhancement']",,2,11,0.18,2,4,4.0,2,34,4.1,4.0,4.0,"[5.0, 4.0, 4.0, 4.0, 4.0, 4.0, 4.0]",7.5,2.0,164.3
tesla_bank,Tesla Bank,"['vauban', 'mod', 'warframe', 'augment', 'rare']",,0,3,0.0,0,10,14.3,0,14,11.7,12.0,12.0,"[14.0, 12.5, 11.0, 12.0, 12.0, 10.0, 12.0]",14.5,10.0,164.0
reaper_prime_blueprint,Reaper Prime Blueprint,"['prime', 'weapon', 'melee', 'blueprint']",15,0,7,0.0,0,9,9.8,0,18,9.1,8.5,9.0,"[9.0, 9.5, 9.5, 9.0, 9.0, 9.5, 8.5]",10.0,8,163.0
anti_grav_array,Anti-Grav Array,"['mod', 'rare', 'sentinel', 'robotic']",,2,14,0.14,10,18,18.4,8,8,17.8,20.0,20,"[20.0, 19.0, 18.0, 18.0, 18.0, 15.0, 20.0]",22.0,15.0,162.3
flagellocanth,Flagellocanth,['fish'],,0,4,0.0,0,2,2.5,0,72,2.2,2.5,2.5,"[2.0, 1.0, 1.5, 2.0, 2.915, 2.0, 2.5]",6,1,162.0
tralok,Tralok,['fish'],,0,3,0.0,0,2,1.5,0,102,1.6,1.7,1.5,"[1.665, 1.0, 1.83, 1.83, 1.83, 1.67, 1.67]",2,0.83,161.9
axi_p10_relic,Axi P10 Relic,"['relic', 'axi']",,2,3,0.67,12,4,3.5,-8,55,1.7,1.5,3.5,"[2.835, 3.5, 2.5, 1.33, 3.0, 2.085, 1.5]",10.0,1.33,160.3
system_reroute,System Reroute,"['mod', 'archwing', 'rare']",,0,12,0.0,0,8,8.0,0,21,7.6,8.0,7.0,"[7.0, 8.0, 8.0, 7.0, 8.0, 7.0, 8.0]",8.5,6.0,160.0
firestorm,Firestorm,"['mod', 'rare', 'rifle', 'primary']",,0,18,0.0,0,4,4.8,0,37,4.3,5.0,5,"[4.0, 4.0, 4.0, 4.0, 4.0, 4.0, 5.0]",5.0,4,158.5
arcane_expertise,Arcane Expertise,"['rare', 'arcane_enhancement']",,0,10,0.0,0,2,2.0,0,74,2.1,2.0,2.0,"[2.0, 2.0, 2.0, 2.0, 1.83, 2.0, 2.0]",3,1.0,158.2
vanguard_m1_relic,Vanguard M1 Relic,"['vanguard', 'relic', 'axi']",,15,8,1.88,54,15,10.0,-39,5,11.0,9.5,10.0,"[15.5, 10.0, 10.835, 10.5, 10.0, 10.0, 9.5]",20.0,5.0,158.1
champions_blessing,Champion's Blessing,"['mod', 'warframe', 'trinity', 'augment', 'rare']",,0,7,0.0,0,10,15.4,0,11,14.4,15.0,14,"[14.5, 14.5, 14.0, 14.5, 14.5, 14.5, 15.0]",15,10,158.0
lith_e1_relic,Lith E1 Relic,"['lith', 'relic']",,5,2,2.5,18,10,15.0,-8,3,15.0,15.0,10.0,"[10.0, 10.0, 10.0, 14.0, 15.0]",15.0,10.0,157.5
phaedra_barrel,Phaedra Barrel,"['component', 'weapon', 'archwing']",,1,10,0.1,6,10,13.8,4,14,10.2,10.0,10.0,"[10.0, 10.0, 10.0, 9.5, 10.0, 10.0, 10.0]",11.5,9.0,157.3
frail_momentum,Frail Momentum,"['shotgun', 'mod', 'rare', 'primary']",,0,20,0.0,0,3,3.8,0,52,3.0,3.0,3.0,"[3.0, 4.0, 4.0, 3.0, 3.0, 3.0, 3.0]",4,2,157.0
latron_wraith_receiver,Latron Wraith Receiver,"['component', 'weapon']",,0,3,0.0,0,19,31.3,0,8,19.6,20.0,18.0,"[18.0, 22.0, 18.0, 19.5, 20.0, 20.0, 20.0]",30,11.0,157.0
euphona_prime_barrel,Euphona Prime Barrel,"['component', 'prime', 'weapon']",45,0,12,0.0,0,6,7.8,0,24,6.5,6.0,7.0,"[5.5, 5.5, 7.0, 7.0, 7.0, 7.0, 6.0]",8.5,5.0,157.0
helminth_charger_imprint,Helminth Charger Imprint,"['kubrow', 'pet', 'imprint']",,0,8,0.0,0,10,11.0,0,18,8.7,10.0,7.5,"[9.5, 8.0, 8.0, 8.0, 9.5, 9.0, 10.0]",10.0,4.0,157.0
jugulus_carapace,Jugulus Carapace,"['mod', 'uncommon', 'warframe']",,1,6,0.17,15,20,30.6,5,7,19.1,15.0,24.5,"[20.0, 18.5, 19.0, 20.0, 18.0, 20.0, 15.0]",35.0,15.0,156.3
helios_prime_carapace,Helios Prime Carapace,"['component', 'weapon', 'prime']",15,0,15,0.0,0,5,6.8,0,34,4.6,5.0,5,"[5.0, 5.0, 5.0, 5.0, 5.0, 5.0, 5.0]",5.0,4,156.0
cabochon_embolos,Cabochon Embolos,['gem'],,0,10,0.0,0,2,2.6,0,72,2.2,2.0,2.0,"[2.0, 1.83, 1.67, 1.835, 2.0, 2.415, 2.0]",4,1.67,156.0
reverse_rotorswell,Reverse Rotorswell,"['warframe', 'gyre', 'rare', 'augment', 'mod']",,0,5,0.0,0,15,17.4,0,11,14.2,15.0,14,"[14.0, 14.5, 15.0, 14.0, 14.0, 14.0, 15.0]",15.5,12.0,156.0
lith_c6_relic,Lith C6 Relic,"['relic', 'lith']",,2,5,0.4,12,2,4.8,-10,27,4.1,5.0,5,"[10.0, 5.0, 3.0, 3.0, 5.0, 5.0, 5.0]",10,2.0,155.4
furax_wraith_blueprint,Furax Wraith Blueprint,"['weapon', 'melee', 'blueprint']",,1,10,0.1,2,4,5.4,2,27,5.2,5.0,5.0,"[5.0, 5.0, 5.0, 5.0, 5.0, 5.0, 5.0]",6,3,155.1
elemental_sandstorm,Elemental Sandstorm,"['mod', 'warframe', 'rare', 'augment', 'inaros']",,0,4,0.0,0,15,19.2,0,11,14.1,14.0,14.0,"[15.0, 14.0, 14.0, 15.0, 14.0, 15.0, 14.0]",16.0,11.5,155.0
primed_fast_hands,Primed Fast Hands,"['mod', 'legendary', 'primary', 'rifle']",,0,8,0.0,0,75,79.8,0,3,51.7,54.0,43.5,"[46.5, 48.0, 52.0, 47.5, 48.0, 46.0, 54.0]",80,27.5,155.0
axi_t9_relic,Axi T9 Relic,"['relic', 'axi']",,4,1,4.0,20,30,30.0,10,7,4.4,4.7,4.5,"[5.0, 4.17, 4.0, 4.17, 5.0, 4.0, 4.665]",18,3.33,154.9
twin_vipers_wraith_barrels,Twin Vipers Wraith Barrels,"['component', 'weapon']",,1,3,0.33,10,16,18.3,6,10,11.6,12.5,13.5,"[10.0, 14.0, 10.0, 10.0, 12.0, 10.0, 12.5]",20.0,9,154.7
phaedra_receiver,Phaedra Receiver,"['component', 'weapon', 'archwing']",,1,9,0.11,6,10,11.2,4,14,9.9,10.0,10.0,"[10.0, 9.0, 10.0, 10.0, 10.0, 10.0, 10.0]",11,8.5,154.4
ris,Ris,"['mod', 'rare', 'parazon']",,0,6,0.0,0,10,10.0,0,18,8.6,9.0,9,"[9.0, 8.0, 8.0, 8.0, 9.0, 9.0, 9.0]",10,7.0,154.0
neo_n20_relic,Neo N20 Relic,"['relic', 'neo']",,1,0,10.0,12,0,0.0,0,2,7.0,7.0,5.5,"[7.0, 2.0, 7.0, 2.0, 7.0, 4.0, 7.0]",7.0,2.0,154.0
empowered_quiver,Empowered Quiver,"['ivara', 'mod', 'warframe', 'augment', 'rare']",,0,3,0.0,0,15,16.7,0,11,13.9,15.0,13.0,"[14.0, 10.0, 14.0, 13.5, 15.0, 14.5, 15.0]",15,8.0,153.0
scourge_prime_handle,Scourge Prime Handle,"['component', 'weapon', 'prime']",45,0,14,0.0,0,4,5.2,0,27,5.7,6.0,7,"[6.5, 7.0, 7.0, 7.0, 7.0, 6.0, 6.0]",8.0,5.0,153.0
star_crimzian,Star Crimzian,['gem'],,0,12,0.0,0,2,2.6,0,153,1.0,1.0,1.0,"[1.0, 1.0, 1.5, 1.0, 1.0, 1.0, 1.0]",2,0.83,152.8
vadarya_prime_stock,Vadarya Prime Stock,"['component', 'weapon', 'prime']",15,0,13,0.0,0,2,2.8,0,53,2.9,3.0,3.0,"[3.0, 3.0, 3.0, 3.0, 3.0, 3.0, 3.0]",3.0,2,152.5
primed_expel_corrupted,Primed Expel Orokin,"['mod', 'legendary', 'secondary', 'pistol']",,1,7,0.14,20,35,67.6,15,3,44.3,48.0,37.5,"[30.0, 40.0, 31.5, 32.0, 42.5, 35.0, 48.0]",100,15.0,152.0
primed_bane_of_infested,Primed Bane Of Infested,"['mod', 'legendary', 'primary', 'rifle']",,0,7,0.0,0,79,83.6,0,3,50.7,49.0,40.0,"[47.0, 50.0, 50.0, 45.0, 46.5, 55.0, 49.0]",64,19.5,152.0
lex_prime_receiver,Lex Prime Receiver,"['component', 'weapon', 'prime']",15,0,11,0.0,0,3,4.2,0,49,3.1,3.0,3.0,"[3.0, 3.0, 3.0, 3.0, 3.0, 3.0, 3.0]",5,2,152.0
meso_p4_relic,Meso P4 Relic,"['relic', 'meso']",,1,1,1.0,6,5,5.0,-1,19,4.0,4.0,4.0,"[3.0, 3.0, 5.0, 2.5, 3.0, 2.5, 4.0]",5,2.5,152.0
radiant_zodian,Radiant Zodian,['gem'],,0,11,0.0,0,2,4.0,0,85,1.8,2.0,2,"[1.67, 1.67, 2.0, 1.67, 1.835, 1.67, 2.0]",5,1.665,151.1
targeting_subsystem,Targeting Subsystem,"['mod', 'uncommon', 'secondary', 'pistol']",,0,9,0.0,0,9,10.0,0,16,9.4,10.0,10.5,"[10.0, 10.0, 10.0, 10.0, 9.0, 10.0, 10.0]",19.0,9.0,151.0
gladiator_resolve,Gladiator Resolve,"['mod', 'uncommon', 'warframe']",,0,15,0.0,0,4,4.8,0,32,4.7,5.0,5.0,"[5.0, 5.0, 5.0, 5.0, 5.0, 4.0, 5.0]",5,4.0,150.0
dog_days_scene,Dog Days Scene,"['scene', 'misc']",,0,1,0.0,0,100,100.0,0,3,50.0,50.0,50.0,"[50, 50, 50.0, 42.5, 35.0, 50.0, 50.0]",50,25,150.0
wanz_stabilizer_blueprint,Wanz Stabilizer Blueprint,"['blueprint', 'secondary', 'hound']",,0,9,0.0,0,15,17.6,0,9,16.7,15.5,12.0,"[15.0, 20.0, 12.5, 12.0, 12.0, 15.0, 15.5]",20.0,7.5,150.0
lith_n13_relic,Lith N13 Relic,"['lith', 'relic']",,4,1,4.0,24,4,4.0,-20,7,4.3,4.3,4.3,"[4.085, 4.17, 4.0, 4.0, 4.0, 4.0, 4.33]",5.0,4,149.9
limbo_prime_systems_blueprint,Limbo Prime Systems Blueprint,"['component', 'prime', 'warframe', 'blueprint']",15,2,26,0.08,3,3,4.4,0,34,4.1,4.0,4.5,"[4.0, 4.0, 4.0, 4.0, 4.0, 4.5, 4.0]",5,4.0,149.7
pandero_prime_barrel,Pandero Prime Barrel,"['component', 'weapon', 'prime']",45,1,6,0.17,3,5,12.0,2,23,5.6,6.0,5.0,"[5.0, 5.5, 5.0, 5.0, 5.5, 5.0, 6.0]",6.5,4.0,149.3
wise_razor,Wise Razor,"['mod', 'uncommon', 'stance', 'two_handed_nikana']",,0,4,0.0,0,10,21.0,0,15,9.9,10.0,10,"[10.0, 10.0, 10.0, 10.0, 10.0, 10.0, 10.0]",12.0,8.0,149.0
kogake_prime_blueprint,Kogake Prime Blueprint,"['weapon', 'prime', 'melee', 'blueprint']",45,0,12,0.0,0,9,9.0,0,19,7.8,8.0,8,"[7.5, 8.0, 9.0, 7.0, 7.0, 7.0, 8.0]",10.0,5,149.0
iron_shrapnel,Iron Shrapnel,"['mod', 'warframe', 'rhino', 'augment', 'rare']",,1,5,0.2,6,12,15.0,6,11,11.3,10.0,10.0,"[10.0, 10.0, 12.0, 10.0, 11.0, 10.0, 10.0]",14.0,8,148.8
mind_freak,Mind Freak,"['mod', 'warframe', 'nyx', 'augment', 'rare']",,0,8,0.0,0,10,13.6,0,11,13.5,12.0,13.0,"[13.0, 13.5, 12.0, 15.0, 14.0, 14.5, 12.0]",15,10,148.0
gram_prime_blade,Gram Prime Blade,"['component', 'weapon', 'prime']",15,0,12,0.0,0,5,6.0,0,28,5.3,5.0,5.0,"[5.0, 5.0, 5.0, 5.0, 5.0, 5.5, 5.0]",6.0,4,148.0
shotgun_vendetta,Shotgun Vendetta,"['rare', 'arcane_enhancement']",,0,10,0.0,0,5,6.2,0,28,5.3,5.0,5.0,"[7.0, 6.0, 7.0, 7.0, 7.0, 6.0, 5.0]",8.0,4,148.0
kestrel_prime_blueprint,Kestrel Prime Blueprint,"['prime', 'weapon', 'melee', 'blueprint']",45,1,14,0.07,2,3,3.4,1,45,3.1,3.0,3.0,"[4.0, 3.0, 3.0, 3.5, 3.0, 3.0, 3.0]",4,2,147.3
rift_torrent,Rift Torrent,"['mod', 'warframe', 'limbo', 'augment', 'rare']",,0,2,0.0,0,13,13.5,0,10,14.7,14.5,14.5,"[15.0, 15.5, 16.0, 15.0, 14.5, 14.5, 14.5]",17,10,147.0
madurai_lens,Madurai Lens,"['focus', 'lens']",,0,4,0.0,0,5,7.2,0,32,4.6,3.0,5.0,"[5.0, 4.0, 5.0, 4.0, 5.0, 4.0, 3.0]",7.0,3,147.0
cernos_prime_blueprint,Cernos Prime Blueprint,"['primary', 'prime', 'weapon', 'blueprint']",45,0,7,0.0,0,5,6.8,0,27,5.4,5.0,5.0,"[5.0, 5.0, 5.0, 5.0, 5.0, 5.0, 5.0]",7.0,4.0,147.0
cordon,Cordon,"['mod', 'common', 'sentinel', 'nautilus']",,0,2,0.0,0,23,16.75,0,7,21.0,23.0,16.8,"[19.0, 22.5, 12.0, 17.5, 15.0, 20.0, 23.0]",25,9,147.0
melee_retaliation,Melee Retaliation,"['common', 'arcane_enhancement']",,0,9,0.0,0,2,2.8,0,70,2.1,2.0,2.0,"[2.0, 2.0, 2.0, 2.0, 3.0, 2.0, 2.0]",3.5,1,146.5
epitaph_prime_blueprint,Epitaph Prime Blueprint,"['prime', 'secondary', 'weapon', 'blueprint']",15,0,9,0.0,0,4,6.8,0,30,4.9,5.0,4.0,"[5.0, 5.0, 4.0, 5.0, 5.0, 5.0, 5.0]",5.0,2.5,146.5
rathbone_handle,Rathbone Handle,"['component', 'weapon', 'archwing']",,0,5,0.0,0,10,12.8,0,15,9.7,10.0,10,"[11.0, 10.0, 10.0, 9.5, 9.0, 10.0, 10.0]",11,5,146.0
tiberon_prime_receiver,Tiberon Prime Receiver,"['component', 'weapon', 'prime']",15,0,7,0.0,0,8,11.8,0,21,7.0,7.0,8.0,"[8.0, 8.0, 8.0, 8.0, 7.0, 7.0, 7.0]",10,5.0,146.0
steflos_receiver,Steflos Receiver,"['weapon', 'component']",,0,1,0.0,0,20,20.0,0,16,9.1,10.0,9.0,"[8.0, 10.0, 9.0, 8.0, 8.0, 10.0, 10.0]",10.0,7,146.0
split_chamber,Split Chamber,"['mod', 'rare', 'rifle', 'primary']",,0,19,0.0,0,2,2.6,0,50,2.9,3.0,3.0,"[4.0, 3.0, 3.0, 3.0, 3.0, 3.0, 3.0]",4,3,145.0
dera_vandal_barrel,Dera Vandal Barrel,"['component', 'weapon']",,0,7,0.0,0,14,17.2,0,9,16.0,15.0,18.0,"[19.0, 18.0, 20.0, 17.5, 17.0, 15.0, 15.0]",25.0,14,144.0
cryo_coating,Cryo Coating,"['rare', 'melee', 'mod', 'archwing', 'archmelee']",,0,3,0.0,0,14,20.3,0,10,14.4,14.5,14.5,"[14.0, 16.0, 15.0, 15.0, 14.0, 14.5, 14.5]",20,10.0,144.0
magus_lockdown,Magus Lockdown,"['rare', 'arcane_enhancement']",,0,11,0.0,0,5,5.2,0,27,5.3,5.0,5.0,"[5.5, 5.0, 4.835, 5.0, 5.0, 6.0, 5.0]",7,3.0,144.0
lith_z1_relic,Lith Z1 Relic,"['relic', 'lith']",,6,3,2.0,30,10,10.3,-20,9,5.3,6.5,6.2,"[8.0, 9.0, 6.0, 5.0, 6.0, 4.0, 6.5]",10,3.0,144.0
corufell_receiver,Corufell Receiver,"['weapon', 'component']",,1,2,0.5,8,20,20.0,12,9,10.7,10.0,10,"[11.0, 14.0, 10.0, 7.0, 10.0, 11.0, 10.0]",15.0,7.0,144.0
neo_g5_relic,Neo G5 Relic,"['neo', 'relic']",,3,1,3.0,18,72,72.0,54,6,6.0,6.0,6.0,"[8, 5.17, 6.0]",8,5.17,144.0
meso_v12_relic,Meso V12 Relic,"['relic', 'meso']",,2,2,1.0,4,2,3.0,-2,36,2.0,2.0,1.5,"[2.0, 3.0, 2.0, 0.915, 2.0, 3.0, 2.0]",3,0.915,144.0
axi_n7_relic,Axi N7 Relic,"['relic', 'axi']",,1,0,10.0,12,0,0.0,0,1,13.0,13.0,10.0,"[8, 13, 5, 15.0, 10.0, 11.0, 13.0]",15.0,5,143.0
repo_audit,Repo Audit,"['mod', 'rare', 'sentinel', 'hound']",,0,4,0.0,0,15,18.5,0,14,10.2,9.5,10,"[10.0, 10.0, 10.0, 9.0, 10.0, 10.0, 9.5]",13.0,9.0,143.0
braton_prime_stock,Braton Prime Stock,"['component', 'weapon', 'prime']",25,0,23,0.0,0,1,1.8,0,70,2.0,2.0,2,"[2.0, 2.0, 2.0, 2.0, 1.0, 2.0, 2.0]",2.0,1.0,142.5
necramech_vitality,Necramech Vitality,"['mod', 'common', 'necramech']",,1,6,0.17,5,14,16.8,9,10,12.2,12.5,14.0,"[14.0, 14.0, 13.0, 11.5, 11.0, 13.0, 12.5]",15,9.0,141.8
cernos_prime_grip,Cernos Prime Grip,"['component', 'weapon', 'prime']",15,1,9,0.11,4,6,7.6,2,19,6.7,7.0,8.0,"[7.0, 7.5, 7.5, 6.0, 7.0, 6.0, 7.0]",10.0,5,141.1
velox_receiver,Velox Receiver,"['component', 'weapon']",,0,6,0.0,0,5,6.4,0,26,5.4,5.0,6,"[5.0, 5.0, 5.0, 5.0, 6.5, 5.0, 5.0]",9.5,4,141.0
furax_wraith_right_gauntlet,Furax Wraith Right Gauntlet,"['component', 'weapon']",,0,6,0.0,0,9,16.6,0,15,9.3,9.0,7.0,"[9.0, 8.0, 9.0, 8.0, 8.0, 8.0, 9.0]",10.0,5,140.0
pyrana_prime_barrel,Pyrana Prime Barrel,"['component', 'weapon', 'prime']",15,0,16,0.0,0,5,5.0,0,26,5.4,5.0,5.0,"[5.0, 5.0, 5.0, 5.0, 5.0, 5.0, 5.0]",7,5.0,140.0
stradavar_prime_barrel,Stradavar Prime Barrel,"['component', 'weapon', 'prime']",45,0,12,0.0,0,3,4.6,0,31,4.5,4.0,4.5,"[4.0, 4.0, 4.0, 5.0, 5.0, 5.0, 4.0]",5,3.5,140.0
efficient_transferral,Efficient Transferral,"['mod', 'archwing', 'rare']",,0,15,0.0,0,4,5.8,0,24,5.8,5.0,6.0,"[5.0, 6.5, 6.0, 6.0, 5.5, 6.0, 5.0]",7,5,140.0
meso_d6_relic,Meso D6 Relic,"['relic', 'meso']",,3,1,3.0,30,7,7.0,-23,5,7.0,5.0,5.0,"[4.0, 4.0, 5.0, 5.0, 4.0, 5.0, 5.0]",10,4,140.0
lith_c8_relic,Lith C8 Relic,"['relic', 'lith']",,4,1,4.0,18,20,20.0,2,5,5.6,5.0,5.0,"[5, 10.0, 10.0, 5.0, 4.0, 4.0, 5.0]",10.0,4,140.0
hastened_deflection,Hastened Deflection,"['mod', 'uncommon', 'sentinel', 'beast']",,0,9,0.0,0,6,8.0,0,26,5.3,5.0,5.0,"[6.0, 8.0, 6.0, 5.0, 5.0, 5.0, 5.0]",8,5.0,139.0
savage_silence,Savage Silence,"['mod', 'warframe', 'banshee', 'augment', 'rare']",,0,5,0.0,0,10,16.4,0,10,13.9,15.0,14.0,"[14.0, 12.0, 13.0, 14.0, 15.0, 13.5, 15.0]",16.0,10,139.0
steflos_barrel,Steflos Barrel,"['weapon', 'component']",,0,6,0.0,0,9,9.6,0,14,9.9,10.0,9.0,"[8.0, 9.5, 10.0, 9.0, 9.5, 10.0, 10.0]",10,6.0,139.0
zylok_prime_barrel,Zylok Prime Barrel,"['weapon', 'prime', 'component']",15,0,8,0.0,0,5,5.4,0,29,4.8,4.0,5,"[4.0, 5.0, 5.0, 5.0, 4.0, 4.0, 4.0]",6.0,4.0,139.0
cyngas_set,Cyngas Set,"['weapon', 'set', 'primary', 'archwing']",,1,3,0.33,20,80,120.0,60,2,52.0,54.0,52.2,"[60.0, 40.0, 62.0, 52.5, 55.0, 62.5, 54.0]",75,21,138.7
ceti_lacera_blueprint,Ceti Lacera Blueprint,"['weapon', 'melee', 'blueprint']",,1,17,0.06,5,10,11.0,5,13,10.1,10.0,10.0,"[10.0, 10.0, 9.0, 10.0, 10.0, 10.0, 10.0]",10.5,5.0,138.7
nagantaka_prime_receiver,Nagantaka Prime Receiver,"['component', 'weapon', 'prime']",45,0,6,0.0,0,8,9.0,0,28,4.9,4.0,5.0,"[5.0, 4.0, 5.0, 5.0, 5.0, 4.5, 4.0]",6.0,4,137.5
braton_prime_blueprint,Braton Prime Blueprint,"['weapon', 'prime', 'primary', 'blueprint']",25,1,26,0.04,1,1,1.8,0,61,2.2,2.0,2,"[1.5, 2.0, 2.0, 2.0, 2.0, 2.0, 2.0]",3.0,1,137.1
sharrac,Sharrac,['fish'],,0,4,0.0,0,2,2.0,0,72,1.9,1.8,2.0,"[2.0, 1.58, 2.0, 1.415, 1.415, 1.915, 1.75]",3,1.0,136.5
knell_prime_receiver,Knell Prime Receiver,"['component', 'weapon', 'prime']",45,1,14,0.07,3,3,5.0,0,26,4.9,5.0,5,"[5.0, 5.0, 5.0, 5.0, 5.0, 5.0, 5.0]",5.0,4.0,136.1
contagious_spread,Contagious Spread,"['shotgun', 'mod', 'uncommon', 'primary']",,0,8,0.0,0,4,7.2,0,27,5.0,5.0,5,"[5.0, 6.5, 5.0, 5.0, 5.0, 5.0, 5.0]",6.5,4.0,136.0
twin_vipers_wraith_receivers,Twin Vipers Wraith Receivers,"['component', 'weapon']",,0,2,0.0,0,17,18.5,0,8,17.0,18.0,15.0,"[13.5, 15.0, 15.0, 14.0, 15.0, 12.0, 18.0]",25,10,136.0
frak_stabilizer_blueprint,Frak Stabilizer Blueprint,"['blueprint', 'secondary', 'hound']",,0,5,0.0,0,15,28.0,0,10,13.6,14.0,14.0,"[15.0, 15.0, 14.5, 15.0, 14.0, 14.0, 14.0]",20,10.0,136.0
velox_prime_blueprint,Velox Prime Blueprint,"['weapon', 'secondary', 'prime', 'blueprint']",45,3,13,0.23,2,3,3.2,1,35,3.1,3.0,3,"[5.0, 2.5, 2.0, 2.0, 4.0, 3.0, 3.0]",5.0,2,135.4
primed_cleanse_infested,Primed Cleanse Infested,"['mod', 'legendary', 'primary', 'shotgun']",,2,4,0.5,30,79,94.5,49,2,45.0,60.0,45.0,"[55.0, 57.5, 54.0, 52.5, 60.0, 30.0, 60.0]",60.0,20,135.0
eidolon_lens_blueprint,Eidolon Lens Blueprint,"['misc', 'blueprint']",,0,10,0.0,0,5,6.6,0,27,5.0,5.0,5.0,"[6.5, 5.0, 5.0, 8.0, 7.0, 5.0, 5.0]",10.0,3,135.0
lith_g4_relic,Lith G4 Relic,"['relic', 'lith']",,5,4,1.25,18,6,4.0,-12,12,5.0,5.0,4.0,"[4.0, 3.0, 5.0, 2.5, 2.33, 5.0, 5.0]",6.0,2.33,135.0
conic_nozzle,Conic Nozzle,"['rare', 'railjack', 'mod']",,0,11,0.0,0,5,6.0,0,28,4.8,5.0,5,"[5.0, 5.0, 5.0, 4.5, 5.0, 5.0, 5.0]",8.0,3.5,134.0
efv_5_jupiter_set,EFV-5 Jupiter Set,"['weapon', 'primary', 'set']",,0,5,0.0,0,25,36.2,0,6,22.3,25.0,23.0,"[15.0, 15.0, 25.0, 22.5, 26.0, 18.0, 25.0]",30,15,134.0
auto_breach,Auto Breach,"['mod', 'uncommon', 'parazon']",,0,19,0.0,0,8,8.4,0,15,8.8,9.0,8.5,"[8.0, 9.0, 8.0, 8.0, 8.5, 9.0, 9.0]",10,7.0,132.0
neo_c3_relic,Neo C3 Relic,"['relic', 'neo']",,1,0,10.0,6,0,0.0,0,2,6.0,6.0,3.0,"[3, 3, 2, 3.0, 5.0, 3.0, 6.0]",6.0,2,132.0
accelerated_isotope,Accelerated Isotope,"['mod', 'rare', 'secondary', 'pistol']",,1,21,0.05,1,2,2.0,1,57,2.2,2.0,2.5,"[2.0, 2.0, 2.0, 2.0, 2.0, 2.0, 2.0]",3.0,2,132.0
recrystalize,Recrystalize,"['mod', 'warframe', 'citrine', 'augment', 'rare']",,0,6,0.0,0,10,13.8,0,11,12.0,13.0,10.0,"[13.0, 10.0, 12.0, 10.0, 11.5, 10.0, 13.0]",15.0,9,132.0
nautilus_systems,Nautilus Systems,"['component', 'weapon']",,0,5,0.0,0,14,23.8,0,13,10.1,10.0,10,"[10.0, 10.0, 10.0, 12.0, 11.5, 14.0, 10.0]",15,7.0,131.5
pointed_wind,Pointed Wind,"['mod', 'rare', 'stance', 'daggers']",,0,11,0.0,0,6,8.0,0,26,5.0,5.0,5.0,"[5.0, 5.0, 5.0, 5.0, 5.0, 5.0, 5.0]",7.5,4.0,131.0
bane_of_corrupted,Bane Of Orokin,"['mod', 'rifle', 'primary', 'uncommon']",,0,1,0.0,0,45,45.0,0,6,21.8,24.0,20.0,"[20.0, 20.0, 13.5, 20.0, 16.5, 19.0, 24.0]",34.0,10.0,131.0
cautious_shot,Cautious Shot,"['mod', 'rare', 'primary', 'rifle']",,0,1,0.0,0,10,10.0,0,10,13.1,14.0,12.5,"[12.0, 14.0, 9.0, 11.5, 10.0, 14.0, 14.0]",15,8,131.0
zaw_riven_mod_(veiled),Zaw Riven Mod (Veiled),"['mod', 'riven_mod', 'common', 'veiled_riven']",,0,11,0.0,0,3,3.8,0,47,2.8,2.0,2.0,"[1.0, 2.0, 2.0, 2.0, 2.0, 2.0, 2.0]",4,1,130.0
high_noon,High Noon,"['mod', 'rare', 'stance', 'gunblade']",,0,13,0.0,0,5,7.6,0,23,5.7,5.0,5.0,"[5.0, 5.0, 5.0, 5.0, 5.0, 5.0, 5.0]",5,4.0,130.0
stropha_barrel,Stropha Barrel,"['component', 'weapon']",,0,5,0.0,0,8,9.2,0,20,6.5,5.0,6.0,"[7.0, 5.0, 6.0, 8.0, 8.0, 7.5, 5.0]",8.0,5,130.0
zhuge_prime_receiver,Zhuge Prime Receiver,"['component', 'weapon', 'prime']",45,0,18,0.0,0,5,5.8,0,27,4.8,5.0,8.0,"[5.0, 5.0, 5.0, 5.0, 5.0, 5.0, 5.0]",12.5,4.0,129.5
cyngas_receiver,Cyngas Receiver,"['component', 'weapon', 'archwing']",,1,7,0.14,6,10,13.2,4,11,10.3,10.0,10.0,"[10.0, 10.0, 9.0, 10.0, 10.0, 10.0, 10.0]",12,8.0,129.1
animal_instinct,Animal Instinct,"['mod', 'rare', 'sentinel', 'companion']",,0,15,0.0,0,4,4.2,0,35,3.7,4.0,4,"[4.0, 4.0, 4.0, 4.0, 4.0, 4.0, 4.0]",5.0,3,129.0
zid-an-osbok,Zid-an Osbok,['arcane_enhancement'],,0,7,0.0,0,4,4.8,0,29,4.4,5.0,3.5,"[4.0, 4.0, 4.5, 3.0, 4.0, 4.5, 5.0]",9,2,129.0
sheev_set,Sheev Set,"['melee', 'weapon', 'set']",,1,14,0.07,10,29,30.2,19,4,30.0,32.5,29.0,"[25.0, 27.0, 25.0, 28.0, 29.0, 25.0, 32.5]",40.0,22,128.6
zhuge_prime_grip,Zhuge Prime Grip,"['component', 'weapon', 'prime']",15,0,9,0.0,0,7,8.8,0,21,6.1,6.0,6,"[6.0, 5.0, 6.0, 7.0, 5.0, 6.0, 6.0]",8,4.5,128.0
gladiator_rush,Gladiator Rush,"['mod', 'common', 'melee']",,0,12,0.0,0,4,4.0,0,30,4.3,4.0,4,"[4.0, 4.0, 3.0, 4.0, 4.0, 3.0, 4.0]",5,3,128.0
orokin_derelict_simulacrum,Orokin Derelict Simulacrum,['simulacrum'],,1,1,1.0,15,100,100.0,85,2,32.0,25.0,30.0,"[50.0, 25.0, 25.0, 30.0, 35.0, 39.0, 25.0]",50.0,20,128.0
soma_prime_blueprint,Soma Prime Blueprint,"['weapon', 'prime', 'primary', 'blueprint']",15,0,14,0.0,0,4,6.2,0,23,5.5,5.5,5.0,"[6.0, 5.0, 6.0, 5.0, 6.0, 5.0, 5.5]",7.5,4,127.5
hunter_track,Hunter Track,"['mod', 'rare', 'primary']",,0,11,0.0,0,5,5.4,0,26,4.9,5.0,5,"[5.0, 5.0, 5.0, 5.0, 5.0, 5.0, 5.0]",5,3,127.5
primed_expel_infested,Primed Expel Infested,"['mod', 'legendary', 'secondary', 'pistol']",,2,9,0.22,20,35,57.0,15,3,34.7,40.0,30.0,"[50.0, 37.5, 44.0, 40.0, 44.0, 32.0, 40.0]",80,16,127.1
velocitus_receiver,Velocitus Receiver,"['component', 'weapon', 'archwing']",,0,2,0.0,0,11,15.5,0,14,9.1,9.0,9.5,"[9.0, 9.0, 10.0, 10.0, 9.5, 10.0, 9.0]",11.0,9,127.0
zakti_prime_receiver,Zakti Prime Receiver,"['component', 'weapon', 'prime']",15,0,6,0.0,0,8,6.0,0,21,6.0,5.0,6,"[7.0, 6.5, 6.0, 7.0, 6.0, 6.0, 5.0]",8.0,5.0,127.0
corufell_barrel,Corufell Barrel,"['weapon', 'component']",,0,5,0.0,0,9,13.4,0,13,9.8,10.0,9.2,"[10.0, 10.0, 7.0, 9.0, 9.0, 10.0, 10.0]",12,7,127.0
acceltra_prime_blueprint,Acceltra Prime Blueprint,"['prime', 'primary', 'weapon', 'blueprint']",15,0,18,0.0,0,2,2.8,0,40,3.2,3.0,3.0,"[3.0, 3.0, 3.0, 3.0, 3.0, 3.0, 3.0]",4,2.0,127.0
wolf_sledge_motor,Wolf Sledge Motor,"['component', 'weapon']",,0,1,0.0,0,70,70.0,0,7,18.0,18.0,17.0,"[19.5, 15.0, 15.0, 15.0, 20.0, 17.0, 18.0]",22.5,10.0,126.0
strain_fever,Strain Fever,"['mod', 'rare', 'melee', 'helminth_claws']",,0,8,0.0,0,8,11.6,0,14,9.0,9.0,10,"[10.0, 10.0, 9.0, 10.0, 9.0, 8.0, 9.0]",12.0,8.0,126.0
braton_prime_barrel,Braton Prime Barrel,"['component', 'weapon', 'prime']",15,0,14,0.0,0,3,4.2,0,38,3.3,3.0,4,"[4.0, 4.0, 4.0, 3.0, 3.0, 3.0, 3.0]",5.0,3,126.0
neo_k3_relic,Neo K3 Relic,"['relic', 'neo']",,5,2,2.5,18,5,6.5,-13,6,6.0,6.0,7,"[4.0, 4.0, 5.0, 5.0, 7.0, 7.5, 6.0]",9,4.0,126.0
axi_k8_relic,Axi K8 Relic,"['relic', 'axi']",,2,0,20.0,12,0,0.0,0,1,6.0,6.0,6.0,"[10.0, 15.0, 6.0, 3.0, 6.0, 5.0, 6.0]",15.0,3.0,126.0
freeze_force,Freeze Force,"['mod', 'warframe', 'augment', 'rare', 'frost']",,0,7,0.0,0,10,13.6,0,10,12.5,12.0,13,"[11.0, 13.0, 12.0, 12.0, 15.0, 14.0, 12.0]",15,9.0,125.0
karak_wraith_receiver,Karak Wraith Receiver,"['component', 'weapon']",,0,2,0.0,0,19,22.0,0,8,15.6,10.0,15.0,"[15.0, 17.0, 15.0, 18.0, 10.0, 17.5, 10.0]",25.0,10,125.0
blazing_pillage,Blazing Pillage,"['hildryn', 'mod', 'warframe', 'augment', 'rare']",,0,6,0.0,0,10,13.0,0,15,8.3,8.0,10,"[10.0, 10.0, 10.0, 9.0, 9.0, 7.5, 8.0]",13.5,7.5,125.0
baro_void_signal_(key),Baro Void-Signal (Key),['key'],,0,2,0.0,0,45,16.0,0,7,17.9,17.0,16.0,"[10, 30, 19.0, 12.0, 15.0, 10.0, 17.0]",35,5,125.0
axi_a4_relic,Axi A4 Relic,"['relic', 'axi']",,3,2,1.5,30,7,18.5,-23,5,10.0,10.0,15,"[10.0, 8.0, 12.0, 15.0, 9.0, 15.0, 10.0]",20,3,125.0
lith_h1_relic,Lith H1 Relic,"['relic', 'lith']",,4,1,4.0,24,25,25.0,1,1,25.0,25.0,9.0,"[8.0, 9.0, 8.0, 10.0, 8.0, 5.0, 25.0]",25.0,5.0,125.0
dakra_prime_handle,Dakra Prime Handle,"['component', 'weapon', 'prime']",15,1,7,0.14,8,8,12.2,0,13,8.4,8.5,8.0,"[9.0, 7.0, 8.0, 7.5, 8.0, 8.0, 8.5]",10,7,124.6
protea_prime_blueprint,Protea Prime Blueprint,"['warframe', 'prime', 'blueprint']",15,1,24,0.04,3,2,3.0,-1,42,2.8,3.0,3.0,"[3.0, 2.0, 2.0, 3.0, 3.0, 2.0, 3.0]",3,2.0,124.5
funnel_clouds,Funnel Clouds,"['mod', 'zephyr', 'warframe', 'augment', 'rare']",,0,5,0.0,0,12,14.6,0,9,13.8,14.0,14,"[15.0, 15.0, 15.0, 13.0, 12.5, 15.0, 14.0]",17.5,10.0,124.0
fortifying_fire,Fortifying Fire,"['mod', 'rare', 'railjack']",,0,4,0.0,0,10,18.2,0,13,9.5,9.0,9.0,"[9.0, 11.0, 10.0, 9.0, 10.0, 9.0, 9.0]",13.0,6,124.0
secondary_deadhead,Secondary Deadhead,"['arcane_enhancement', 'rare']",,0,21,0.0,0,1,1.0,0,100,1.2,1.0,1,"[1.0, 1.0, 1.0, 1.0, 1.0, 1.0, 1.0]",1.0,1.0,124.0
corvas_prime_stock,Corvas Prime Stock,"['component', 'weapon', 'prime']",15,0,3,0.0,0,4,5.0,0,23,5.4,5.0,5.0,"[5.0, 5.0, 5.0, 5.0, 5.0, 5.0, 5.0]",6.0,4,124.0
pandero_prime_blueprint,Pandero Prime Blueprint,"['weapon', 'prime', 'secondary', 'blueprint']",15,1,4,0.25,3,6,5.0,3,21,4.7,5.0,5.0,"[5.0, 5.0, 5.0, 4.5, 5.0, 4.0, 5.0]",6,3.0,123.1
seeker_volley,Seeker Volley,"['railjack', 'uncommon', 'mod']",,0,11,0.0,0,3,4.6,0,26,4.7,5.0,4.5,"[5.0, 5.0, 5.0, 4.5, 5.0, 4.0, 5.0]",5,3.5,123.0
strain_infection,Strain Infection,"['mod', 'rare', 'melee']",,1,3,0.33,6,14,14.7,8,9,10.2,10.0,10,"[10.0, 10.0, 10.0, 10.0, 10.0, 10.0, 10.0]",12.0,8.5,122.7
hystrix_prime_barrel,Hystrix Prime Barrel,"['prime', 'weapon', 'component']",15,0,11,0.0,0,5,7.0,0,25,4.9,5.0,5.0,"[5.0, 5.0, 5.0, 5.0, 5.0, 5.0, 5.0]",6,4.0,122.5
primed_expel_the_murmur,Primed Expel The Murmur,"['mod', 'legendary', 'secondary', 'pistol']",,3,7,0.43,30,50,66.8,20,2,42.5,30.0,29.0,"[30.0, 34.5, 29.0, 35.0, 32.0, 33.0, 30.0]",50.0,18,121.4
battle_stations,Battle Stations,"['mod', 'railjack', 'uncommon']",,0,3,0.0,0,9,14.0,0,13,9.2,10.0,8.5,"[8.0, 8.5, 10.0, 8.0, 8.5, 9.0, 10.0]",10.0,6,120.0
neo_s1_relic,Neo S1 Relic,"['relic', 'neo']",,1,1,1.0,6,25,25.0,19,6,10.0,10.0,12.0,"[10.0, 25.0, 15.0, 14.0, 10.0, 8.0, 10.0]",25,5,120.0
fulmin_prime_barrel,Fulmin Prime Barrel,"['prime', 'component', 'weapon']",15,0,13,0.0,0,5,6.0,0,28,4.3,5.0,4.0,"[4.0, 5.0, 4.0, 4.0, 4.0, 4.0, 5.0]",5.0,3.0,120.0
moonlit_courtyard_simulacrum,Moonlit Courtyard Simulacrum,['simulacrum'],,0,2,0.0,0,70,110.0,0,3,40.0,45.0,40.0,"[40.0, 40.0, 30.0, 20.0, 40.0, 30.0, 45.0]",60,17.5,120.0
gram_prime_blueprint,Gram Prime Blueprint,"['weapon', 'prime', 'melee', 'blueprint']",45,0,8,0.0,0,8,9.0,0,16,7.4,7.0,7.5,"[9.0, 7.0, 7.0, 7.0, 7.0, 8.0, 7.0]",10,5.0,119.0
lith_d1_relic,Lith D1 Relic,"['relic', 'lith']",,3,4,0.75,18,3,4.8,-15,17,4.0,4.5,4.0,"[5.0, 4.5, 4.0, 3.0, 2.5, 4.0, 4.5]",5.0,2,119.0
corvas_prime_blueprint,Corvas Prime Blueprint,"['archwing', 'primary', 'weapon', 'prime', 'blueprint']",45,0,6,0.0,0,4,11.2,0,24,5.0,5.0,5.0,"[5.0, 5.0, 5.0, 5.0, 5.0, 5.0, 5.0]",6.5,4,119.0
lith_w4_relic,Lith W4 Relic,"['relic', 'lith']",,3,4,0.75,66,5,6.8,-61,17,4.0,4.0,3.5,"[4.0, 5.0, 1.0, 3.0, 4.0, 3.0, 4.0]",7,1,119.0
axi_o6_relic,Axi O6 Relic,"['relic', 'axi']",,1,1,1.0,12,5,5.0,-7,24,2.5,2.5,3.5,"[4, 1, 4, 4.0, 3.0, 3.0, 2.5]",7,1,118.0
reinforcing_stomp,Reinforcing Stomp,"['mod', 'warframe', 'rhino', 'augment', 'rare']",,1,7,0.14,10,12,14.2,2,8,12.9,13.5,12.0,"[12.0, 12.0, 14.0, 14.5, 13.0, 13.0, 13.5]",15,9.0,117.7
melee_doughty,Melee Doughty,"['rare', 'arcane_enhancement']",,0,10,0.0,0,2,2.0,0,64,1.8,1.5,2.0,"[2.0, 2.0, 2.0, 2.0, 2.0, 2.0, 1.5]",3.0,1,117.5
magus_anomaly,Magus Anomaly,"['common', 'arcane_enhancement']",,2,9,0.22,5,5,6.2,0,16,6.0,6.0,6.0,"[6.5, 5.0, 6.0, 5.5, 5.5, 5.0, 6.0]",8,4.0,117.3
strain_eruption,Strain Eruption,"['mod', 'rare', 'helminth charger', 'helminth_charger']",,0,7,0.0,0,10,14.6,0,12,9.8,10.0,10.0,"[10.0, 10.0, 9.0, 10.0, 10.0, 10.0, 10.0]",15,9,117.0
fused_crucible,Fused Crucible,"['mod', 'warframe', 'qorvex', 'augment', 'rare']",,0,6,0.0,0,14,18.0,0,8,14.6,15.0,13,"[14.5, 12.5, 15.0, 15.0, 15.0, 11.0, 15.0]",19.0,10,117.0
sarofang_prime_blueprint,Sarofang Prime Blueprint,"['melee', 'weapon', 'prime', 'blueprint']",45,0,22,0.0,0,3,3.2,0,34,3.4,3.0,4.0,"[4.0, 3.0, 3.0, 3.0, 3.0, 3.0, 3.0]",5,3.0,117.0
lex_prime_blueprint,Lex Prime Blueprint,"['weapon', 'prime', 'secondary', 'blueprint']",25,0,12,0.0,0,2,3.0,0,44,2.6,3.0,2.0,"[2.0, 2.0, 2.0, 2.0, 2.0, 2.0, 3.0]",4.0,1,116.5
fang_prime_handle,Fang Prime Handle,"['component', 'weapon', 'prime']",25,0,21,0.0,0,2,2.0,0,60,1.9,2.0,2,"[2.0, 2.0, 2.0, 2.0, 2.0, 2.0, 2.0]",3.0,1.5,116.0
butchers_revelry,Butcher's Revelry,"['mod', 'rare', 'stance', 'assault_saw']",,0,8,0.0,0,19,21.4,0,8,14.5,15.0,15.0,"[15.0, 14.0, 12.0, 14.5, 14.5, 14.5, 15.0]",19,12.0,116.0
link_vitality,Link Vitality,"['mod', 'uncommon', 'sentinel', 'companion']",,0,9,0.0,0,6,7.8,0,23,5.0,5.0,5.0,"[5.0, 5.0, 5.0, 5.0, 5.0, 5.0, 5.0]",5.0,4.0,115.0
crimson_dervish,Crimson Dervish,"['mod', 'rare', 'stance', 'swords']",,0,6,0.0,0,8,9.4,0,16,7.2,7.0,7.0,"[7.0, 8.0, 7.0, 7.0, 7.0, 7.0, 7.0]",8.0,5.0,115.0
guandao_prime_blueprint,Guandao Prime Blueprint,"['weapon', 'prime', 'melee', 'blueprint']",45,0,14,0.0,0,4,4.8,0,21,5.5,5.0,5.0,"[5.0, 5.0, 5.0, 5.0, 5.0, 5.0, 5.0]",7.0,4,115.0
axios_javelineers,Axios Javelineers,"['mod', 'warframe', 'styanax', 'augment', 'rare']",,0,5,0.0,0,9,15.8,0,11,10.5,11.0,10.0,"[10.0, 11.0, 10.0, 10.0, 10.0, 10.0, 11.0]",15,7.5,115.0
snipetron_vandal_barrel,Snipetron Vandal Barrel,"['component', 'weapon']",,0,3,0.0,0,30,40.0,0,6,19.0,19.0,18.8,"[18.5, 19.5, 20.0, 19.0, 18.0, 19.0, 19.0]",21.0,15,114.0
velox_prime_receiver,Velox Prime Receiver,"['weapon', 'component', 'prime']",15,0,10,0.0,0,4,5.2,0,26,4.4,5.0,4.0,"[4.0, 4.0, 5.0, 4.5, 5.0, 5.0, 5.0]",5,3.0,114.0
radon_claws,Radon Claws,"['mod', 'rare', 'melee', 'claws']",,0,9,0.0,0,1,3.2,0,37,3.1,3.0,3.0,"[3.0, 3.0, 3.0, 2.0, 3.0, 3.0, 3.0]",3,2.0,113.5
infectious_injection,Infectious Injection,"['rare', 'melee', 'mod', 'archwing', 'archmelee']",,1,3,0.33,8,10,25.0,2,7,12.1,12.0,11.0,"[11.0, 11.0, 14.0, 14.0, 12.0, 15.0, 12.0]",20.0,8.0,113.3
ankyros_prime_blueprint,Ankyros Prime Blueprint,"['weapon', 'prime', 'melee', 'blueprint']",15,1,7,0.14,5,5,8.6,0,16,6.2,5.0,5.0,"[5.5, 5.0, 5.0, 5.0, 6.0, 7.0, 5.0]",10,4.0,113.1
velocitus_stock,Velocitus Stock,"['component', 'weapon', 'archwing']",,0,6,0.0,0,14,16.6,0,12,9.4,9.0,10.0,"[9.0, 9.0, 10.0, 10.0, 10.0, 10.0, 9.0]",10,8.5,113.0
ice_storm,Ice Storm,"['mod', 'rare', 'pistol', 'secondary']",,0,10,0.0,0,4,4.2,0,35,3.2,3.0,3.0,"[3.0, 4.0, 3.0, 4.0, 4.0, 3.0, 3.0]",4,2.0,113.0
radian_sentirum,Radian Sentirum,['gem'],,0,11,0.0,0,2,4.4,0,66,1.7,2.0,2,"[1.67, 1.5, 2.0, 1.67, 1.67, 1.67, 2.0]",3.5,1.5,112.6
magnetic_capacity,Magnetic Capacity,"['mod', 'rare', 'primary', 'rifle']",,0,10,0.0,0,1,2.4,0,47,2.4,2.0,2.0,"[2.0, 3.0, 2.0, 2.0, 2.0, 2.0, 2.0]",3,2,112.5
lavos_prime_chassis_blueprint,Lavos Prime Chassis Blueprint,"['component', 'warframe', 'prime', 'blueprint']",15,0,34,0.0,0,1,1.8,0,70,1.6,2.0,2.0,"[2.0, 2.0, 2.0, 2.0, 1.0, 2.0, 2.0]",3.0,1.0,112.5
tigris_prime_stock,Tigris Prime Stock,"['component', 'weapon', 'prime']",15,0,9,0.0,0,6,7.2,0,19,5.9,6.0,6.0,"[5.0, 6.0, 6.5, 5.5, 6.0, 6.5, 6.0]",8.0,5,112.0
tipedo_prime_blueprint,Tipedo Prime Blueprint,"['weapon', 'prime', 'melee', 'blueprint']",15,0,12,0.0,0,5,5.4,0,24,4.7,5.0,5.0,"[5.0, 4.0, 6.5, 3.5, 4.0, 4.0, 5.0]",8,3,112.0
agkuza_handle,Agkuza Handle,"['component', 'weapon', 'archwing']",,0,10,0.0,0,9,10.8,0,13,8.6,9.0,9.0,"[9.0, 9.0, 7.0, 8.0, 9.0, 9.0, 9.0]",10,7.0,112.0
galatine_prime_blade,Galatine Prime Blade,"['component', 'weapon', 'prime']",15,0,10,0.0,0,8,8.6,0,19,5.9,7.0,5.0,"[7.0, 7.0, 5.0, 5.0, 5.0, 5.0, 7.0]",8,4.5,112.0
secondary_merciless,Secondary Merciless,"['arcane_enhancement', 'rare']",,0,22,0.0,0,1,1.0,0,108,1.0,1.0,1,"[1.0, 1.0, 1.0, 1.0, 1.0, 1.0, 1.0]",1,0.665,112.0
arcane_barrier,Arcane Barrier,"['legendary', 'arcane_enhancement']",,1,16,0.06,12,3,3.4,-9,35,3.0,3.0,3.0,"[3.0, 3.0, 2.5, 2.5, 3.0, 3.0, 3.0]",5.0,2,111.6
maim,Maim,"['mod', 'rare', 'pistol', 'secondary']",,0,7,0.0,0,5,8.4,0,13,8.5,8.0,9,"[8.5, 8.0, 9.0, 9.5, 9.0, 10.0, 8.0]",10,8,111.0
snipetron_vandal_receiver,Snipetron Vandal Receiver,"['component', 'weapon']",,0,5,0.0,0,10,21.0,0,12,9.2,10.0,9.5,"[10.0, 10.0, 9.0, 10.0, 9.0, 9.0, 10.0]",12.5,7,111.0
votive_onslaught,Votive Onslaught,"['mod', 'rare', 'stance', 'warfans']",,0,10,0.0,0,4,8.6,0,14,7.9,8.0,7.5,"[8.0, 7.5, 7.0, 9.0, 8.0, 7.5, 8.0]",9.0,5,111.0
brickie,Brickie,['fish'],,0,3,0.0,0,1,5.0,0,57,1.9,2.0,1.8,"[1.0, 1.3, 1.55, 1.585, 1.585, 1.915, 2.0]",3,0.83,110.9
silva_and_aegis_prime_hilt,Silva & Aegis Prime Hilt,"['component', 'weapon', 'prime']",15,0,9,0.0,0,7,8.6,0,16,6.9,6.5,6,"[5.0, 7.0, 6.0, 6.0, 6.5, 7.0, 6.5]",8.0,4.5,110.0
energizing_shot,Energizing Shot,"['mod', 'rare', 'secondary', 'pistol_(no_aoe)']",,0,4,0.0,0,15,17.0,0,8,13.8,14.0,15.0,"[14.5, 14.0, 14.0, 13.0, 13.0, 14.0, 14.0]",20,10,110.0
sicarus_prime_blueprint,Sicarus Prime Blueprint,"['weapon', 'prime', 'secondary', 'blueprint']",15,2,9,0.22,5,7,8.8,2,12,7.5,7.0,8.5,"[9.0, 8.0, 9.0, 8.0, 8.0, 8.5, 7.0]",10.0,7.0,110.0
neo_b7_relic,Neo B7 Relic,"['relic', 'neo']",,2,2,1.0,24,7,5.0,-17,17,3.2,6.5,5,"[5.0, 5.0, 7.0, 10.0, 5.0, 2.5, 6.5]",10.0,2,110.0
neo_n4_relic,Neo N4 Relic,"['relic', 'neo']",,1,0,10.0,6,0,0.0,0,1,10.0,10.0,7.0,"[10.0, 8.0, 6.0, 7.0, 6.0, 6.0, 10.0]",20,4,110.0
meso_s6_relic,Meso S6 Relic,"['relic', 'meso']",,1,0,10.0,6,0,0.0,0,1,10.0,10.0,9,"[15, 8, 9, 7, 10, 3.0, 10.0]",15,3.0,110.0
lith_v5_relic,Lith V5 Relic,"['relic', 'lith']",,1,0,10.0,6,0,0.0,0,1,10.0,10.0,5.3,"[3, 5, 4.5, 8.0, 5.0, 5.585, 10.0]",10,3,110.0
neo_t4_relic,Neo T4 Relic,"['relic', 'neo']",,1,0,10.0,6,0,0.0,0,2,5.0,5.0,4,"[3.0, 4.0, 4.0, 6.0, 5.0, 3.0, 5.0]",6.0,3,110.0
axi_t10_relic,Axi T10 Relic,"['axi', 'relic']",,1,0,10.0,12,0,0.0,0,1,10.0,10.0,5.0,"[5, 1, 5.0, 5.0, 10.0, 5.0, 10.0]",10.0,1,110.0
axi_s14_relic,Axi S14 Relic,"['relic', 'axi']",,1,0,10.0,12,0,0.0,0,1,10.0,10.0,7,"[7, 6, 7, 5, 8, 8.0, 10.0]",10.0,5,110.0
zylok_prime_receiver,Zylok Prime Receiver,"['weapon', 'prime', 'component']",45,1,16,0.06,1,4,4.6,3,24,4.3,4.0,4,"[4.0, 4.0, 4.0, 5.0, 4.0, 5.0, 4.0]",5.0,3,110.0
ambulas_arena_simulacrum,Ambulas Arena Simulacrum,['simulacrum'],,0,1,0.0,0,50,50.0,0,3,36.7,40.0,35.0,"[30.0, 40.0, 15.0, 35.0, 32.5, 20.0, 40.0]",60,15.0,110.0
karyst_prime_blueprint,Karyst Prime Blueprint,"['weapon', 'prime', 'melee', 'blueprint']",15,1,6,0.17,3,7,12.4,4,17,5.5,5.0,5.0,"[6.0, 5.5, 6.5, 6.0, 5.0, 5.0, 5.0]",7,4,109.7
celestial_stomp,Celestial Stomp,"['wukong', 'mod', 'warframe', 'augment', 'rare']",,0,1,0.0,0,15,15.0,0,11,9.9,9.0,10.0,"[12.0, 12.0, 12.0, 13.0, 12.0, 10.5, 9.0]",15.0,8,109.0
repelling_bastille,Enduring Bastille,"['vauban', 'mod', 'warframe', 'augment', 'rare']",,0,4,0.0,0,14,14.2,0,11,9.9,10.0,10.0,"[12.5, 13.5, 13.0, 10.0, 10.0, 10.0, 10.0]",15.0,9,109.0
kaszas_set,Kaszas Set,"['weapon', 'set', 'melee', 'archwing']",,0,5,0.0,0,24,35.4,0,5,21.8,15.0,20.0,"[20.5, 20.0, 20.0, 20.0, 24.5, 23.0, 15.0]",25,15.0,109.0
lingering_transmutation,Lingering Transmutation,"['warframe', 'rare', 'lavos', 'augment', 'mod']",,0,4,0.0,0,15,17.5,0,8,13.6,13.0,13,"[12.5, 13.5, 13.5, 13.5, 12.0, 15.0, 13.0]",20.0,9.5,109.0
cyclone_kraken,Cyclone Kraken,"['mod', 'rare', 'stance', 'machetes']",,2,13,0.15,9,14,14.4,5,7,13.4,13.0,14.5,"[14.5, 15.0, 15.0, 14.5, 15.0, 14.0, 13.0]",20.0,11,108.5
neo_e3_relic,Neo E3 Relic,"['relic', 'neo']",,5,2,2.5,24,10,4.17,-14,7,4.4,4.7,4.2,"[4.17, 4.17, 5.0, 5.0, 5.0, 3.0, 4.665]",10,3.0,108.4
redeemer_prime_blade,Redeemer Prime Blade,"['component', 'weapon', 'prime']",15,0,12,0.0,0,6,7.0,0,19,5.7,5.0,5.0,"[5.0, 6.0, 5.0, 6.5, 5.0, 6.0, 5.0]",6.5,4.0,108.0
fireball_frenzy,Fireball Frenzy,"['mod', 'warframe', 'ember', 'augment', 'rare']",,0,8,0.0,0,12,13.4,0,11,9.8,10.0,10.0,"[10.0, 10.0, 8.0, 9.5, 10.0, 10.0, 10.0]",15,8.0,108.0
gale_kick,Gale Kick,"['mod', 'rare', 'warframe']",,0,7,0.0,0,9,11.8,0,9,12.0,10.5,10,"[10.0, 10.0, 8.0, 10.0, 10.0, 9.5, 10.5]",15,4,108.0
necramech_continuity,Necramech Continuity,"['mod', 'uncommon', 'necramech']",,0,7,0.0,0,13,14.2,0,8,13.5,12.0,14.5,"[15.0, 14.5, 14.0, 12.0, 12.5, 14.5, 12.0]",18.5,10,108.0
form_up,Form Up,"['mod', 'railjack', 'uncommon']",,0,3,0.0,0,10,11.7,0,13,8.3,9.0,9,"[7.0, 9.0, 9.0, 9.0, 9.5, 7.0, 9.0]",10,7,108.0
praedos_blueprint,Praedos Blueprint,"['melee', 'weapon', 'blueprint']",,0,9,0.0,0,8,8.8,0,12,9.0,9.5,8,"[8.0, 10.0, 9.0, 9.0, 9.5, 9.0, 9.5]",10.0,7,108.0
dera_vandal_receiver,Dera Vandal Receiver,"['component', 'weapon']",,0,2,0.0,0,9,9.5,0,12,8.9,9.5,8.0,"[8.0, 4.0, 9.0, 9.5, 4.0, 9.5, 9.5]",10.0,4.0,107.0
creeping_terrify,Creeping Terrify,"['mod', 'warframe', 'nekros', 'augment', 'rare']",,0,5,0.0,0,14,15.6,0,10,10.6,10.0,11.0,"[10.0, 10.0, 11.0, 11.0, 12.0, 11.5, 10.0]",15.0,8.5,106.0
healing_return,Healing Return,"['mod', 'melee', 'rare']",,0,8,0.0,0,4,6.4,0,22,4.8,5.0,5.0,"[4.0, 5.0, 5.0, 5.0, 5.0, 5.0, 5.0]",8.0,4.0,106.0
lasting_covenant,Lasting Covenant,"['mod', 'warframe', 'rare', 'augment', 'harrow']",,0,8,0.0,0,10,12.0,0,11,9.6,10.0,10.0,"[10.0, 10.0, 10.0, 10.0, 10.0, 10.0, 10.0]",13.0,8.5,106.0
desiccations_curse,Desiccation's Curse,"['mod', 'warframe', 'rare', 'augment', 'inaros']",,0,3,0.0,0,10,14.3,0,9,11.8,10.0,14.0,"[12.0, 13.5, 12.0, 14.0, 15.0, 11.0, 10.0]",16,10.0,106.0
amars_anguish,Amar's Anguish,"['mod', 'common', 'warframe']",,0,9,0.0,0,4,4.4,0,21,5.0,5.0,5.0,"[5.0, 5.0, 4.0, 5.0, 5.0, 5.0, 5.0]",5,4.0,106.0
aeolak_barrel_blueprint,Aeolak Barrel Blueprint,"['weapon', 'blueprint', 'component']",,0,14,0.0,0,4,4.6,0,28,3.8,3.0,4.0,"[4.0, 4.0, 4.0, 4.0, 4.0, 4.0, 3.0]",5.0,3.0,106.0
meso_z1_relic,Meso Z1 Relic,"['relic', 'meso']",,3,2,1.5,18,5,8.0,-13,7,6.0,6.0,6.0,"[6, 6, 3.33, 6.0, 13.0, 5.0, 6.0]",13.0,2,105.0
neo_s15_relic,Neo S15 Relic,"['relic', 'neo']",,2,0,20.0,6,0,0.0,0,1,5.0,5.0,5.0,"[5.0, 6.0, 5.0, 4.8, 5.0, 5.0, 5.0]",6,2.0,105.0
lith_b11_relic,Lith B11 Relic,"['lith', 'relic']",,2,1,2.0,6,5,5.0,-1,7,5.0,5.0,4.0,"[5.0, 5.0, 4.17, 3.0, 3.0, 4.0, 5.0]",5,1,105.0
meso_h6_relic,Meso H6 Relic,"['relic', 'meso']",,2,0,20.0,6,0,0.0,0,1,5.0,5.0,3.0,"[3.0, 3.0, 3.0, 3.0, 2.0, 5.0, 5.0]",10,2.0,105.0
chilling_claws,Chilling Claws,"['mod', 'rare', 'melee', 'claws']",,0,6,0.0,0,9,10.8,0,13,8.1,8.5,8,"[8.0, 8.0, 8.0, 8.5, 9.0, 8.0, 8.5]",10,6.0,105.0
zid-an-sek-eel,Zid-an Sek-eel,['arcane_enhancement'],,0,2,0.0,0,3,3.0,0,35,3.0,3.0,3,"[4.0, 3.0, 2.0, 3.0, 2.5, 3.0, 3.0]",6,2,105.0
zid-an-asheir,Zid-an Asheir,['arcane_enhancement'],,0,4,0.0,0,3,8.5,0,35,3.0,3.0,3,"[3.0, 3.0, 3.0, 3.0, 3.0, 3.0, 3.0]",5,2,105.0
mandonel_stock,Mandonel Stock,"['weapon', 'component']",,0,13,0.0,0,4,4.0,0,26,4.0,4.0,4.0,"[4.0, 3.0, 4.0, 3.0, 3.5, 4.0, 4.0]",5,3,104.5
dera_vandal_stock,Dera Vandal Stock,"['component', 'weapon']",,0,0,0.0,0,0,0.0,0,6,17.3,20.0,11.0,"[16.5, 15.0, 14.0, 15.0, 15.0, 15.0, 20.0]",20.0,8.0,104.0
volatile_quick_return,Volatile Quick Return,"['mod', 'uncommon', 'melee', 'thrown_melee']",,0,15,0.0,0,4,4.2,0,25,4.2,4.0,4.0,"[4.0, 4.0, 4.0, 4.0, 4.0, 4.0, 4.0]",5,3,104.0
steflos_stock,Steflos Stock,"['weapon', 'component']",,0,2,0.0,0,8,8.5,0,12,8.7,9.0,9.5,"[9.5, 8.5, 10.0, 10.0, 7.5, 9.0, 9.0]",11.0,7.5,104.0
lith_a6_relic,Lith A6 Relic,"['lith', 'relic']",,1,1,1.0,6,4,4.0,-2,20,2.6,2.0,3.0,"[1.0, 2.5, 3.0, 3.0, 2.5, 2.75, 2.0]",12,1,104.0
panthera_prime_blueprint,Panthera Prime Blueprint,"['weapon', 'prime', 'primary', 'blueprint']",15,1,6,0.17,5,7,12.0,2,16,5.6,5.0,5.0,"[5.0, 5.0, 4.5, 5.0, 6.0, 6.0, 5.0]",7.5,4,103.8
dakra_prime_blueprint,Dakra Prime Blueprint,"['weapon', 'prime', 'melee', 'blueprint']",45,1,8,0.12,6,7,9.0,1,11,8.4,8.0,8.0,"[6.5, 8.0, 7.0, 7.0, 7.5, 7.5, 8.0]",10.0,6.0,103.5
venato_prime_handle,Venato Prime Handle,"['component', 'weapon', 'prime']",15,0,15,0.0,0,3,3.0,0,31,3.3,4.0,3.0,"[4.0, 3.5, 3.0, 4.0, 3.5, 3.0, 4.0]",4,2.5,103.5
karyst_prime_handle,Karyst Prime Handle,"['component', 'weapon', 'prime']",45,1,12,0.08,3,5,5.4,2,18,5.3,5.0,5.0,"[5.0, 5.0, 5.0, 5.0, 5.0, 5.0, 5.0]",5,3.0,102.9
untraceable,Untraceable,"['mod', 'rare', 'parazon']",,1,5,0.2,5,8,14.4,3,12,7.1,7.0,6.5,"[7.0, 7.0, 7.0, 7.0, 5.0, 7.0, 7.0]",8.0,5,102.0
arcane_escapist,Arcane Escapist,"['legendary', 'arcane_enhancement']",,0,13,0.0,0,2,2.8,0,47,2.2,2.0,2.7,"[2.585, 2.67, 2.67, 2.67, 3.0, 2.0, 2.0]",4.5,1,102.0
epitaph_receiver,Epitaph Receiver,"['component', 'weapon']",,1,11,0.09,5,5,7.4,0,16,5.8,6.0,6.0,"[5.0, 4.0, 5.5, 5.0, 5.0, 5.0, 6.0]",9.0,4.0,101.5
piercing_navigator,Piercing Navigator,"['ivara', 'mod', 'warframe', 'augment', 'rare']",,0,1,0.0,0,14,14.0,0,6,16.8,9.0,15,"[15.0, 14.0, 10.0, 12.0, 15.0, 19.0, 9.0]",19.0,8,101.0
burston_prime_receiver,Burston Prime Receiver,"['component', 'weapon', 'prime']",15,0,16,0.0,0,3,3.0,0,45,2.2,2.0,3,"[2.0, 2.0, 3.0, 3.0, 3.0, 3.0, 2.0]",5.0,2.0,100.0
augur_accord,Augur Accord,"['mod', 'uncommon', 'warframe']",,0,9,0.0,0,5,5.0,0,23,4.3,5.0,4.0,"[5.0, 4.5, 4.0, 4.0, 4.0, 4.0, 5.0]",5,3.5,100.0
paris_prime_upper_limb,Paris Prime Upper Limb,"['component', 'weapon', 'prime']",25,0,12,0.0,0,2,2.6,0,35,2.9,2.0,2.0,"[2.0, 2.0, 2.0, 2.0, 2.0, 2.0, 2.0]",3.0,1,100.0
necramech_repair,Necramech Repair,"['mod', 'uncommon', 'necramech']",,0,7,0.0,0,18,22.4,0,5,20.0,20.0,20.0,"[20.0, 20.0, 20.5, 21.0, 20.0, 20.0, 20.0]",22,15.0,100.0
lith_s2_relic,Lith S2 Relic,"['relic', 'lith']",,2,2,1.0,12,10,15.0,-2,6,8.3,4.0,5.0,"[6.0, 5.0, 5.0, 6.0, 5.0, 6.0, 4.0]",10,3,100.0
lokan_armor_set,Lokan Armor Set,['skin'],,0,0,0.0,0,0,0.0,0,2,50.0,50.0,42.5,"[35.0, 40.0, 70.0, 40.0, 60.0, 25.0, 50.0]",90,10.0,100.0
lith_g5_relic,Lith G5 Relic,"['relic', 'lith']",,7,3,2.33,18,4,7.3,-14,6,5.0,5.0,5.0,"[5.0, 4.0, 4.5, 5.0, 4.0, 2.0, 5.0]",8.0,2.0,100.0
ayatan_chattraka_sculpture,Ayatan Chattraka Sculpture,['ayatan_sculpture'],,3,2,1.5,20,30,64.5,10,2,20.0,25.0,30.0,"[25.0, 30.0, 30.0, 30.0, 20.0, 15.0, 25.0]",40,10,100.0
infiltrate,Infiltrate,"['ivara', 'mod', 'warframe', 'augment', 'rare']",,0,5,0.0,0,14,15.6,0,10,9.9,10.0,10.0,"[10.0, 10.0, 10.0, 10.0, 10.0, 10.0, 10.0]",14.5,8.5,99.0
sovereign_outcast,Sovereign Outcast,"['tonfas', 'mod', 'stance', 'rare']",,0,7,0.0,0,4,7.2,0,21,4.7,5.0,5,"[5.0, 5.0, 5.0, 4.0, 5.0, 5.0, 5.0]",5,4.0,99.0
lith_k7_relic,Lith K7 Relic,"['relic', 'lith']",,1,0,10.0,6,0,0.0,0,1,9.0,9.0,7.0,"[30, 9.0, 8.0, 5.0, 4.0, 10.0, 9.0]",30,4.0,99.0
axi_z2_relic,Axi Z2 Relic,"['axi', 'relic']",,1,0,10.0,12,0,0.0,0,1,9.0,9.0,5.5,"[6.0, 5.0, 5.0, 9.0]",9.0,5.0,99.0
nikana_prime_blueprint,Nikana Prime Blueprint,"['weapon', 'prime', 'melee', 'blueprint']",25,0,18,0.0,0,6,6.6,0,18,5.5,6.0,5.0,"[5.0, 5.0, 6.5, 5.0, 5.0, 5.0, 6.0]",7.0,4.0,98.5
zakti_prime_barrel,Zakti Prime Barrel,"['component', 'weapon', 'prime']",45,0,11,0.0,0,5,5.8,0,21,4.7,5.0,5.0,"[5.0, 5.0, 5.0, 5.0, 5.0, 5.0, 5.0]",7.0,4.0,98.5
detect_vulnerability,Detect Vulnerability,"['mod', 'rare', 'sentinel', 'helios']",,0,3,0.0,0,59,63.7,0,2,48.5,47.0,52.5,"[59.0, 50.0, 54.0, 59.0, 52.5, 50.0, 47.0]",60,45,97.0
searing_steel,Searing Steel,"['rare', 'melee', 'mod', 'archwing', 'archmelee']",,0,3,0.0,0,40,45.0,0,3,32.3,34.0,39,"[31.0, 35.0, 39.0, 36.0, 39.0, 40.0, 34.0]",40,30.0,97.0
hollow_point,Hollow Point,"['mod', 'rare', 'pistol', 'secondary']",,0,16,0.0,0,2,3.2,0,29,3.3,3.0,3.0,"[4.0, 4.0, 3.0, 3.0, 3.0, 3.0, 3.0]",4,3.0,96.5
neo_s11_relic,Neo S11 Relic,"['relic', 'neo']",,1,1,1.0,6,5,5.0,-1,9,5.3,6.0,5,"[3.5, 4, 6.5, 3, 5.0, 6.0, 6.0]",6.5,3,96.0
neo_g8_relic,Neo G8 Relic,"['neo', 'relic']",,3,1,3.0,18,3,3.0,-15,8,3.0,3.0,3.0,"[2.0, 5.0, 3.0, 2.0, 3.33, 5.0, 3.0]",24.0,1,96.0
lith_s13_relic,Lith S13 Relic,"['lith', 'relic']",,3,2,1.5,24,5,5.0,-19,9,4.2,4.1,4.3,"[4.25, 4.085, 4.67, 4.17, 4.0, 4.0, 4.085]",5.0,2,95.0
arum_spinosa_rivet,Arum Spinosa Rivet,"['component', 'weapon']",,0,4,0.0,0,10,22.8,0,8,11.8,13.5,10.0,"[10.0, 10.0, 11.0, 11.5, 10.0, 10.0, 13.5]",15.0,8.5,94.0
perigale_set,Perigale Set,"['primary', 'weapon', 'set']",,0,17,0.0,0,5,5.4,0,21,4.5,5.0,5,"[4.5, 5.0, 4.0, 4.0, 5.0, 5.0, 5.0]",7.0,4,94.0
tainted_mag,Tainted Mag,"['mod', 'rare', 'primary', 'assault_rifle']",,0,21,0.0,0,3,3.4,0,31,3.0,3.0,3.0,"[3.0, 3.0, 3.0, 3.5, 3.0, 3.0, 3.0]",4,2.0,93.5
meso_w3_relic,Meso W3 Relic,"['meso', 'relic']",,4,3,1.33,24,8,9.0,-16,12,3.3,3.3,5.0,"[8.0, 8.0, 9.0, 4.0, 5.0, 5.0, 3.33]",9.0,2.0,93.2
vampire_leech,Vampire Leech,"['mod', 'warframe', 'trinity', 'augment', 'rare']",,0,4,0.0,0,9,14.2,0,9,10.3,10.0,11.5,"[10.0, 12.0, 10.0, 11.0, 9.0, 10.0, 10.0]",15,8.5,93.0
scindo_prime_handle,Scindo Prime Handle,"['component', 'weapon', 'prime']",25,0,11,0.0,0,8,9.6,0,12,7.8,8.0,5.0,"[8.0, 8.0, 8.0, 8.0, 8.0, 7.0, 8.0]",10,4.0,93.0
neo_z9_relic,Neo Z9 Relic,"['relic', 'neo']",,4,2,2.0,25,5,12.5,-20,7,4.4,4.7,4.5,"[4.17, 4.0, 4.17, 4.335, 4.5, 7.0, 4.665]",7.0,3.75,92.9
karak_wraith_barrel,Karak Wraith Barrel,"['component', 'weapon']",,1,4,0.25,8,15,31.2,7,5,14.8,15.0,14.2,"[14.0, 15.0, 14.0, 14.0, 14.5, 15.0, 15.0]",20,10,92.5
zhuge_prime_blueprint,Zhuge Prime Blueprint,"['primary', 'prime', 'weapon', 'blueprint']",45,1,12,0.08,3,6,7.4,3,15,5.7,5.0,5.8,"[5.0, 6.0, 5.0, 6.0, 6.0, 6.5, 5.0]",8,4,92.1
virtuos_trojan,Virtuos Trojan,"['operator', 'uncommon', 'arcane_enhancement']",,0,4,0.0,0,5,8.0,0,12,7.7,7.0,7,"[5.0, 8.0, 5.0, 5.5, 4.5, 8.33, 7.0]",10,4,92.0
lith_n4_relic,Lith N4 Relic,"['relic', 'lith']",,1,3,0.33,6,5,8.0,-1,15,4.6,5.0,5.0,"[8, 5.0, 5.0, 4.0, 5.0, 5.0, 5.0]",10,4,92.0
scimitar_avionics_blueprint,Scimitar Avionics Blueprint,['blueprint'],,1,5,0.2,6,15,26.8,9,7,10.9,10.0,10,"[10.0, 10.0, 10.0, 10.0, 10.0, 10.0, 10.0]",15.0,8.0,91.2
protect,Protect,"['mod', 'rare', 'kubrow', 'raksa_kubrow']",,0,9,0.0,0,9,9.6,0,11,8.3,8.5,8.0,"[9.0, 7.0, 6.0, 8.0, 8.0, 8.0, 8.5]",10.0,5.0,91.0
cernos_prime_string,Cernos Prime String,"['component', 'weapon', 'prime']",25,0,8,0.0,0,7,8.2,0,15,6.1,6.0,7.0,"[7.0, 7.0, 7.0, 6.5, 5.0, 6.5, 6.0]",8.5,5.0,91.0
cleaving_whirlwind,Cleaving Whirlwind,"['mod', 'rare', 'stance', 'heavy_blade']",,0,7,0.0,0,4,4.6,0,25,3.6,3.0,3.0,"[4.0, 4.0, 5.0, 3.0, 3.0, 3.5, 3.0]",5,2.5,91.0
shocking_speed,Shocking Speed,"['mod', 'warframe', 'augment', 'rare', 'volt']",,0,5,0.0,0,10,14.4,0,9,10.1,10.0,10.0,"[10.0, 10.0, 10.0, 10.0, 10.0, 10.0, 10.0]",13.5,8,91.0
netra_invocation,Netra Invocation,"['mod', 'rare', 'secondary', 'tome']",,0,10,0.0,0,7,9.0,0,12,7.6,6.0,7.0,"[5.5, 9.5, 5.0, 5.0, 8.0, 9.5, 6.0]",10,5,91.0
akbolto_prime_link,Akbolto Prime Link,"['component', 'weapon', 'prime']",45,0,10,0.0,0,6,8.2,0,18,5.0,5.0,5.0,"[5.0, 4.5, 5.0, 5.0, 5.0, 5.0, 5.0]",8.0,4,90.5
neo_p10_relic,Neo P10 Relic,"['relic', 'neo']",,4,2,2.0,9,4,4.5,-5,18,1.7,0.8,2.0,"[1.0, 1.33, 2.0, 1.0, 2.0, 1.0, 0.83]",4,0.83,90.2
electrified_barrel,Electrified Barrel,"['uncommon', 'primary', 'mod', 'archwing', 'archgun']",,0,16,0.0,0,4,4.8,0,20,4.5,5.0,8.0,"[5.0, 5.0, 5.0, 5.0, 5.0, 5.0, 5.0]",10.0,4.0,90.0
kavasa_prime_kubrow_collar_blueprint,Kavasa Prime Kubrow Collar Blueprint,"['prime', 'skin', 'blueprint']",45,0,6,0.0,0,7,9.0,0,12,7.5,7.0,5.0,"[6.0, 6.0, 5.0, 7.0, 7.0, 5.5, 7.0]",8.5,2.0,90.0
new_loka_augment_mod,New Loka Augment Mod,"['syndicate', 'mod', 'rare']",,0,0,0.0,0,0,0.0,0,9,10.0,10.0,10,"[7.5, 10.0, 10.0, 12.0, 10.0, 10.0, 10.0]",12.0,7,90.0
arcane_circumvent,Arcane Circumvent,"['rare', 'arcane_enhancement']",,0,6,0.0,0,2,3.6,0,45,2.0,2.0,2.0,"[2.0, 3.0, 1.5, 2.5, 2.0, 2.0, 2.0]",4,1,90.0
swift_momentum,Swift Momentum,"['mod', 'rare', 'aura']",,0,11,0.0,0,4,4.6,0,20,4.5,4.0,5,"[5.0, 5.0, 4.0, 4.5, 5.0, 5.0, 4.0]",5.0,4,89.5
critical_surge,Critical Surge,"['mod', 'warframe', 'wisp', 'augment', 'rare']",,0,8,0.0,0,13,15.4,0,9,9.9,10.0,10.0,"[10.0, 10.0, 10.0, 11.0, 10.0, 10.0, 10.0]",14.5,9,89.0
baza_prime_barrel,Baza Prime Barrel,"['component', 'weapon', 'prime']",45,0,9,0.0,0,5,7.2,0,17,5.2,5.0,5.0,"[5.0, 5.0, 4.5, 5.0, 4.0, 5.0, 5.0]",5.5,3.5,89.0
hexis_armor_set,Hexis Armor Set,['skin'],,0,2,0.0,0,76,78.0,0,2,44.5,49.0,47.5,"[67.5, 40.0, 60.0, 30.0, 40.0, 40.0, 49.0]",80.0,20.0,89.0
sarofang_set,Sarofang Set,"['melee', 'weapon', 'set']",,1,18,0.06,2,4,4.8,2,20,4.2,5.0,4.5,"[3.5, 4.0, 4.0, 4.0, 3.0, 3.0, 5.0]",5,3,88.7
ninkondi_prime_blueprint,Ninkondi Prime Blueprint,"['weapon', 'prime', 'melee', 'blueprint']",15,0,9,0.0,0,6,7.8,0,15,5.9,5.0,6.0,"[5.0, 6.5, 6.0, 7.0, 6.0, 6.0, 5.0]",10.0,4,88.0
auxiliary_power,Auxiliary Power,"['mod', 'archwing', 'uncommon']",,0,10,0.0,0,5,5.2,0,18,4.9,5.0,5.0,"[5.0, 5.0, 5.0, 5.0, 5.0, 5.0, 5.0]",7,4.0,88.0
neo_v10_relic,Neo V10 Relic,"['relic', 'neo']",,1,0,10.0,6,0,0.0,0,2,4.0,4.0,4,"[5.0, 3.0, 3.0, 3.0, 5.0, 4.0, 4.0]",5.5,2.0,88.0
melee_fortification,Melee Fortification,"['common', 'arcane_enhancement']",,0,8,0.0,0,2,2.0,0,46,1.9,2.0,2.0,"[1.83, 2.0, 2.0, 2.0, 2.0, 2.0, 2.0]",3.0,1,87.9
exothermic,Exothermic,"['mod', 'warframe', 'ember', 'augment', 'rare']",,0,6,0.0,0,10,14.6,0,9,9.7,9.5,10,"[10.0, 10.0, 9.5, 10.0, 10.0, 8.0, 9.5]",15,8.0,87.5
tiberon_prime_blueprint,Tiberon Prime Blueprint,"['weapon', 'prime', 'primary', 'blueprint']",25,0,8,0.0,0,7,7.4,0,17,5.1,5.0,5.0,"[5.0, 5.0, 7.0, 5.0, 5.0, 5.0, 5.0]",9.0,4,87.5
bronco_prime_blueprint,Bronco Prime Blueprint,"['weapon', 'prime', 'secondary', 'blueprint']",15,1,13,0.08,2,2,3.0,0,26,3.1,2.0,3.0,"[3.0, 3.5, 3.5, 3.0, 3.0, 3.0, 2.0]",4,2,87.2
target_fixation,Target Fixation,"['mod', 'zephyr', 'warframe', 'augment', 'rare']",,0,3,0.0,0,15,16.7,0,6,14.5,15.0,14.5,"[14.0, 15.0, 14.5, 15.0, 15.0, 14.0, 15.0]",18.0,10,87.0
secondary_dexterity,Secondary Dexterity,"['arcane_enhancement', 'rare']",,0,21,0.0,0,1,1.0,0,99,0.9,1.0,1.0,"[1.0, 1.5, 1.0, 1.0, 1.0, 1.0, 1.0]",1.5,0.8,87.0
primary_exhilarate,Primary Exhilarate,"['rare', 'arcane_enhancement']",,0,5,0.0,0,4,3.0,0,22,4.0,4.0,3.0,"[3.415, 3.0, 3.0, 2.5, 3.0, 3.0, 4.0]",6.0,2,87.0
radiated_reload,Radiated Reload,"['mod', 'rare', 'primary', 'rifle']",,0,16,0.0,0,2,2.8,0,32,2.7,3.0,3,"[3.0, 3.0, 2.5, 3.0, 2.0, 2.0, 3.0]",3.0,2,87.0
mandonel_barrel,Mandonel Barrel,"['weapon', 'component']",,0,12,0.0,0,3,3.6,0,26,3.3,3.5,4,"[3.0, 4.0, 3.0, 3.0, 3.0, 4.0, 3.5]",5,2.5,87.0
vesper_77_set,Vesper 77 Set,"['weapon', 'secondary', 'set']",,0,4,0.0,0,15,28.0,0,6,14.5,15.0,15,"[15.0, 15.0, 15.0, 15.0, 19.0, 17.5, 15.0]",25,10.0,87.0
eidolon_naramon_lens,Eidolon Naramon Lens,"['focus', 'lens']",,1,3,0.33,3,30,20.0,27,3,21.7,22.5,20,"[20.0, 17.5, 18.0, 15.0, 20.0, 21.0, 22.5]",25.0,12.0,86.7
amanata_pressure,Amanata Pressure,"['mod', 'rare', 'melee', 'amanata']",,1,3,0.33,15,40,50.0,25,2,32.5,32.5,43.5,"[39.0, 34.0, 36.5, 45.0, 45.0, 35.0, 32.5]",51.0,20,86.7
rage,Rage,"['mod', 'warframe', 'rare']",,0,24,0.0,0,5,6.6,0,16,5.4,5.0,5.0,"[5.0, 6.0, 5.0, 5.0, 5.0, 5.0, 5.0]",6.0,5.0,86.0
molt_reconstruct,Molt Reconstruct,"['rare', 'arcane_enhancement']",,0,7,0.0,0,2,2.4,0,40,2.1,2.0,2.0,"[2.0, 2.0, 2.0, 2.0, 2.0, 2.0, 2.0]",3,1.5,86.0
war_blade,War Blade,"['component', 'weapon']",,0,10,0.0,0,3,4.0,0,25,3.4,4.0,3.0,"[3.5, 3.0, 3.0, 2.0, 3.0, 3.0, 4.0]",5,2,85.5
ninkondi_prime_chain,Ninkondi Prime Chain,"['component', 'weapon', 'prime']",45,0,13,0.0,0,3,6.0,0,19,4.5,5.0,5.0,"[5.0, 5.0, 5.0, 4.5, 4.0, 4.0, 5.0]",5,3.5,85.0
swooping_falcon,Swooping Falcon,"['mod', 'swords', 'stance', 'rare']",,0,6,0.0,0,4,6.6,0,16,5.3,4.5,5.0,"[5.0, 5.0, 4.0, 5.0, 5.0, 6.0, 4.5]",6,3.5,85.0
blood_for_energy,Blood For Energy,"['mod', 'rare', 'parazon']",,0,14,0.0,0,10,10.8,0,9,9.4,10.0,9.0,"[9.0, 9.5, 10.0, 10.0, 10.0, 9.0, 10.0]",11.0,7.0,85.0
felarx_blueprint,Felarx Blueprint,"['primary', 'weapon', 'blueprint']",,0,9,0.0,0,7,8.4,0,10,8.5,8.0,7.5,"[8.5, 8.0, 7.5, 8.0, 7.0, 8.5, 8.0]",9.0,6.0,85.0
dead_eye,Dead Eye,"['mod', 'aura', 'uncommon']",,0,5,0.0,0,15,20.8,0,6,14.0,15.0,15,"[13.0, 13.0, 15.0, 13.0, 15.0, 11.5, 15.0]",20.0,8.0,84.0
secondary_kinship,Secondary Kinship,"['rare', 'arcane_enhancement']",,0,3,0.0,0,4,4.7,0,21,4.0,4.0,5.0,"[3.0, 4.5, 5.0, 5.0, 2.5, 3.0, 4.0]",7,2.5,84.0
neo_k6_relic,Neo K6 Relic,"['relic', 'neo']",,2,1,2.0,20,11,11.0,-9,6,4.7,4.0,5,"[4.5, 2.5, 5.0, 5.0, 3.75, 3.5, 4.0]",11,2.5,84.0
axi_m5_relic,Axi M5 Relic,"['axi', 'relic']",,4,3,1.33,36,20,8.33,-16,6,6.0,9.0,8.3,"[4.33, 8.0, 5.0, 10.0, 5.0, 4.33, 9.0]",10.5,4.33,84.0
reroot_rampage,Reroot Rampage,"['rare', 'augment', 'nokko', 'warframe', 'mod']",,0,6,0.0,0,13,14.2,0,9,9.3,10.0,10.0,"[12.0, 10.0, 10.0, 10.0, 10.0, 10.0, 10.0]",17.0,10.0,84.0
neo_c9_relic,Neo C9 Relic,"['relic', 'neo']",,2,1,2.0,6,16,16.0,10,13,2.2,3.5,2.0,"[2.0, 2.0, 2.0, 2.0, 2.0, 1.0, 3.5]",4.0,1.0,84.0
spectra_vandal_barrel,Spectra Vandal Barrel,"['component', 'weapon']",,1,4,0.25,10,10,16.0,0,7,9.6,10.0,10,"[10.0, 10.0, 9.5, 9.5, 9.0, 10.0, 10.0]",13.0,7.0,83.8
burston_prime_blueprint,Burston Prime Blueprint,"['weapon', 'prime', 'primary', 'blueprint']",15,0,15,0.0,0,2,2.8,0,30,2.8,2.0,3,"[3.0, 3.0, 3.0, 3.0, 2.0, 2.5, 2.0]",5.0,2,83.5
sevagoth_prime_neuroptics_blueprint,Sevagoth Prime Neuroptics Blueprint,"['component', 'prime', 'warframe', 'blueprint']",15,0,26,0.0,0,2,2.2,0,45,1.9,2.0,2.0,"[2.0, 2.0, 2.0, 2.0, 2.0, 2.0, 2.0]",2,1,83.5
burston_prime_stock,Burston Prime Stock,"['component', 'weapon', 'prime']",15,0,11,0.0,0,3,3.2,0,41,2.0,1.0,2.0,"[2.0, 2.0, 2.0, 2.0, 2.0, 2.0, 1.0]",3.0,1.0,83.0
tigris_prime_barrel,Tigris Prime Barrel,"['component', 'weapon', 'prime']",45,0,9,0.0,0,5,5.8,0,17,4.9,5.0,5.0,"[5.0, 5.0, 5.0, 6.0, 5.0, 5.0, 5.0]",8.0,4,82.5
ris_invocation,Ris Invocation,"['mod', 'rare', 'secondary', 'tome']",,0,9,0.0,0,8,9.4,0,11,7.5,5.0,7.0,"[8.0, 7.5, 8.5, 7.0, 7.0, 6.0, 5.0]",10,5.0,82.0
sybaris_prime_blueprint,Sybaris Prime Blueprint,"['primary', 'prime', 'weapon', 'blueprint']",15,1,8,0.12,4,7,8.8,3,11,6.6,6.0,6.0,"[6.0, 6.0, 5.5, 7.0, 6.5, 7.0, 6.0]",7.5,5.0,81.6
kaszas_blade,Kaszas Blade,"['component', 'weapon', 'archwing']",,1,4,0.25,9,14,15.8,5,7,9.3,9.0,10.0,"[10.0, 10.0, 10.0, 10.0, 10.0, 10.0, 9.0]",10,8,81.2
damaged_necramech_pod,Damaged Necramech Pod,"['necramech', 'component', 'damaged']",,0,5,0.0,0,4,4.8,0,18,4.5,5.0,4.0,"[4.0, 5.0, 4.0, 4.0, 4.0, 4.5, 5.0]",5.0,2.0,81.0
orb_vallis_scene,Orb Vallis Scene,"['scene', 'misc']",,0,2,0.0,0,90,90.0,0,2,40.0,40.0,27.5,"[25, 15, 75.0, 20.0, 30.0, 25.0, 40.0]",75.0,15,80.0
saxum_carapace,Saxum Carapace,"['mod', 'uncommon', 'warframe']",,0,6,0.0,0,9,15.8,0,9,8.9,9.0,10.0,"[9.5, 10.0, 10.0, 9.0, 10.0, 9.5, 9.0]",13.0,8.5,80.0
stellated_necrathene,Stellated Necrathene,['gem'],,0,9,0.0,0,2,2.0,0,57,1.4,2.0,1.7,"[1.5, 1.83, 1.67, 1.67, 1.335, 1.0, 2.0]",7.5,1,80.0
meso_v2_relic,Meso V2 Relic,"['relic', 'meso']",,3,1,3.0,6,10,10.0,4,2,10.0,10.0,5.0,"[5, 9.0, 5.0, 5.0, 3.0, 5.0, 10.0]",10.0,3.0,80.0
lith_b1_relic,Lith B1 Relic,"['relic', 'lith']",,3,1,3.0,24,30,30.0,6,1,20.0,20.0,16.5,"[10, 10, 30.0, 20.0, 18.0, 20.0, 20.0]",30.0,6,80.0
knell_prime_blueprint,Knell Prime Blueprint,"['secondary', 'weapon', 'prime', 'blueprint']",15,0,9,0.0,0,5,7.0,0,20,4.0,4.0,4.0,"[5.0, 4.0, 5.0, 3.0, 4.5, 4.0, 4.0]",5.0,3,80.0
sanctum_simulacrum,Sanctum Simulacrum,['simulacrum'],,0,9,0.0,0,18,19.0,0,3,26.7,30.0,19.0,"[20.0, 25.0, 30.0, 12.5, 15.0, 30.0, 30.0]",30,10.0,80.0
aviator,Aviator,"['mod', 'warframe', 'common']",,0,14,0.0,0,3,3.6,0,21,3.8,4.0,4.0,"[3.0, 4.0, 3.0, 3.0, 3.0, 4.0, 4.0]",5.0,3,79.9
focus_energy,Focus Energy,"['mod', 'melee', 'rare']",,0,8,0.0,0,4,4.6,0,20,4.0,4.0,4.0,"[5.0, 4.0, 4.0, 4.0, 5.0, 4.0, 4.0]",5,3.0,79.0
galatine_prime_handle,Galatine Prime Handle,"['component', 'weapon', 'prime']",45,0,11,0.0,0,5,7.2,0,14,5.6,6.5,5.0,"[6.5, 7.0, 5.0, 5.5, 6.0, 5.0, 6.5]",8,5,79.0
esher_devar,Esher Devar,['gem'],,0,5,0.0,0,1,1.0,0,83,0.9,0.9,1,"[0.83, 0.665, 0.33, 0.585, 0.7, 1.0, 0.915]",2,0.33,78.1
rejuvenation,Rejuvenation,"['mod', 'aura', 'uncommon']",,0,5,0.0,0,9,14.6,0,8,9.8,10.0,10.5,"[7.0, 10.0, 7.5, 9.0, 8.0, 9.5, 10.0]",17.0,7,78.0
magus_repair,Magus Repair,"['uncommon', 'arcane_enhancement']",,1,5,0.2,3,7,8.2,4,11,5.9,5.0,5.0,"[5.0, 6.0, 5.0, 6.0, 4.0, 6.0, 5.0]",7,4,78.0
stropha_receiver,Stropha Receiver,"['component', 'weapon']",,1,12,0.08,3,4,4.8,1,15,4.8,5.0,5.0,"[5.0, 5.0, 5.5, 5.0, 4.0, 5.0, 5.0]",7,4.0,78.0
magus_replenish,Magus Replenish,"['uncommon', 'arcane_enhancement']",,0,1,0.0,0,20,20.0,0,17,4.6,4.0,5.0,"[3.0, 6.0, 7.0, 5.5, 4.0, 6.5, 4.0]",7.0,3.0,78.0
eternal_eradicate,Eternal Eradicate,"['rare', 'arcane_enhancement']",,0,16,0.0,0,2,2.0,0,39,2.0,2.0,2,"[2.0, 2.0, 2.0, 2.0, 2.0, 2.0, 2.0]",2,1.0,78.0
elusive_retribution,Elusive Retribution,"['baruuk', 'mod', 'warframe', 'augment', 'rare']",,0,4,0.0,0,15,18.5,0,5,15.6,15.0,14.5,"[15.0, 15.0, 14.0, 14.0, 14.0, 14.5, 15.0]",17.0,12,78.0
primary_overcharge,Primary Overcharge,"['rare', 'arcane_enhancement']",,0,6,0.0,0,2,4.4,0,41,1.9,2.0,2.0,"[2.0, 2.0, 2.0, 2.0, 2.0, 2.0, 2.0]",4.0,1.0,77.9
enveloping_cloud,Enveloping Cloud,"['wukong', 'mod', 'warframe', 'augment', 'rare']",,0,7,0.0,0,13,15.4,0,7,11.0,12.0,11.0,"[14.0, 13.5, 13.0, 13.5, 10.0, 10.0, 12.0]",15.0,6.5,77.0
controlled_slide,Controlled Slide,"['mod', 'rare', 'warframe', 'nezha']",,0,4,0.0,0,15,18.8,0,7,11.0,10.0,13.0,"[10.0, 10.0, 10.0, 8.0, 10.0, 10.5, 10.0]",19.0,8.0,77.0
hearty_nourishment,Hearty Nourishment,"['grendel', 'mod', 'warframe', 'augment', 'rare']",,0,6,0.0,0,10,15.6,0,7,11.0,10.0,10,"[10.0, 10.0, 10.0, 9.0, 12.0, 10.0, 10.0]",15,8,77.0
meso_n12_relic,Meso N12 Relic,"['relic', 'meso']",,1,0,10.0,6,0,0.0,0,1,7.0,7.0,5.0,"[5, 5, 12, 10.0, 5.0, 6.0, 7.0]",12,3,77.0
lith_h5_relic,Lith H5 Relic,"['relic', 'lith']",,1,0,10.0,6,0,0.0,0,1,7.0,7.0,6.0,"[6.0, 10.0, 6.0, 7.0, 7.0, 6.0, 7.0]",12.0,1,77.0
neo_g1_relic,Neo G1 Relic,"['relic', 'neo']",,3,5,0.6,12,5,8.4,-7,9,5.3,6.0,5.0,"[5.0, 3.5, 5.0, 3.0, 6.0, 4.5, 6.0]",7.5,3,76.8
dual_zoren_prime_handle,Dual Zoren Prime Handle,"['component', 'weapon', 'prime']",15,0,16,0.0,0,2,2.4,0,40,1.9,2.0,2.0,"[2.0, 2.0, 2.0, 2.0, 2.0, 2.0, 2.0]",3,1.5,76.5
dual_kamas_prime_blueprint,Dual Kamas Prime Blueprint,"['weapon', 'prime', 'melee', 'blueprint']",15,2,7,0.29,5,9,5.0,4,10,5.9,5.0,5.0,"[5.5, 6.0, 6.5, 5.5, 6.0, 7.0, 5.0]",7.0,4,75.9
damaged_necramech_engine,Damaged Necramech Engine,"['necramech', 'component', 'damaged']",,0,7,0.0,0,2,4.2,0,18,4.2,5.0,4.5,"[4.5, 3.5, 5.0, 5.0, 5.0, 5.0, 5.0]",6,2.0,75.5
kompressa_prime_blueprint,Kompressa Prime Blueprint,"['secondary', 'weapon', 'prime', 'blueprint']",15,0,16,0.0,0,2,2.6,0,33,2.3,2.0,2.0,"[1.0, 2.0, 2.0, 2.0, 2.0, 2.0, 2.0]",3.0,1.0,75.5
mutalist_alad_v_assassinate_key,Mutalist Alad V Assassinate (Key),['key'],,1,2,0.5,2,7,13.5,5,5,10.0,10.0,9.0,"[10.0, 10.0, 10.0, 9.0, 10.0, 8.5, 10.0]",15.0,5,75.0
tidal_impunity,Tidal Impunity,"['mod', 'warframe', 'augment', 'hydroid', 'rare']",,0,6,0.0,0,14,17.4,0,5,15.0,15.0,15.0,"[15.0, 14.5, 14.5, 15.0, 13.5, 15.0, 15.0]",17.5,10.0,75.0
regenerative_molt,Regenerative Molt,"['mod', 'warframe', 'saryn', 'augment', 'rare']",,0,9,0.0,0,10,10.8,0,8,9.4,10.0,9.5,"[9.5, 9.0, 10.0, 10.0, 9.5, 9.0, 10.0]",12,8.0,75.0
axi_m1_relic,Axi M1 Relic,"['relic', 'axi']",,4,1,4.0,36,15,15.0,-21,1,15.0,20,20,[20],20,20,75.0
axi_g1_relic,Axi G1 Relic,"['relic', 'axi']",,2,1,2.0,12,20,20.0,8,2,12.5,12.5,10.0,"[5, 15.0, 14.0, 5.0, 15.0, 10.0, 12.5]",20,4,75.0
meso_g3_relic,Meso G3 Relic,"['relic', 'meso']",,3,2,1.5,18,8,9.0,-10,6,5.0,5.0,6.5,"[7, 5.0, 5.0, 6.0, 5.0, 10.0, 5.0]",13.5,5,75.0
gunsen_prime_blueprint,Gunsen Prime Blueprint,"['melee', 'prime', 'weapon', 'blueprint']",15,1,14,0.07,1,3,4.2,2,22,3.2,3.0,3.0,"[4.0, 4.0, 4.0, 2.0, 3.0, 3.0, 3.0]",5,2.0,75.0
axi_l6_relic,Axi L6 Relic,"['axi', 'relic']",,3,2,1.5,30,10,15.0,-20,6,5.0,5.0,5.0,"[6.0, 5.0, 5.0, 6.0, 6.0, 5.0, 5.0]",10,2,75.0
afuris_prime_link,Afuris Prime Link,"['prime', 'component', 'weapon']",45,2,12,0.17,4,4,4.8,0,14,4.6,4.0,4.5,"[4.5, 4.0, 5.0, 4.0, 4.0, 5.0, 4.0]",5.0,3,74.7
rending_crane,Rending Crane,"['mod', 'uncommon', 'stance', 'heavy_blade']",,0,9,0.0,0,6,7.4,0,12,6.2,6.0,7.0,"[7.0, 7.0, 6.0, 7.0, 7.0, 6.0, 6.0]",8,5.5,74.0
counter_pulse,Counter Pulse,"['mag', 'mod', 'warframe', 'augment', 'rare']",,0,6,0.0,0,10,13.6,0,5,14.8,15.0,15,"[14.0, 15.0, 14.5, 14.0, 15.0, 15.0, 15.0]",17.0,11.0,74.0
anti_v,Anti-V,"['mod', 'rare', 'parazon']",,0,6,0.0,0,4,5.0,0,15,4.9,5.0,5.0,"[4.5, 5.0, 5.0, 5.0, 5.0, 5.0, 5.0]",10,4,74.0
jades_judgment,Jade's Judgment,"['mod', 'warframe', 'jade', 'augment', 'rare']",,0,3,0.0,0,9,14.3,0,7,10.6,10.0,10,"[10.0, 10.0, 12.5, 11.0, 14.5, 10.0, 10.0]",14.5,8.0,74.0
masters_edge,Master's Edge,"['mod', 'uncommon', 'melee']",,1,6,0.17,2,4,8.4,2,13,4.8,5.0,5.0,"[5.0, 5.0, 5.0, 5.0, 5.0, 5.0, 5.0]",8.0,4,73.5
vigilante_offense,Vigilante Offense,"['mod', 'rare', 'primary']",,0,26,0.0,0,5,6.0,0,14,5.2,5.0,5.0,"[5.0, 5.0, 7.0, 7.0, 5.0, 5.0, 5.0]",7.0,4.5,73.0
winds_of_purity,Winds Of Purity,"['furis', 'syndicate', 'secondary', 'mod', 'rare']",,0,4,0.0,0,14,17.0,0,5,14.6,15.0,13.8,"[15.0, 15.0, 15.0, 14.5, 14.5, 15.0, 15.0]",15.0,9.0,73.0
ironclad_matrix,Ironclad Matrix,"['mod', 'uncommon', 'railjack']",,0,5,0.0,0,4,6.8,0,17,4.3,4.0,4,"[5.0, 4.5, 4.5, 5.0, 5.0, 4.5, 4.0]",5,3,73.0
meso_p17_relic,Meso P17 Relic,"['meso', 'relic']",,4,3,1.33,6,3,2.0,-3,12,2.6,3.5,2.0,"[3.33, 1.5, 2.0, 2.0, 2.0, 2.0, 3.5]",5,1,72.3
naramon_lens,Naramon Lens,"['focus', 'lens']",,0,5,0.0,0,3,4.6,0,19,3.8,3.0,3.5,"[4.0, 4.0, 3.0, 4.0, 3.0, 3.0, 3.0]",5,2,72.0
necramech_streamline,Necramech Streamline,"['mod', 'rare', 'necramech']",,0,8,0.0,0,9,9.2,0,9,8.0,7.5,8.0,"[9.0, 7.0, 7.5, 9.0, 9.0, 8.0, 7.5]",10,6.5,72.0
talsek_an,Talsek-An,"['mod', 'common', 'any']",,0,6,0.0,0,9,10.0,0,9,8.0,8.0,5.0,"[12.0, 11.0, 10.0, 10.0, 9.0, 10.0, 8.0]",12.0,4,72.0
meso_z6_relic,Meso Z6 Relic,"['relic', 'meso']",,1,1,1.0,6,30,30.0,24,12,3.0,3.0,4.5,"[5, 5, 5.0, 4.83, 5.0, 5.0, 3.0]",5,3,72.0
primary_frostbite,Primary Frostbite,"['rare', 'arcane_enhancement']",,0,17,0.0,0,2,2.0,0,36,2.0,2.0,2.0,"[2.0, 3.0, 2.0, 2.0, 2.0, 2.0, 2.0]",3,1.5,71.8
wildfire,Wildfire,"['mod', 'rare', 'rifle', 'primary']",,0,10,0.0,0,3,4.0,0,23,3.1,2.0,3.0,"[3.0, 3.0, 3.5, 4.0, 3.0, 3.0, 2.0]",4.0,2.0,71.0
arcane_awakening,Arcane Awakening,"['uncommon', 'arcane_enhancement']",,0,12,0.0,0,2,2.6,0,34,2.1,2.0,2.5,"[1.5, 3.0, 2.0, 2.0, 3.0, 3.0, 2.0]",5.0,1,71.0
shotgun_amp,Shotgun Amp,"['mod', 'aura', 'uncommon']",,0,3,0.0,0,9,14.7,0,8,8.9,9.0,8.5,"[9.0, 9.5, 10.0, 9.0, 8.0, 8.5, 9.0]",10,5.0,71.0
hikou_prime_blueprint,Hikou Prime Blueprint,"['weapon', 'prime', 'secondary', 'blueprint']",15,0,13,0.0,0,4,4.8,0,17,4.2,4.0,4.0,"[3.5, 3.5, 4.0, 3.5, 4.0, 4.0, 4.0]",5.0,3.0,71.0
spectra_vandal_chassis,Spectra Vandal Chassis,"['component', 'weapon']",,0,6,0.0,0,10,13.0,0,7,10.1,10.0,10.0,"[10.0, 10.0, 10.0, 9.5, 10.0, 8.0, 10.0]",15.0,7.5,71.0
forward_artillery,Forward Artillery,"['rare', 'railjack', 'mod']",,0,9,0.0,0,5,6.4,0,15,4.7,4.5,4.5,"[5.0, 5.0, 5.0, 5.0, 5.0, 5.0, 4.5]",5.5,2.0,71.0
reflex_denial,Reflex Denial,"['mod', 'rare', 'sentinel', 'hound']",,0,4,0.0,0,10,12.5,0,8,8.9,9.5,9.5,"[8.0, 7.0, 10.0, 9.5, 8.5, 8.0, 9.5]",12,7.0,71.0
wrecking_wall,Wrecking Wall,"['mod', 'warframe', 'qorvex', 'augment', 'rare']",,0,6,0.0,0,14,16.6,0,6,11.8,10.0,14.0,"[14.0, 15.0, 14.0, 14.0, 16.5, 13.0, 10.0]",17.0,9.0,71.0
bleeding_willow,Bleeding Willow,"['mod', 'rare', 'stance', 'polearms']",,0,14,0.0,0,3,3.8,0,20,3.5,3.0,4.0,"[4.0, 4.0, 4.0, 4.0, 4.0, 4.0, 3.0]",5,2,70.5
masseter_prime_handle,Masseter Prime Handle,"['weapon', 'prime', 'component']",15,0,13,0.0,0,3,3.6,0,22,3.2,3.0,3.5,"[4.0, 3.0, 3.0, 3.0, 3.0, 3.0, 3.0]",5,2.0,70.2
paris_prime_blueprint,Paris Prime Blueprint,"['weapon', 'prime', 'primary', 'blueprint']",15,0,13,0.0,0,2,3.0,0,24,2.9,3.0,3.0,"[3.5, 3.0, 2.0, 1.5, 3.0, 3.0, 3.0]",5,1,70.0
the_perrin_sequence_augment_mod,The Perrin Sequence Augment Mod,"['syndicate', 'mod', 'rare']",,0,2,0.0,0,10,12.5,0,7,10.0,10.0,10.0,"[10.0, 10.0, 10.0, 10.0, 10.0, 15.0, 10.0]",15,7,70.0
chilling_reload,Chilling Reload,"['shotgun', 'mod', 'rare', 'primary']",,0,11,0.0,0,2,3.2,0,24,2.9,3.0,3.0,"[3.0, 3.0, 3.0, 3.0, 3.0, 3.0, 3.0]",4.0,2,70.0
rathbone_set,Rathbone Set,"['weapon', 'set', 'melee', 'archwing']",,0,2,0.0,0,50,60.0,0,2,35.0,40.0,34.5,"[27.5, 45.0, 30.0, 35.0, 35.0, 30.0, 40.0]",45.0,16,70.0
fatal_teleport,Teleport Rush,"['mod', 'warframe', 'rare', 'augment', 'ash']",,0,4,0.0,0,10,16.2,0,6,11.7,10.0,13.0,"[11.0, 14.0, 13.0, 13.5, 13.0, 13.0, 10.0]",15,10.0,70.0
swift_mercy,Swift Mercy,"['mod', 'common', 'parazon']",,0,4,0.0,0,6,23.8,0,9,7.8,7.0,8.0,"[8.0, 8.0, 6.5, 8.0, 7.0, 7.0, 7.0]",10,6,70.0
vampiric_grasp,Vampiric Grasp,"['xaku', 'mod', 'warframe', 'augment', 'rare']",,0,6,0.0,0,12,14.0,0,7,10.0,10.0,10.0,"[10.0, 10.0, 11.0, 10.0, 13.0, 9.0, 10.0]",13.0,9,70.0
sarofang_blade,Sarofang Blade,"['component', 'weapon']",,0,9,0.0,0,3,4.2,0,17,4.1,4.0,4.0,"[4.0, 4.0, 4.0, 4.0, 4.0, 4.0, 4.0]",5.0,2.0,70.0
warriors_rest,Warrior's Rest,"['mod', 'warframe', 'excalibur_umbra', 'augment', 'rare']",,0,6,0.0,0,10,12.0,0,7,10.0,10.0,10.0,"[12.0, 9.5, 10.0, 10.0, 10.0, 9.5, 10.0]",12.5,8.0,70.0
lith_n16_relic,Lith N16 Relic,"['lith', 'relic']",,5,2,2.5,20,6,6.0,-14,6,3.3,3.3,3.0,"[3.33, 4.0, 4.0, 1.0, 4.0, 2.915, 3.33]",6,1,69.9
arcane_ice,Arcane Ice,"['common', 'arcane_enhancement']",,0,8,0.0,0,2,2.6,0,23,3.0,3.0,2.8,"[3.0, 3.0, 2.5, 2.0, 3.0, 3.0, 3.0]",3.0,1.5,69.0
pool_of_life,Pool Of Life,"['mod', 'warframe', 'trinity', 'augment', 'rare']",,0,2,0.0,0,18,30.0,0,5,13.8,14.5,14,"[13.0, 14.5, 13.0, 12.5, 15.0, 15.0, 14.5]",16.5,10,69.0
armored_agility,Armored Agility,"['mod', 'rare', 'warframe']",,0,12,0.0,0,3,4.2,0,23,3.0,3.0,3.0,"[3.0, 3.0, 3.0, 3.0, 3.0, 3.0, 3.0]",4.5,2.0,69.0
akjagara_prime_blueprint,Akjagara Prime Blueprint,"['secondary', 'weapon', 'prime', 'blueprint']",15,0,20,0.0,0,4,4.0,0,17,4.1,4.0,4,"[3.0, 5.0, 3.0, 4.0, 4.0, 4.0, 4.0]",5,2.0,69.0
spectra_vandal_handle,Spectra Vandal Handle,"['component', 'weapon']",,1,6,0.17,9,9,14.6,0,6,9.8,10.0,10.0,"[10.0, 9.5, 12.5, 9.0, 10.0, 9.0, 10.0]",12.5,5,68.8
zubb_bracket_blueprint,Zubb Bracket Blueprint,"['blueprint', 'secondary', 'hound']",,1,6,0.17,10,14,16.6,4,6,9.8,10.0,10.0,"[15.0, 15.0, 10.0, 14.5, 10.0, 10.0, 10.0]",20.0,9,68.8
carving_mantis,Carving Mantis,"['mod', 'rare', 'stance', 'dual_swords']",,0,8,0.0,0,4,6.4,0,13,5.2,5.0,5.0,"[4.0, 10.0, 5.0, 4.0, 5.0, 8.0, 5.0]",10.0,4,68.0
steel_meridian_augment_mod,Steel Meridian Augment Mod,"['syndicate', 'mod', 'rare']",,0,6,0.0,0,10,11.0,0,8,8.5,8.0,9.0,"[7.0, 7.5, 9.0, 8.0, 9.5, 10.0, 8.0]",10,6,68.0
combustion_rounds,Combustion Rounds,"['uncommon', 'primary', 'mod', 'archwing', 'archgun']",,0,17,0.0,0,4,4.6,0,14,4.9,5.0,5.0,"[5.0, 5.0, 5.0, 6.5, 5.0, 5.0, 5.0]",8,3,68.0
mantis_engines_blueprint,Mantis Engines Blueprint,['blueprint'],,0,5,0.0,0,7,11.0,0,9,7.6,7.0,8.5,"[7.0, 7.5, 8.0, 7.5, 7.0, 8.0, 7.0]",10,6.0,68.0
brute_conditioning,Brute Conditioning,"['mod', 'uncommon', 'melee', 'claws']",,0,4,0.0,0,10,13.8,0,7,9.7,10.0,10.0,"[10.5, 10.0, 10.0, 11.0, 10.0, 10.0, 10.0]",14.0,9.5,68.0
aquapulmo,Aquapulmo,['fish'],,0,6,0.0,0,2,8.6,0,24,2.8,2.8,3,"[3.0, 3.0, 4.0, 3.0, 2.83, 3.0, 2.83]",5,1,67.9
contagion_cloud,Contagion Cloud,"['mod', 'warframe', 'saryn', 'augment', 'rare']",,0,10,0.0,0,10,10.0,0,7,9.6,9.0,9.5,"[10.0, 9.5, 9.5, 9.0, 9.5, 10.0, 9.0]",11.5,8,67.0
pacifying_bolts,Pacifying Bolts,"['mod', 'warframe', 'nyx', 'augment', 'rare']",,0,4,0.0,0,15,20.0,0,5,13.4,10.0,14,"[12.0, 15.0, 14.5, 15.0, 13.0, 15.0, 10.0]",15,10.0,67.0
strun_wraith_blueprint,Strun Wraith Blueprint,"['weapon', 'primary', 'blueprint']",,0,1,0.0,0,16,16.0,0,5,13.4,15.0,14.0,"[13.0, 10.0, 13.5, 13.0, 14.0, 14.0, 15.0]",20,9.0,67.0
mandonel_receiver,Mandonel Receiver,"['weapon', 'component']",,0,13,0.0,0,4,4.6,0,15,4.5,4.0,4.0,"[4.0, 3.0, 5.0, 4.0, 5.0, 4.0, 4.0]",5.0,3,67.0
drive_duster,Drive-Duster,"['mod', 'rare', 'parazon']",,0,2,0.0,0,4,6.0,0,14,4.8,5.0,5.0,"[4.5, 5.0, 5.0, 4.0, 5.0, 4.5, 5.0]",7.5,3.0,67.0
sentient_barrage,Sentient Barrage,"['mod', 'rare', 'primary', 'battacor']",,1,8,0.12,7,14,16.8,7,6,9.8,10.0,14.0,"[20.0, 14.0, 10.0, 15.0, 12.0, 10.0, 10.0]",21.5,10.0,66.4
karak_wraith_blueprint,Karak Wraith Blueprint,"['primary', 'weapon', 'blueprint']",,0,4,0.0,0,12,17.2,0,5,13.2,12.0,13.0,"[13.0, 12.0, 11.0, 14.0, 11.0, 13.5, 12.0]",20.0,9.0,66.0
twin_vipers_wraith_blueprint,Twin Vipers Wraith Blueprint,"['weapon', 'secondary', 'blueprint']",,0,1,0.0,0,15,15.0,0,6,11.0,11.0,12.0,"[13.0, 11.0, 10.0, 10.0, 10.0, 10.5, 11.0]",19.5,8.5,66.0
quick_reload,Quick Reload,"['uncommon', 'primary', 'mod', 'archwing', 'archgun']",,0,6,0.0,0,9,10.6,0,7,9.4,9.0,9.0,"[9.0, 10.0, 9.0, 10.0, 8.0, 9.0, 9.0]",15,5,66.0
conductor,Conductor,"['mod', 'warframe', 'rare', 'augment', 'octavia']",,0,3,0.0,0,10,13.0,0,7,9.4,9.0,10.0,"[10.0, 9.0, 10.0, 8.0, 10.0, 10.0, 9.0]",13.0,8.0,66.0
blackout_pulse,Blackout Pulse,"['rare', 'railjack', 'mod']",,0,7,0.0,0,6,9.2,0,12,5.5,5.5,5.0,"[5.0, 6.0, 6.5, 6.5, 6.0, 5.5, 5.5]",8.0,4,66.0
residual_viremia,Residual Viremia,"['arcane_enhancement', 'rare']",,0,2,0.0,0,2,2.5,0,22,3.0,3.0,3.0,"[3.0, 3.5, 3.0, 4.0, 4.0, 3.5, 3.0]",5,2,66.0
jet_stream,Jet Stream,"['mod', 'zephyr', 'warframe', 'augment', 'rare']",,0,8,0.0,0,14,15.2,0,6,11.0,10.5,12.0,"[12.0, 10.0, 14.0, 13.0, 15.0, 15.0, 10.5]",15,9.0,66.0
glutinox,Glutinox,['fish'],,0,4,0.0,0,2,2.0,0,33,2.0,2.0,2.0,"[2.0, 2.0, 2.0, 2.0, 2.0, 2.0, 2.0]",4,1,66.0
counterbalance,Counterbalance,"['mod', 'rare', 'primary', 'shotgun']",,0,3,0.0,0,10,10.7,0,6,11.0,12.0,9.5,"[9.0, 9.0, 10.0, 9.5, 8.0, 10.0, 12.0]",12,7.0,66.0
meso_h3_relic,Meso H3 Relic,"['meso', 'relic']",,1,0,10.0,6,0,0.0,0,1,6.0,5.0,5.0,"[5, 5.0, 5.0]",5,5,66.0
cobra_and_crane_prime_hilt,Cobra & Crane Prime Hilt,"['prime', 'component', 'weapon']",15,0,12,0.0,0,4,5.4,0,16,4.1,4.0,5,"[4.0, 5.0, 5.0, 5.0, 5.0, 5.0, 4.0]",5,3.5,66.0
worm_away,Worm Away,"['mod', 'rare', 'parazon']",,0,4,0.0,0,4,6.2,0,15,4.4,5.0,5.0,"[5.0, 5.0, 5.0, 4.5, 5.0, 4.0, 5.0]",7.5,3.5,66.0
hystrix_prime_blueprint,Hystrix Prime Blueprint,"['secondary', 'prime', 'weapon', 'blueprint']",45,1,17,0.06,3,5,5.0,2,13,4.8,5.0,5.0,"[5.0, 5.0, 5.0, 5.0, 5.0, 5.0, 5.0]",8.0,3.5,65.6
primo_flair,Primo Flair,"['mod', 'rare', 'k_drive']",,1,8,0.12,10,20,21.0,10,3,19.3,19.0,20.0,"[20.0, 20.0, 20.0, 20.0, 20.0, 19.0, 19.0]",25,14.5,65.2
redeemer_prime_blueprint,Redeemer Prime Blueprint,"['weapon', 'prime', 'melee', 'blueprint']",45,0,9,0.0,0,5,7.4,0,13,5.0,5.5,5,"[4.5, 5.0, 5.0, 4.0, 4.5, 4.5, 5.5]",7,3.5,65.0
crimson_fugue,Crimson Fugue,"['mod', 'rare', 'railjack']",,0,9,0.0,0,5,8.0,0,12,5.4,5.0,5.0,"[5.0, 5.0, 5.0, 5.0, 5.0, 5.5, 5.0]",7.5,3,65.0
aksomati_prime_blueprint,Aksomati Prime Blueprint,"['weapon', 'prime', 'secondary', 'blueprint']",15,1,6,0.17,3,5,11.2,2,14,3.9,4.0,4.0,"[4.5, 4.5, 4.0, 5.0, 4.0, 4.0, 4.0]",5.0,3.0,64.2
modified_munitions,Modified Munitions,"['uncommon', 'primary', 'mod', 'archwing', 'archgun']",,0,4,0.0,0,10,10.0,0,8,8.0,9.5,5,"[5.0, 4.0, 8.0, 5.0, 4.5, 6.0, 9.5]",10.0,3,64.0
sentient_scalpel,Sentient Scalpel,"['rare', 'railjack', 'mod']",,0,5,0.0,0,2,5.0,0,16,4.0,4.0,5,"[3, 5, 9, 2.0, 5.0, 6.0, 4.0]",10,2.0,64.0
lith_s7_relic,Lith S7 Relic,"['relic', 'lith']",,3,1,3.0,12,4,4.0,-8,2,8.0,7.0,5.8,"[8.0, 5.5, 6.0, 5.0, 6.0, 9.0, 7.0]",10,4,64.0
melee_assimilation,Melee Assimilation,"['rare', 'arcane_enhancement']",,0,10,0.0,0,3,3.0,0,21,3.0,3.0,4.0,"[3.0, 4.0, 3.5, 4.0, 3.0, 3.0, 3.0]",15.0,3.0,64.0
entropy_flight,Entropy Flight,"['syndicate', 'mod', 'melee', 'rare', 'kestrel']",,0,5,0.0,0,9,19.8,0,6,10.5,10.0,10.0,"[10.0, 10.0, 8.0, 10.0, 15.0, 9.0, 10.0]",15.0,6.5,63.0
path_of_statues,Path Of Statues,"['atlas', 'mod', 'warframe', 'augment', 'rare']",,0,5,0.0,0,14,15.8,0,5,12.6,13.0,13.2,"[14.5, 15.0, 16.0, 13.5, 13.0, 15.0, 13.0]",20.0,8.5,63.0
necramech_refuel,Necramech Refuel,"['mod', 'common', 'necramech']",,0,2,0.0,0,19,19.0,0,5,12.6,12.0,14.2,"[13.5, 14.0, 15.0, 14.0, 15.0, 12.5, 12.0]",15,6,63.0
epitaph_barrel,Epitaph Barrel,"['component', 'weapon']",,0,7,0.0,0,5,7.2,0,14,4.5,5.0,5,"[4.5, 5.0, 5.0, 3.5, 5.0, 4.0, 5.0]",5.0,3.5,63.0
lith_g12_relic,Lith G12 Relic,"['relic', 'lith']",,2,0,20.0,18,0,0.0,0,1,3.0,3.0,3.2,"[3.5, 2.0, 3.0, 3.0, 9.0, 3.0, 3.0]",9,2,63.0
bronco_prime_receiver,Bronco Prime Receiver,"['component', 'weapon', 'prime']",15,0,11,0.0,0,2,2.8,0,24,2.6,2.0,2.5,"[3.0, 3.0, 2.0, 2.0, 2.0, 2.0, 2.0]",3,2,62.5
tenora_prime_blueprint,Tenora Prime Blueprint,"['weapon', 'prime', 'primary', 'blueprint']",15,0,9,0.0,0,4,6.2,0,15,4.2,4.0,5,"[4.0, 5.0, 4.0, 4.0, 5.0, 5.0, 4.0]",5.5,3,62.5
axi_n2_relic,Axi N2 Relic,"['relic', 'axi']",,3,2,1.5,12,20,25.0,8,1,25.0,9.0,12,"[10.0, 10.0, 10.0, 10.0, 10.0, 25.0, 9.0]",25.0,9.0,62.5
reaping_spiral,Reaping Spiral,"['mod', 'rare', 'stance', 'scythes']",,0,11,0.0,0,2,2.6,0,22,2.8,3.0,3.0,"[2.5, 3.0, 3.0, 2.5, 3.0, 3.0, 3.0]",4,2,62.0
venka_prime_blueprint,Venka Prime Blueprint,"['weapon', 'prime', 'melee', 'blueprint']",45,0,17,0.0,0,5,6.2,0,13,4.8,4.5,5.0,"[5.0, 6.0, 5.0, 5.0, 5.0, 4.0, 4.5]",8.5,3,62.0
itzal_set,Itzal Set,"['set', 'archwing']",,0,7,0.0,0,40,73.0,0,2,31.0,31.0,30.0,"[25.0, 30.0, 30.0, 25.0, 30.0, 25.0, 31.0]",47.0,14.0,62.0
twirling_spire,Twirling Spire,"['mod', 'polearms', 'stance', 'rare']",,0,9,0.0,0,4,7.4,0,10,6.2,5.0,5.0,"[5.0, 5.0, 6.0, 5.0, 5.0, 4.5, 5.0]",10.0,3.0,62.0
combat_reload,Combat Reload,"['mod', 'rare', 'primary', 'tigris']",,0,5,0.0,0,17,29.2,0,6,10.3,5.0,12.0,"[10.0, 10.0, 10.0, 10.0, 18.0, 12.0, 5.0]",20,5.0,62.0
primed_steady_hands,Primed Steady Hands,"['mod', 'legendary', 'secondary', 'pistol']",,2,14,0.14,20,28,39.2,8,2,27.0,30.0,49.5,"[24.5, 24.0, 35.0, 30.5, 35.0, 24.0, 30.0]",60,24.0,61.7
perigale_barrel,Perigale Barrel,"['component', 'weapon']",,0,6,0.0,0,4,6.0,0,16,3.8,3.5,3.5,"[4.0, 3.0, 3.5, 3.0, 3.5, 4.0, 3.5]",5.0,2,61.5
neo_c8_relic,Neo C8 Relic,"['relic', 'neo']",,4,2,2.0,6,2,3.0,-4,12,1.7,2.0,3.0,"[3.0, 3.0, 1.75, 1.75, 0.33, 1.585, 2.0]",6.0,0.33,61.3
sharpened_bullets,Sharpened Bullets,"['mod', 'uncommon', 'pistol', 'secondary']",,0,6,0.0,0,5,9.0,0,10,6.1,6.0,5.0,"[5.0, 6.0, 5.0, 8.5, 8.0, 5.5, 6.0]",8.5,4,61.0
final_harbinger,Final Harbinger,"['mod', 'uncommon', 'stance', 'sword_and_shield']",,0,6,0.0,0,13,16.4,0,6,10.2,9.5,12,"[10.0, 10.0, 10.0, 10.0, 9.0, 10.0, 9.5]",16,9.0,61.0
urga_bracket_blueprint,Urga Bracket Blueprint,"['blueprint', 'secondary', 'hound']",,0,9,0.0,0,15,17.8,0,5,12.2,12.0,12.0,"[14.0, 15.0, 10.0, 10.0, 10.0, 12.5, 12.0]",15,9,61.0
harrowing_spire,Harrowing Spire,"['mod', 'rare', 'stance', 'bayonet']",,0,5,0.0,0,5,7.6,0,16,3.8,4.0,4.0,"[3.0, 5.0, 5.0, 4.0, 3.0, 3.0, 4.0]",5,2,61.0
lith_n11_relic,Lith N11 Relic,"['relic', 'lith']",,1,2,0.5,6,8,9.0,2,9,4.5,3.0,5,"[5.0, 3.5, 4.0, 4.0, 7.0, 5.0, 3.0]",7,3,60.8
masseter_prime_blueprint,Masseter Prime Blueprint,"['prime', 'melee', 'weapon', 'blueprint']",45,2,16,0.12,2,3,4.0,1,17,3.1,4.0,3.0,"[4.0, 4.5, 2.5, 3.0, 3.0, 2.0, 4.0]",5,2.0,60.2
inertia_dampeners,Inertia Dampeners,"['mod', 'uncommon', 'k_drive']",,0,6,0.0,0,20,22.8,0,3,20.0,20.0,19.0,"[20.0, 18.0, 18.0, 20.0, 20.0, 19.0, 20.0]",25,10,60.0
odomedic,Odomedic,"['mod', 'rare', 'sentinel', 'robotic']",,0,9,0.0,0,13,14.6,0,4,15.0,15.0,12,"[15.0, 14.5, 14.0, 15.0, 14.0, 15.0, 15.0]",20,8,60.0
sheev_blade,Sheev Blade,"['component', 'weapon']",,0,2,0.0,0,12,18.5,0,6,10.0,9.0,9.5,"[15.0, 10.5, 9.0, 8.0, 8.0, 10.0, 9.0]",15.0,7.0,60.0
axi_c4_relic,Axi C4 Relic,"['relic', 'axi']",,3,1,3.0,12,15,15.0,3,1,15.0,22.0,20.0,"[20, 30, 20.0, 1.0, 22.0]",30,1.0,60.0
neo_m3_relic,Neo M3 Relic,"['relic', 'neo']",,5,1,5.0,21,12,12.0,-9,2,5.0,5.0,5.0,"[5.0, 5.0, 3.0, 5.0, 4.0, 5.0, 5.0]",10,3,60.0
meso_d5_relic,Meso D5 Relic,"['relic', 'meso']",,5,1,5.0,24,15,15.0,-9,2,5.0,5.0,6.5,"[4.0, 8.0, 8.0, 10.0, 4.33, 6.0, 5.0]",24,4.0,60.0
lith_s4_relic,Lith S4 Relic,"['relic', 'lith']",,1,2,0.5,6,8,9.0,2,6,6.7,6.8,6.0,"[5.0, 6.0, 6.0, 5.0, 5.0, 4.0, 6.835]",10,4,60.0
red_veil_armor_set,Red Veil Armor Set,['skin'],,0,2,0.0,0,50,59.5,0,1,60.0,60.0,40.0,"[90.0, 50.0, 50.0, 45.0, 65.0, 40.0, 60.0]",90.0,20.0,60.0
neo_m4_relic,Neo M4 Relic,"['relic', 'neo']",,1,1,1.0,6,7,7.0,1,6,5.0,5.0,3.0,"[5.0, 4.0, 2.0, 3.0, 4.0, 3.0, 5.0]",5,1.0,60.0
fass_canticle,Fass Canticle,"['mod', 'rare', 'secondary', 'tome']",,0,12,0.0,0,6,8.4,0,9,6.7,5.0,7.0,"[5.5, 5.5, 7.0, 6.0, 7.0, 8.0, 5.0]",9.0,5,60.0
meso_a9_relic,Meso A9 Relic,"['meso', 'relic']",,2,3,0.67,6,2,1.0,-4,24,1.5,1.5,1.0,"[0.33, 1.085, 2.0, 2.0, 0.33, 0.33, 1.5]",6,0.33,60.0
vik_anam,Vik-Anam,"['mod', 'uncommon', 'any']",,0,4,0.0,0,10,12.5,0,7,8.6,9.0,8.5,"[10.0, 7.0, 9.0, 8.0, 10.0, 10.0, 9.0]",10,5.5,60.0
stropha_blade,Stropha Blade,"['component', 'weapon']",,1,6,0.17,3,7,11.2,4,10,5.1,5.0,5.5,"[5.0, 4.5, 5.0, 7.0, 6.0, 5.0, 5.0]",10.0,4.5,59.5
gladiator_finesse,Gladiator Finesse,"['mod', 'rare', 'warframe']",,0,21,0.0,0,4,4.4,0,14,4.2,4.0,4.0,"[4.0, 4.5, 5.0, 4.0, 4.0, 4.0, 4.0]",5,3.0,59.2
smite_corrupted,Smite Orokin,"['mod', 'melee', 'uncommon']",,0,1,0.0,0,14,14.0,0,4,14.8,12.5,13.0,"[14.0, 10.0, 19.5, 17.5, 15.0, 14.0, 12.5]",25.0,8,59.0
target_cracker,Target Cracker,"['mod', 'uncommon', 'pistol', 'secondary']",,0,6,0.0,0,4,7.8,0,13,4.5,4.0,4,"[4.0, 4.0, 5.0, 4.0, 4.0, 4.5, 4.0]",5,3,59.0
focused_defense,Focused Defense,"['common', 'mod', 'melee']",,0,4,0.0,0,7,9.0,0,9,6.6,8.0,7.0,"[6.0, 7.5, 6.0, 7.0, 6.5, 5.0, 8.0]",9,5.0,59.0
energy_transfer,Energy Transfer,"['mod', 'warframe', 'augment', 'rare', 'equinox']",,0,3,0.0,0,10,16.7,0,4,14.8,14.5,14.0,"[15.0, 14.0, 13.0, 14.0, 14.0, 14.0, 14.5]",15,12.0,59.0
extreme_velocity,Extreme Velocity,"['mod', 'rare', 'k_drive']",,0,2,0.0,0,25,26.0,0,3,19.7,20.0,20.0,"[20.0, 20.0, 20.0, 22.0, 20.0, 20.0, 20.0]",26.0,10,59.0
requiem_i_relic,Requiem I Relic,"['relic', 'requiem']",,0,8,0.0,0,1,1.8,0,64,0.9,1.0,1,"[0.83, 1.0, 1.0, 0.83, 0.915, 0.915, 1.0]",3,0.5,58.9
lith_h9_relic,Lith H9 Relic,"['relic', 'lith']",,1,2,0.5,6,5,6.0,-1,12,3.2,1.0,3.2,"[3.5, 3.0, 2.915, 3.0, 5.0, 3.0, 1.0]",5.0,1.0,58.5
whirlwind,Whirlwind,"['mod', 'rare', 'melee', 'thrown_melee']",,0,11,0.0,0,4,4.8,0,15,3.9,4.0,4.0,"[4.0, 4.0, 4.0, 4.0, 4.0, 4.0, 4.0]",5.0,3.0,58.0
venomous_clip,Venomous Clip,"['uncommon', 'primary', 'mod', 'archwing', 'archgun']",,0,4,0.0,0,5,8.0,0,10,5.8,5.0,5.0,"[6.0, 5.0, 5.0, 5.0, 5.0, 5.0, 5.0]",9.0,4,58.0
ore_gaze,Ore Gaze,"['atlas', 'mod', 'warframe', 'augment', 'rare']",,0,8,0.0,0,10,12.2,0,5,11.6,12.5,10.0,"[10.0, 11.5, 12.0, 10.0, 12.0, 10.0, 12.5]",14.5,9.0,58.0
euphona_prime_blueprint,Euphona Prime Blueprint,"['prime', 'weapon', 'secondary', 'blueprint']",15,0,12,0.0,0,4,4.6,0,13,4.4,4.0,4.5,"[4.0, 4.0, 3.5, 4.5, 5.0, 4.0, 4.0]",5,3,57.0
stabilizer,Stabilizer,"['mod', 'rare', 'rifle', 'primary']",,0,8,0.0,0,4,4.6,0,14,4.1,4.0,4.0,"[4.0, 5.0, 4.0, 3.5, 4.0, 4.0, 4.0]",5.0,3,57.0
arbiters_of_hexis_augment_mod,Arbiters of Hexis Augment Mod,"['syndicate', 'mod', 'rare']",,0,3,0.0,0,9,9.3,0,7,8.1,8.0,10.0,"[10.0, 11.5, 10.0, 10.0, 10.0, 9.0, 8.0]",15.0,6.5,57.0
paris_prime_string,Paris Prime String,"['component', 'weapon', 'prime']",15,0,8,0.0,0,3,7.2,0,24,2.4,2.0,3.0,"[3.0, 2.5, 2.5, 1.5, 2.0, 2.0, 2.0]",5.0,1.5,57.0
airburst_rounds,Airburst Rounds,"['mod', 'zephyr', 'warframe', 'augment', 'rare']",,0,7,0.0,0,13,16.2,0,5,11.4,12.0,12.0,"[10.0, 10.0, 10.5, 11.5, 12.5, 12.0, 12.0]",15,8,57.0
surging_blades,Surging Blades,"['yareli', 'mod', 'warframe', 'augment', 'rare']",,0,4,0.0,0,10,14.5,0,5,11.4,11.5,12.5,"[13.0, 13.0, 10.0, 12.0, 10.0, 12.0, 11.5]",15,9.0,57.0
necramech_thrusters,Necramech Thrusters,"['mod', 'rare', 'necramech']",,0,3,0.0,0,10,10.0,0,6,9.3,13.0,10,"[10.0, 10.0, 9.5, 9.0, 10.0, 9.5, 13.0]",14,8.0,56.0
neo_e2_relic,Neo E2 Relic,"['relic', 'neo']",,2,2,1.0,6,8,24.0,2,7,4.0,8.0,8.0,"[8, 8, 5.0, 6.0, 4.0, 10.0, 8.0]",10.0,4.0,56.0
eximus_advantage,Eximus Advantage,"['mod', 'rare', 'secondary', 'zylok']",,0,3,0.0,0,12,14.0,0,4,14.0,12.5,14.0,"[12.0, 15.0, 14.0, 7.0, 21.5, 15.5, 12.5]",21.5,5,56.0
cataclysmic_continuum,Cataclysmic Continuum,"['mod', 'warframe', 'limbo', 'augment', 'rare']",,0,2,0.0,0,14,14.5,0,5,11.0,9.0,10.0,"[9.0, 10.0, 11.0, 15.0, 9.5, 13.5, 9.0]",15,9.0,55.0
spellbound_harvest,Spellbound Harvest,"['mod', 'warframe', 'titania', 'augment', 'rare']",,0,4,0.0,0,10,15.0,0,5,11.0,10.0,12.0,"[10.0, 10.0, 14.0, 9.0, 16.0, 10.0, 10.0]",16.0,9,55.0
vengeful_revenant,Vengeful Revenant,"['mod', 'rare', 'stance', 'swords']",,0,10,0.0,0,5,5.0,0,13,4.2,4.5,4.0,"[4.0, 4.0, 5.0, 4.0, 4.5, 4.0, 4.5]",5.0,3.0,55.0
cedo_barrel,Cedo Barrel,"['component', 'weapon']",,0,4,0.0,0,10,15.0,0,5,11.0,14.0,10.0,"[7.0, 10.0, 10.0, 8.0, 10.0, 12.5, 14.0]",15,5.0,55.0
lith_t9_relic,Lith T9 Relic,"['relic', 'lith']",,1,0,10.0,6,0,0.0,0,1,5.0,5.0,4,"[2.0, 3.5, 5.83, 5.0, 4.0, 2.0, 5.0]",5.83,2.0,55.0
axi_k9_relic,Axi K9 Relic,"['relic', 'axi']",,1,0,10.0,12,0,0.0,0,1,5.0,5.0,6.0,"[9, 6.0, 6.0, 5.0]",9,5.0,55.0
akbolto_prime_blueprint,Akbolto Prime Blueprint,"['weapon', 'prime', 'secondary', 'blueprint']",15,0,8,0.0,0,5,6.6,0,13,4.2,4.0,4.0,"[4.0, 4.0, 4.0, 4.0, 3.0, 4.0, 4.0]",5,3,54.0
drifting_contact,Drifting Contact,"['mod', 'melee', 'rare']",,0,13,0.0,0,3,3.6,0,18,3.0,3.0,3.0,"[3.0, 3.0, 3.0, 3.0, 3.0, 3.0, 3.0]",3,2.0,54.0
vapor_trail,Vapor Trail,"['mod', 'common', 'k_drive']",,0,3,0.0,0,24,25.3,0,3,18.0,15.0,19.5,"[10.0, 14.5, 15.0, 20.0, 14.5, 19.5, 15.0]",40.0,10,54.0
ravage,Ravage,"['shotgun', 'mod', 'rare', 'primary']",,0,17,0.0,0,3,3.4,0,18,3.0,3.0,3.0,"[2.5, 3.0, 3.0, 3.0, 3.0, 3.0, 3.0]",4,2.0,54.0
lith_v3_relic,Lith V3 Relic,"['relic', 'lith']",,1,1,1.0,6,10,10.0,4,5,5.4,5.0,5.0,"[6, 5, 5.0, 4.0, 5.0, 7.0, 5.0]",7.0,4.0,54.0
computer_cop,Computer Cop,"['mod', 'rare', 'parazon']",,0,3,0.0,0,4,5.7,0,12,4.5,4.0,5,"[5.0, 5.0, 5.0, 4.0, 5.0, 4.5, 4.0]",6,3.0,54.0
neo_v9_relic,Neo V9 Relic,"['relic', 'neo']",,7,3,2.33,6,10,8.0,4,2,8.0,7.0,8.0,"[7.0, 10.0, 3.0, 6.665, 7.0, 8.0, 7.0]",10.5,3.0,53.3
tekko_prime_blueprint,Tekko Prime Blueprint,"['weapon', 'prime', 'melee', 'blueprint']",45,0,16,0.0,0,4,5.0,0,12,4.4,5.0,4.0,"[4.0, 5.0, 4.0, 5.0, 5.0, 4.0, 5.0]",5,2.0,53.0
lato_vandal_receiver,Lato Vandal Receiver,"['component', 'weapon']",,0,21,0.0,0,2,2.6,0,19,2.8,3.0,3,"[3.0, 3.0, 3.0, 3.0, 3.0, 3.0, 3.0]",3,1.5,53.0
cedo_blueprint,Cedo Blueprint,"['primary', 'weapon', 'blueprint']",,0,4,0.0,0,7,25.5,0,5,10.6,10.0,10,"[10.0, 14.0, 15.0, 10.0, 7.0, 10.0, 10.0]",15.0,7.0,53.0
boreals_contempt,Boreal's Contempt,"['mod', 'rare', 'melee', 'polearms']",,0,22,0.0,0,3,4.4,0,12,4.4,5.0,5.0,"[5.0, 5.0, 5.0, 5.0, 4.5, 4.0, 5.0]",7.5,3.5,53.0
fired_up,Fired Up,"['mod', 'sentinel', 'rare']",,0,9,0.0,0,3,3.2,0,18,2.9,2.0,3,"[2.0, 2.0, 3.0, 3.0, 3.0, 2.0, 2.0]",4.0,2.0,52.0
volatile_parasite,Volatile Parasite,"['mod', 'rare', 'kubrow', 'predasite']",,0,5,0.0,0,9,13.6,0,5,10.4,10.0,10.0,"[10.0, 9.0, 10.0, 10.0, 10.0, 10.0, 10.0]",12.5,8,52.0
vitreospina,Vitreospina,['fish'],,0,3,0.0,0,2,5.3,0,39,1.3,1.8,1.8,"[0.83, 2.0, 1.83, 1.0, 1.835, 1.0, 1.83]",3,0.83,52.0
range_advantage,Range Advantage,"['mod', 'rare', 'secondary', 'akjagara']",,0,2,0.0,0,14,16.5,0,3,17.3,19.0,10.0,"[11.0, 12.5, 10.0, 15.0, 15.0, 15.0, 19.0]",19.5,7.5,52.0
meso_y2_relic,Meso Y2 Relic,"['relic', 'meso']",,2,10,0.2,5,3,7.2,-2,17,2.5,2.5,3.9,"[0.835, 3.0, 1.5, 3.0, 1.17, 1.0, 2.5]",14.0,0.835,51.9
afuris_prime_blueprint,Afuris Prime Blueprint,"['prime', 'secondary', 'weapon', 'blueprint']",15,0,15,0.0,0,3,3.4,0,15,3.4,3.5,3.0,"[4.0, 4.0, 2.5, 3.0, 3.0, 3.0, 3.5]",5,1.5,51.5
quick_thinking,Quick Thinking,"['mod', 'warframe', 'rare']",,0,12,0.0,0,5,5.4,0,12,4.2,4.0,4.0,"[4.0, 4.0, 4.0, 5.0, 3.5, 4.5, 4.0]",5,3.0,51.0
unairu_lens,Unairu Lens,"['focus', 'lens']",,0,8,0.0,0,3,3.4,0,13,3.9,3.0,3.0,"[2.0, 2.0, 2.0, 4.0, 3.0, 2.0, 3.0]",5,1,51.0
voidrig_engine,Voidrig Engine,"['component', 'necramech']",,0,3,0.0,0,20,30.0,0,3,17.0,17.5,17.5,"[20.0, 20.0, 24.0, 25.0, 25.0, 15.0, 17.5]",35,10,51.0
efficient_beams,Efficient Beams,"['convectrix', 'mod', 'rare', 'primary']",,0,4,0.0,0,15,10.0,0,5,10.2,10.0,10.0,"[20.0, 15.0, 10.0, 17.0, 15.0, 10.0, 10.0]",20.0,5.0,51.0
phenmor_blueprint,Phenmor Blueprint,"['primary', 'weapon', 'blueprint']",,0,14,0.0,0,7,7.8,0,7,7.3,8.0,7.0,"[7.0, 10.0, 9.0, 8.0, 7.5, 7.0, 8.0]",11.0,5.0,51.0
mandonel_blueprint,Mandonel Blueprint,"['archwing', 'primary', 'weapon', 'blueprint']",,0,7,0.0,0,3,4.2,0,16,3.2,3.0,3.0,"[4.0, 3.0, 2.0, 4.0, 3.0, 3.0, 3.0]",5.5,2.0,51.0
keep_clean,Keep-Clean,"['mod', 'rare', 'parazon']",,0,1,0.0,0,4,4.0,0,11,4.6,4.5,5.0,"[5.0, 5.0, 5.0, 4.5, 6.5, 5.0, 4.5]",7.0,4.0,51.0
rifle_ammo_mutation,Rifle Ammo Mutation,"['mod', 'rare', 'primary', 'assault_rifle']",,0,13,0.0,0,5,5.4,0,11,4.5,4.5,5.0,"[4.0, 5.0, 4.0, 4.0, 4.0, 4.0, 4.5]",7.0,3.0,50.0
ammo_drum,Ammo Drum,"['common', 'mod', 'rifle', 'primary']",,0,6,0.0,0,1,5.4,0,10,5.0,5.0,2,"[2.0, 1.0, 3.0, 1.0, 2.0, 2.0, 5.0]",42,1,50.0
reawaken,Reawaken,"['mod', 'rare', 'sentinel', 'djinn']",,0,4,0.0,0,50,59.0,0,1,50.0,50.0,52.8,"[52.5, 50.0, 60.0, 50.0, 59.0, 56.5, 50.0]",60,38,50.0
virtuos_forge,Virtuos Forge,"['operator', 'uncommon', 'arcane_enhancement']",,0,3,0.0,0,5,8.3,0,10,5.0,5.0,6.0,"[4.0, 5.0, 6.0, 5.0, 5.0, 5.0, 5.0]",10,4.0,50.0
anabolic_pollination,Anabolic Pollination,"['mod', 'rare', 'kubrow', 'pharaoh_predasite']",,0,0,0.0,0,0,0.0,0,3,16.7,17.5,15.0,"[15, 20.0, 18.0, 15.0, 15.0, 9.0, 17.5]",30,9.0,50.0
reaping_chakram,Reaping Chakram,"['mod', 'warframe', 'augment', 'nezha', 'rare']",,0,4,0.0,0,14,15.2,0,4,12.5,12.0,12.0,"[10.0, 12.0, 17.0, 11.5, 16.0, 12.5, 12.0]",18.0,10,50.0
axi_k5_relic,Axi K5 Relic,"['relic', 'axi']",,3,2,1.5,12,20,20.0,8,1,20.0,15.0,14,"[5, 14, 14, 15, 15, 13.33, 15.0]",15,5,50.0
norg,Norg,['fish'],,0,10,0.0,0,1,1.8,0,34,1.5,1.5,2,"[1.0, 1.335, 1.33, 1.5, 1.0, 1.25, 1.5]",5.0,1,50.0
peculiar_audience,Peculiar Audience,"['mod', 'peculiar', 'arcane_enhancement', 'warframe']",,0,0,0.0,0,0,0.0,0,3,16.7,15.0,15.5,"[15.0, 15.0, 15.0, 17.0, 20.0, 25.0, 15.0]",30.0,5.0,50.0
makvos_cannon_scene,Makvos Cannon Scene,['scene'],,0,1,0.0,0,100,100.0,0,1,50,10.0,50,"[90, 50, 90, 44.0, 40.0, 50.0, 10.0]",90,10.0,50.0
scindo_prime_blueprint,Scindo Prime Blueprint,"['weapon', 'prime', 'melee', 'blueprint']",45,1,13,0.08,1,5,7.4,4,11,4.2,4.0,4.0,"[4.0, 4.0, 4.0, 4.0, 4.0, 4.0, 4.0]",5.5,3,49.5
kronen_prime_blueprint,Kronen Prime Blueprint,"['weapon', 'prime', 'melee', 'blueprint']",15,0,15,0.0,0,4,4.4,0,13,3.8,4.0,4.0,"[4.0, 3.0, 4.5, 3.0, 4.0, 4.0, 4.0]",6.5,3,49.0
mach_crash,Mach Crash,"['mod', 'warframe', 'gauss', 'augment', 'rare']",,0,3,0.0,0,9,13.0,0,5,9.8,10.0,10.0,"[10.0, 10.0, 9.0, 10.0, 11.0, 9.0, 10.0]",11.0,8,49.0
mending_splinters,Mending Splinters,"['mod', 'warframe', 'gara', 'augment', 'rare']",,0,3,0.0,0,15,16.7,0,4,12.2,12.5,13.0,"[15.0, 13.0, 20.0, 10.0, 12.0, 12.0, 12.5]",20.0,9,49.0
cobra_and_crane_prime_blueprint,Cobra & Crane Prime Blueprint,"['prime', 'weapon', 'melee', 'blueprint']",45,2,12,0.17,3,5,6.0,2,10,4.2,4.0,4.0,"[4.0, 4.0, 3.5, 4.0, 4.0, 4.0, 4.0]",5.0,2.5,49.0
trumna_prime_blueprint,Trumna Prime Blueprint,"['primary', 'weapon', 'prime', 'blueprint']",15,0,19,0.0,0,1,1.4,0,31,1.6,1.0,1.0,"[1.0, 1.0, 1.5, 1.0, 1.0, 1.0, 1.0]",3.0,1,49.0
soft_safe,Soft Safe,"['mod', 'rare', 'parazon']",,0,2,0.0,0,4,4.5,0,10,4.9,5.0,5.0,"[5.0, 5.0, 6.0, 4.0, 5.0, 4.5, 5.0]",7.0,4.0,49.0
akbronco_prime_blueprint,Akbronco Prime Blueprint,"['weapon', 'prime', 'secondary', 'blueprint']",15,1,14,0.07,2,1,1.8,-1,24,1.9,2.0,2.0,"[2.0, 2.0, 2.0, 1.0, 1.5, 2.0, 2.0]",4,1.0,48.8
neo_z2_relic,Neo Z2 Relic,"['relic', 'neo']",,1,5,0.2,6,5,7.0,-1,8,5.0,5.0,4.5,"[4.0, 2.0, 5.0, 5.0, 4.0, 4.5, 5.0]",7,2,48.0
neo_h2_relic,Neo H2 Relic,"['relic', 'neo']",,5,1,5.0,6,10,10.0,4,1,8.0,8.0,8.0,"[8.0, 8.0, 7.0, 6.0, 9.5, 5.0, 8.0]",10,5,48.0
kriller,Kriller,['fish'],,0,4,0.0,0,2,2.0,0,24,2.0,2.0,2,"[2.0, 1.67, 2.0, 2.415, 1.83, 2.0, 2.0]",5,1,48.0
abyssal_beacon,Abyssal Beacon,"['beacon', 'syndicate']",,0,0,0.0,0,0,0.0,0,8,6.0,7.0,3.0,"[2.5, 3.0, 1.0, 5.0, 2.0, 3.0, 7.0]",191,1,48.0
lith_c11_relic,Lith C11 Relic,"['lith', 'relic']",,1,1,1.0,6,4,4.0,-2,6,4.0,4.0,3,"[4, 5, 2, 3, 1.0, 4.0, 4.0]",5,1,48.0
virtuos_strike,Virtuos Strike,"['operator', 'uncommon', 'arcane_enhancement']",,0,3,0.0,0,4,4.3,0,13,3.6,3.7,4,"[5.0, 3.5, 4.0, 4.0, 4.0, 4.0, 3.665]",5,3,47.0
justice_blades,Justice Blades,"['syndicate', 'dual_cleavers', 'mod', 'melee', 'rare']",,0,7,0.0,0,10,11.0,0,5,9.4,8.0,9.0,"[9.0, 8.0, 10.0, 7.0, 13.0, 10.0, 8.0]",15,5.0,47.0
ion_infusion,Ion Infusion,"['rare', 'melee', 'mod', 'archwing', 'archmelee']",,0,3,0.0,0,10,13.7,0,4,11.8,11.0,11.0,"[9.5, 10.0, 11.5, 10.0, 10.0, 8.0, 11.0]",20.0,8.0,47.0
sporothrix_barrel,Sporothrix Barrel,"['component', 'weapon']",,0,3,0.0,0,15,9.5,0,5,9.4,9.0,9.5,"[9.0, 10.0, 10.0, 8.5, 9.5, 9.0, 9.0]",14,8.0,47.0
myxostomata,Myxostomata,['fish'],,0,4,0.0,0,3,3.0,0,15,3.1,3.2,3.0,"[3.83, 3.25, 2.5, 3.0, 3.0, 3.165, 3.165]",6.0,1,47.0
tatsu_prime_blueprint,Tatsu Prime Blueprint,"['melee', 'weapon', 'prime', 'blueprint']",15,0,12,0.0,0,3,4.6,0,12,3.9,3.0,4.0,"[4.0, 4.5, 3.0, 4.0, 3.0, 4.0, 3.0]",7.0,3,47.0
strain_consume,Strain Consume,"['mod', 'warframe', 'rare']",,0,12,0.0,0,7,7.6,0,8,5.8,5.5,6.5,"[8.0, 6.5, 7.5, 6.0, 5.0, 5.0, 5.5]",8,5,46.0
kavasa_prime_band,Kavasa Prime Band,['prime'],45,0,8,0.0,0,5,8.8,0,7,6.6,8.0,5.0,"[6.0, 8.0, 5.0, 5.0, 5.0, 4.0, 8.0]",10.0,4.0,46.0
mutalist_nav_coordinates,Mutalist Alad V Nav Coordinate,['misc'],,0,3,0.0,0,10,25.0,0,4,11.5,11.0,9.0,"[9.5, 10.0, 10.0, 10.0, 10.0, 10.0, 11.0]",11.0,5.0,46.0
synathid,Synathid,['fish'],,0,3,0.0,0,2,2.0,0,24,1.9,1.8,2.0,"[1.67, 2.0, 1.83, 2.0, 2.0, 2.0, 1.835]",3,1,46.0
astral_bond,Astral Bond,"['mod', 'rare', 'sentinel', 'companion']",,0,8,0.0,0,16,18.6,0,3,15.3,15.5,15.0,"[16.0, 15.0, 15.0, 15.5, 15.0, 15.0, 15.5]",18,13,46.0
hallowed_reckoning,Hallowed Reckoning,"['mod', 'warframe', 'oberon', 'augment', 'rare']",,0,4,0.0,0,15,16.2,0,4,11.2,10.0,12.0,"[12.5, 12.0, 15.0, 11.5, 15.0, 12.5, 10.0]",15,9,45.0
brutal_tide,Brutal Tide,"['mod', 'rare', 'stance', 'sparring']",,0,11,0.0,0,4,4.8,0,11,4.1,4.0,4,"[4.0, 3.5, 4.5, 4.0, 4.0, 4.5, 4.0]",5.0,3,45.0
primed_smite_infested,Primed Smite Infested,"['mod', 'legendary', 'melee']",,0,7,0.0,0,50,63.4,0,2,22.5,30.0,23.8,"[30.0, 29.0, 30.0, 30.0, 22.0, 15.0, 30.0]",42.5,10,45.0
surging_dash,Surging Dash,"['mod', 'warframe', 'excalibur', 'augment', 'rare']",,0,1,0.0,0,15,15.0,0,4,11.2,10.0,13.0,"[5.0, 13.0, 14.0, 15.0, 15.0, 14.5, 10.0]",20.0,5.0,45.0
paris_prime_lower_limb,Paris Prime Lower Limb,"['component', 'weapon', 'prime']",15,0,8,0.0,0,2,2.4,0,22,2.0,2.0,2.0,"[3.0, 2.0, 1.0, 1.0, 1.0, 2.0, 2.0]",3.0,1.0,45.0
enraged,Enraged,"['mod', 'valkyr', 'rare', 'warframe']",,0,3,0.0,0,10,12.7,0,4,11.2,11.0,12.0,"[10.0, 10.0, 13.0, 9.0, 9.0, 10.0, 11.0]",16.0,8.0,45.0
necramech_efficiency,Necramech Efficiency,"['mod', 'uncommon', 'necramech']",,0,5,0.0,0,7,9.4,0,5,9.0,9.0,9.5,"[9.5, 9.0, 9.0, 9.0, 8.5, 10.0, 9.0]",15.0,8,45.0
voidrig_capsule,Voidrig Capsule,"['component', 'necramech']",,0,4,0.0,0,25,31.2,0,2,22.5,22.5,20.0,"[15.0, 20.0, 22.5, 29.0, 25.0, 17.5, 22.5]",30,15.0,45.0
gourmand,Gourmand,"['grendel', 'mod', 'warframe', 'augment', 'rare']",,0,8,0.0,0,10,12.6,0,4,11.2,10.0,10.0,"[10.0, 8.5, 10.0, 10.0, 9.0, 9.0, 10.0]",15.0,8,45.0
trojan_tracker,Trojan Tracker,"['mod', 'rare', 'parazon']",,0,3,0.0,0,4,6.0,0,9,5.0,5.0,5.0,"[4.0, 5.0, 4.0, 5.0, 5.0, 5.0, 5.0]",10,3.5,45.0
lyons_room_scene,Lyon's Room Scene,"['misc', 'scene']",,0,2,0.0,0,95,132.0,0,1,45.0,10.0,45.0,"[50, 30, 50, 45.0, 888.0, 40.0, 10.0]",888.0,10.0,45.0
sure_shot,Sure Shot,"['mod', 'uncommon', 'pistol', 'secondary']",,0,4,0.0,0,3,6.0,0,12,3.7,3.5,4.0,"[4.0, 3.5, 3.5, 4.0, 4.0, 4.0, 3.5]",6,3.0,44.0
sands_of_inaros,Sands Of Inaros,['key'],,0,6,0.0,0,19,27.4,0,2,22.0,29.0,15.0,"[18.5, 15.0, 10.0, 10.0, 12.5, 20.0, 29.0]",38,5,44.0
cuthol,Cuthol,['fish'],,0,2,0.0,0,2,2.0,0,20,2.2,3.0,2.0,"[2.0, 1.75, 2.0, 2.0, 2.0, 2.0, 3.0]",3.5,1.5,44.0
reconifex_set,Reconifex Set,"['weapon', 'primary', 'set']",,0,4,0.0,0,15,19.5,0,3,14.7,14.5,15,"[15.0, 15.0, 15.0, 17.0, 13.0, 15.0, 14.5]",24.0,10,44.0
lith_a8_relic,Lith A8 Relic,"['relic', 'lith']",,1,0,10.0,6,0,0.0,0,1,4.0,4.0,2.5,"[1.0, 2.0, 2.5, 1.0, 5.0, 2.0, 4.0]",5.0,1,44.0
polar_magazine,Polar Magazine,"['uncommon', 'primary', 'mod', 'archwing', 'archgun']",,0,7,0.0,0,5,7.8,0,9,4.8,5.0,4.0,"[4.0, 4.0, 4.0, 4.5, 4.0, 4.0, 5.0]",9,3,43.0
shrapnel_shot,Shrapnel Shot,"['common', 'shotgun', 'mod', 'primary']",,0,5,0.0,0,5,8.6,0,7,6.1,7.0,5.8,"[4.0, 5.0, 5.0, 5.0, 5.0, 5.0, 7.0]",10.0,3,43.0
mad_stack,Mad Stack,"['mod', 'uncommon', 'k_drive']",,0,1,0.0,0,30,30.0,0,2,21.5,21.5,20,"[23.0, 20.0, 20.0, 19.0, 8.0, 22.0, 21.5]",23.0,5,43.0
immolated_radiance,Immolated Radiance,"['mod', 'warframe', 'ember', 'augment', 'rare']",,0,6,0.0,0,10,11.6,0,4,10.8,12.0,10,"[8.0, 10.0, 5.0, 10.0, 10.0, 10.0, 12.0]",15,5,43.0
ordnance_cheap_shot,Ordnance Cheap Shot,"['rare', 'railjack', 'mod']",,0,6,0.0,0,5,8.4,0,5,8.6,10.0,9.0,"[8.0, 8.5, 9.0, 7.5, 8.0, 8.0, 10.0]",10,7.0,43.0
pyroclastic_flow,Pyroclastic Flow,"['mod', 'warframe', 'augment', 'nezha', 'rare']",,0,2,0.0,0,15,15.0,0,3,14.3,10.0,12,"[13.0, 13.0, 8.0, 11.5, 15.0, 16.5, 10.0]",16.5,8,43.0
conditions_perfection,Condition's Perfection,"['mod', 'uncommon', 'melee']",,0,11,0.0,0,4,4.8,0,9,4.8,5.0,5.0,"[5.0, 4.0, 5.0, 4.5, 5.0, 4.0, 5.0]",7.5,4,43.0
efv_8_mars_set,EFV-8 Mars Set,"['weapon', 'secondary', 'set']",,0,8,0.0,0,15,21.6,0,2,21.5,20.0,22.5,"[20.0, 15.0, 17.5, 25.0, 22.5, 27.0, 20.0]",30,12,43.0
guided_ordnance,Guided Ordnance,"['mod', 'uncommon', 'primary', 'assault_rifle']",,1,4,0.25,3,7,10.5,4,6,5.7,7.0,5.5,"[5.0, 6.5, 7.0, 7.0, 7.5, 6.0, 7.0]",9,3.5,42.5
enemy_sense,Enemy Sense,"['mod', 'warframe', 'rare']",,0,10,0.0,0,4,4.8,0,9,4.7,5.0,4.0,"[4.0, 4.0, 4.0, 3.5, 4.0, 5.0, 5.0]",5,2,42.0
resonance,Resonance,"['mod', 'warframe', 'banshee', 'augment', 'rare']",,0,5,0.0,0,14,18.4,0,3,14.0,15.0,14.8,"[15.0, 15.0, 13.0, 15.0, 15.0, 14.0, 15.0]",17.5,12,42.0
runtime,Runtime,"['mod', 'rare', 'parazon']",,0,13,0.0,0,5,8.0,0,8,5.2,4.0,5.0,"[5.5, 5.0, 6.0, 6.0, 5.0, 6.0, 4.0]",8,2,42.0
decisive_judgement,Decisive Judgement,"['mod', 'rare', 'stance', 'nikanas']",,0,7,0.0,0,5,5.4,0,10,4.2,4.0,4.5,"[5.0, 4.5, 5.0, 5.0, 4.5, 4.0, 4.0]",5.0,3.5,42.0
hunter_command,Hunter Command,"['mod', 'rare', 'sentinel', 'beast']",,0,10,0.0,0,5,6.6,0,9,4.7,4.0,5,"[4.5, 5.0, 5.0, 5.0, 4.0, 5.0, 4.0]",6.0,4.0,42.0
faceted_tiametrite,Faceted Tiametrite,['gem'],,0,5,0.0,0,5,6.2,0,42,1.0,0.3,1.0,"[0.33, 1.0, 0.67, 0.33, 1.0, 0.5, 0.33]",5,0.33,42.0
bomb_the_landin,Bomb The Landin',"['mod', 'rare', 'k_drive']",,0,0,0.0,0,0,0.0,0,2,21.0,21.0,20,"[15.0, 20.0, 15.0, 35.0, 10.0, 27.5, 21.0]",40,10,42.0
tether,Tether,"['railjack', 'uncommon', 'mod']",,0,1,0.0,0,10,10.0,0,6,7.0,8.0,7.0,"[6.5, 7.0, 8.0, 7.0, 9.0, 7.0, 8.0]",10,3.5,42.0
sporothrix_receiver,Sporothrix Receiver,"['component', 'weapon']",,0,3,0.0,0,20,10.0,0,5,8.4,8.5,10.0,"[10.0, 10.0, 9.5, 8.5, 9.0, 8.0, 8.5]",15.0,8,42.0
axi_k2_relic,Axi K2 Relic,"['relic', 'axi']",,2,1,2.0,12,14,14.0,2,1,14.0,7.0,19.0,"[18, 20, 20, 20.0, 11.0, 7.0]",20,7.0,42.0
axi_v5_relic,Axi V5 Relic,"['relic', 'axi']",,2,1,2.0,12,14,14.0,2,1,14.0,9.0,10.0,"[6, 10.0, 10.0, 10.0, 15.0, 10.0, 9.0]",20,5,42.0
eternal_onslaught,Eternal Onslaught,"['rare', 'arcane_enhancement']",,0,12,0.0,0,2,2.0,0,23,1.8,2.0,2,"[2.0, 2.0, 2.0, 2.0, 2.0, 2.0, 2.0]",3,1,42.0
meso_n17_relic,Meso N17 Relic,"['meso', 'relic']",,2,5,0.4,6,3,2.0,-3,10,3.0,3.0,2.0,"[1.0, 2.5, 2.0, 2.335, 2.0, 2.0, 3.0]",9,1,42.0
melee_careen,Melee Careen,"['rare', 'arcane_enhancement']",,0,5,0.0,0,2,2.0,0,21,2.0,2.5,2.0,"[2.0, 1.5, 2.0, 2.0, 2.0, 2.0, 2.5]",3.0,1,42.0
hayan_dabor,Hayan-Dabor,"['mod', 'common', 'any']",,0,10,0.0,0,5,5.0,0,12,3.5,4.0,4,"[4.0, 3.5, 4.0, 3.0, 3.0, 4.0, 4.0]",5.0,2.0,42.0
spinning_needle,Spinning Needle,"['mod', 'rare', 'stance', 'dual_daggers']",,0,12,0.0,0,3,3.8,0,12,3.5,3.5,4.0,"[4.0, 3.5, 3.5, 3.0, 3.0, 4.0, 3.5]",5,2.0,41.5
blind_justice,Blind Justice,"['mod', 'uncommon', 'stance', 'nikanas']",,0,9,0.0,0,2,2.8,0,15,2.7,2.0,3,"[2.5, 3.0, 3.0, 3.0, 2.0, 3.0, 2.0]",4.5,2,41.0
peaceful_provocation,Peaceful Provocation,"['mod', 'warframe', 'augment', 'rare', 'equinox']",,0,3,0.0,0,14,16.3,0,3,13.7,11.0,14.0,"[10.0, 15.0, 14.0, 15.0, 10.0, 15.0, 11.0]",17.0,10,41.0
seeking_shuriken,Seeking Shuriken,"['mod', 'warframe', 'rare', 'augment', 'ash']",,0,15,0.0,0,9,9.4,0,7,5.9,5.0,8,"[8.0, 9.0, 5.0, 6.0, 7.5, 5.0, 5.0]",10,5,41.0
recaster,Recaster,['fish'],,0,6,0.0,0,1,1.0,0,25,1.6,1.8,1.0,"[1.33, 1.33, 1.0, 1.0, 1.0, 1.0, 1.83]",2.0,0.585,41.0
pistol_acuity,Pistol Acuity,"['mod', 'rare', 'secondary', 'pistol']",,0,13,0.0,0,2,2.8,0,15,2.7,3.0,3,"[3.0, 3.0, 2.5, 3.0, 3.0, 3.0, 3.0]",5,2,41.0
rifle_amp,Rifle Amp,"['mod', 'aura', 'uncommon']",,0,8,0.0,0,9,12.4,0,4,10.0,10.0,10.5,"[15.0, 15.0, 14.5, 15.0, 15.0, 10.0, 10.0]",22.0,8.5,40.0
rousing_plunder,Rousing Plunder,"['mod', 'warframe', 'augment', 'hydroid', 'rare']",,0,5,0.0,0,10,14.4,0,3,13.3,15.0,14.0,"[12.5, 14.0, 12.0, 11.5, 12.0, 13.0, 15.0]",15,10.0,40.0
vazarin_lens,Vazarin Lens,"['focus', 'lens']",,0,5,0.0,0,3,5.4,0,9,4.4,5.0,3.5,"[4.0, 3.0, 3.5, 5.0, 5.0, 4.0, 5.0]",5,2,40.0
killing_blow,Killing Blow,"['mod', 'melee', 'uncommon']",,0,9,0.0,0,2,3.4,0,15,2.7,2.5,3.0,"[2.0, 3.0, 2.5, 3.0, 3.0, 3.0, 2.5]",3.5,2,40.0
balefire_surge,Balefire Surge,"['hildryn', 'mod', 'warframe', 'augment', 'rare']",,0,4,0.0,0,10,13.5,0,3,13.3,10.0,10.0,"[9.0, 10.0, 10.0, 10.0, 10.0, 11.0, 10.0]",13.5,8,40.0
xiphos_engines_blueprint,Xiphos Engines Blueprint,['blueprint'],,0,0,0.0,0,0,0.0,0,1,40.0,40.0,30,"[30.0, 25.0, 45.0, 50.0, 30.0, 15.0, 40.0]",50.0,10,40.0
phoenix_renewal,Phoenix Renewal,"['mod', 'warframe', 'oberon', 'augment', 'rare']",,0,8,0.0,0,10,11.0,0,4,10.0,10.0,9.5,"[10.0, 9.0, 10.0, 10.0, 9.0, 10.0, 10.0]",12,5.0,40.0
medi_ray,Medi-Ray,"['mod', 'uncommon', 'sentinel', 'robotic']",,0,7,0.0,0,5,7.8,0,5,8.0,8.0,8.0,"[9.0, 7.5, 7.0, 6.5, 8.0, 8.0, 8.0]",10,6.0,40.0
trample,Trample,"['mod', 'rare', 'helminth charger', 'helminth_charger']",,0,2,0.0,0,8,17.5,0,2,20.0,20.0,10.0,"[7.0, 9.0, 10.0, 9.0, 10.0, 9.0, 20.0]",20.0,5,40.0
magus_husk,Magus Husk,"['common', 'arcane_enhancement']",,0,2,0.0,0,8,12.5,0,10,4.0,4.0,5,"[3, 5, 6, 10.0, 4.0]",10.0,3,40.0
meso_s4_relic,Meso S4 Relic,"['relic', 'meso']",,3,1,3.0,12,10,10.0,-2,1,10.0,20.0,13,"[13, 4, 15, 12, 19, 39.0, 20.0]",39.0,4,40.0
meso_p13_relic,Meso P13 Relic,"['meso', 'relic']",,1,1,1.0,6,7,7.0,1,6,3.3,4.0,4.0,"[5.0, 3.0, 5.0, 4.0, 3.0, 1.0, 4.0]",6,1.0,40.0
purgator_1_set,Purgator 1 Set,"['weapon', 'primary', 'set']",,0,6,0.0,0,20,28.0,0,2,20.0,20.0,24.0,"[22.5, 18.0, 20.0, 20.0, 25.0, 20.0, 20.0]",30.0,15,40.0
maries_room_scene,Marie's Room Scene,"['misc', 'scene']",,0,2,0.0,0,100,40.0,0,1,40.0,10.0,40.0,"[20, 40, 50, 40.0, 250.0, 40.0, 10.0]",250.0,10.0,40.0
meso_v13_relic,Meso V13 Relic,"['meso', 'relic']",,1,3,0.33,4,2,1.0,-2,33,0.9,0.8,1.0,"[1.0, 1.0, 0.67, 0.67, 0.58, 0.83, 0.83]",3,0.33,39.9
reflex_guard,Reflex Guard,"['mod', 'warframe', 'rare']",,1,15,0.07,2,3,3.6,1,12,3.1,2.5,3.0,"[3.0, 3.5, 3.0, 3.5, 3.0, 4.0, 2.5]",5.0,2,39.5
primary_dexterity,Primary Dexterity,"['arcane_enhancement', 'rare']",,0,25,0.0,0,1,1.0,0,37,1.1,1.0,1.0,"[1.0, 1.0, 1.0, 1.0, 1.0, 1.0, 1.0]",1,1,39.2
stalk,Stalk,"['mod', 'rare', 'kubrow', 'huras_kubrow']",,0,6,0.0,0,4,8.8,0,6,6.5,7.0,7.0,"[7.0, 8.0, 8.0, 7.0, 9.0, 10.0, 7.0]",10.0,4,39.0
hells_chamber,Hell's Chamber,"['shotgun', 'mod', 'rare', 'primary']",,0,22,0.0,0,2,2.0,0,12,3.2,2.0,2.0,"[2.0, 2.0, 2.0, 2.0, 2.0, 2.0, 2.0]",3,1.0,39.0
shimmering_blight,Shimmering Blight,"['mod', 'uncommon', 'stance', 'polearms']",,0,6,0.0,0,2,4.6,0,13,3.0,2.0,4.0,"[3.5, 3.5, 2.0, 3.0, 4.0, 3.0, 2.0]",5,2.0,39.0
expel_corrupted,Expel Orokin,"['mod', 'pistol', 'secondary', 'uncommon']",,0,1,0.0,0,25,25.0,0,2,19.5,20.0,19.0,"[20.0, 20.0, 20.0, 25.0, 25.0, 19.0, 20.0]",25.0,10,39.0
deep_freeze,Deep Freeze,"['mod', 'uncommon', 'pistol', 'secondary']",,0,3,0.0,0,5,6.7,0,10,3.9,3.0,4.0,"[5.0, 5.0, 4.5, 5.0, 4.0, 4.0, 3.0]",7.0,2,39.0
gorgon_wraith_barrel,Gorgon Wraith Barrel,"['component', 'weapon']",,0,9,0.0,0,4,6.4,0,9,4.3,5.0,4.0,"[4.0, 4.5, 5.0, 4.5, 5.0, 4.0, 5.0]",5,2.5,39.0
broken_war_set,Broken War Set,"['melee', 'weapon', 'set']",,0,11,0.0,0,4,6.0,0,9,4.3,4.5,5.0,"[4.0, 4.5, 5.0, 5.0, 3.5, 5.0, 4.5]",5,3,39.0
pathocyst_blueprint,Pathocyst Blueprint,"['weapon', 'melee', 'blueprint']",,0,9,0.0,0,5,5.8,0,9,4.3,4.0,4.0,"[5.0, 5.0, 4.5, 5.5, 4.0, 4.0, 4.0]",6,3.0,39.0
lith_d4_relic,Lith D4 Relic,"['relic', 'lith']",,2,1,2.0,6,3,3.0,-3,3,4.3,3.0,5,"[13.5, 21.0, 4.0, 4.0, 3.0, 7.0, 3.0]",21.0,3.0,39.0
boreals_anguish,Boreal's Anguish,"['mod', 'common', 'warframe']",,0,16,0.0,0,3,3.6,0,10,3.9,4.0,4.0,"[4.0, 4.0, 4.0, 4.5, 4.0, 4.0, 4.0]",5,3.0,39.0
byteryte,ByteRyte,"['mod', 'rare', 'parazon']",,0,3,0.0,0,5,7.0,0,8,4.9,5.0,5.0,"[5.0, 5.0, 5.0, 5.0, 5.0, 5.0, 5.0]",9.0,4.0,39.0
fort_tennadis_scene,Fort Tennadis Scene,['scene'],,0,1,0.0,0,95,95.0,0,1,38.8,10.0,38.8,"[50, 50, 37.5, 30.0, 40.0, 30.0, 10.0]",50,10.0,38.8
antimatter_absorb,Antimatter Absorb,"['mod', 'warframe', 'nova', 'augment', 'rare']",,0,11,0.0,0,10,10.2,0,4,9.5,10.0,9.0,"[9.5, 10.0, 9.0, 9.0, 9.0, 9.0, 10.0]",14,7,38.0
star_amarast,Star Amarast,['gem'],,0,5,0.0,0,8,9.2,0,42,0.9,0.8,1.0,"[1.0, 1.0, 1.25, 0.835, 1.0, 1.0, 0.83]",3,0.67,38.0
bright_purity,Bright Purity,"['syndicate', 'mod', 'melee', 'rare', 'skana']",,0,2,0.0,0,10,10.0,0,4,9.5,10.0,9.5,"[5.0, 10.0, 8.5, 13.0, 10.0, 10.0, 10.0]",14.0,5.0,38.0
ballistic_bullseye,Ballistic Bullseye,"['mod', 'warframe', 'mesa', 'augment', 'rare']",,0,8,0.0,0,9,11.0,0,4,9.5,10.0,10,"[10.0, 10.0, 8.0, 10.0, 10.0, 10.0, 10.0]",15,5,38.0
vexing_retaliation,Vexing Retaliation,"['chroma', 'mod', 'warframe', 'augment', 'rare']",,0,1,0.0,0,15,15.0,0,3,12.7,10.0,13,"[13.5, 14.0, 14.0, 10.0, 10.0, 15.0, 10.0]",15,8,38.0
defensive_fire,Defensive Fire,"['mod', 'rare', 'railjack']",,0,8,0.0,0,6,8.2,0,5,7.6,7.5,8.0,"[7.0, 8.0, 6.5, 6.0, 9.0, 8.0, 7.5]",10,5.0,38.0
primary_debilitate,Primary Debilitate,"['rare', 'arcane_enhancement']",,0,6,0.0,0,2,2.4,0,19,2.0,2.0,2.0,"[2.0, 2.0, 3.0, 2.0, 2.5, 2.0, 2.0]",3.0,1,38.0
sil_tabol,Sil-Tabol,"['mod', 'uncommon', 'any']",,0,6,0.0,0,6,9.2,0,6,6.3,7.0,6.8,"[7.0, 6.5, 6.5, 6.0, 7.0, 5.0, 7.0]",10,4,38.0
meso_p16_relic,Meso P16 Relic,"['meso', 'relic']",,2,5,0.4,6,3,2.0,-3,9,3.0,3.0,2.0,"[5.0, 2.0, 4.0, 3.0, 4.0, 1.5, 3.0]",5.0,1,37.8
neo_m2_relic,Neo M2 Relic,"['relic', 'neo']",,1,4,0.25,6,5,6.2,-1,6,5.0,5.0,4.0,"[4.0, 2.0, 5.0, 4.0, 4.67, 5.0, 5.0]",13.0,2,37.5
cold_snap,Cold Snap,"['itzal', 'mod', 'archwing', 'augment', 'rare']",,0,9,0.0,0,5,5.0,0,11,3.4,3.0,3.0,"[4.0, 4.0, 3.0, 4.0, 5.0, 3.5, 3.0]",5,1,37.0
negation_swarm,Negation Armor,"['mod', 'warframe', 'rare', 'augment', 'inaros']",,0,3,0.0,0,10,13.0,0,3,12.3,10.0,10.0,"[9.5, 10.0, 9.0, 5.0, 14.5, 15.0, 10.0]",15,5.0,37.0
pathocyst_subcortex,Pathocyst Subcortex,"['component', 'weapon']",,0,10,0.0,0,7,8.4,0,7,5.3,5.0,5.0,"[5.5, 5.0, 3.0, 4.0, 5.0, 5.0, 5.0]",8.0,3,37.0
epitaph_blueprint,Epitaph Blueprint,"['weapon', 'secondary', 'blueprint']",,0,7,0.0,0,4,5.8,0,8,4.6,4.5,4.5,"[4.0, 5.0, 4.0, 5.0, 5.0, 5.0, 4.5]",5,3,37.0
ghoulsaw_set,Ghoulsaw Set,"['melee', 'weapon', 'set']",,0,4,0.0,0,17,18.5,0,4,9.2,9.0,9.0,"[13.5, 18.0, 15.0, 10.5, 10.0, 10.0, 9.0]",18.0,7,37.0
daikyu_prime_blueprint,Daikyu Prime Blueprint,"['weapon', 'primary', 'prime', 'blueprint']",15,0,18,0.0,0,1,1.8,0,22,1.7,2.0,1.0,"[2.0, 2.0, 1.0, 1.0, 2.0, 2.0, 2.0]",2.5,1,37.0
primary_bulwark,Primary Bulwark,"['rare', 'arcane_enhancement']",,0,5,0.0,0,2,4.6,0,18,2.1,2.5,2.0,"[2.0, 2.0, 2.0, 2.0, 1.815, 3.0, 2.5]",3.5,1,37.0
empazu_shol,Empazu-Shol,"['mod', 'rare', 'any']",,0,5,0.0,0,5,4.0,0,8,4.6,4.5,4.0,"[4.0, 4.0, 4.0, 5.0, 5.0, 5.0, 4.5]",5.5,3,37.0
magus_cadence,Magus Cadence,"['uncommon', 'arcane_enhancement']",,1,7,0.14,12,4,7.8,-8,8,4.0,4.0,5,"[5.0, 5.0, 5.0, 4.0, 5.0, 5.0, 4.0]",6,3,36.6
lith_g14_relic,Lith G14 Relic,"['lith', 'relic']",,2,3,0.67,5,3,1.5,-2,13,1.7,1.5,1.5,"[2.0, 2.0, 2.0, 2.0, 2.0, 1.17, 1.5]",3,0.665,36.6
hornet_strike,Hornet Strike,"['mod', 'uncommon', 'pistol', 'secondary']",,1,6,0.17,2,2,5.6,0,7,4.4,4.5,3.0,"[3.0, 3.0, 2.0, 3.0, 2.0, 2.0, 4.5]",5,1.5,36.2
kinetic_diversion,Kinetic Diversion,"['mod', 'rare', 'archwing']",,0,11,0.0,0,6,7.4,0,5,7.2,7.0,5.5,"[9.0, 5.0, 6.0, 6.0, 7.5, 10.0, 7.0]",10.0,4,36.0
pax_seeker,Pax Seeker,"['rare', 'arcane_enhancement']",,0,2,0.0,0,8,9.0,0,4,9.0,9.0,7.0,"[6.5, 8.0, 8.0, 7.0, 7.5, 8.0, 9.0]",10,5,36.0
retrieve,Retrieve,"['mod', 'common', 'kubrow', 'chesa_kubrow']",,0,9,0.0,0,7,8.2,0,4,9.0,10.0,8.0,"[9.0, 8.5, 10.0, 10.0, 9.0, 7.0, 10.0]",10,6.0,36.0
gorgon_wraith_blueprint,Gorgon Wraith Blueprint,"['primary', 'weapon', 'blueprint']",,0,10,0.0,0,4,5.2,0,8,4.5,4.5,4.0,"[4.0, 5.0, 4.0, 4.0, 4.0, 3.5, 4.5]",6.0,2,36.0
meso_o4_relic,Meso O4 Relic,"['relic', 'meso']",,5,1,5.0,24,20,20.0,-4,1,6.0,5.5,5.8,"[5.0, 5.0, 5.0, 5.0, 5.0, 9.17, 5.5]",12,5,36.0
laetum_blueprint,Laetum Blueprint,"['secondary', 'weapon', 'blueprint']",,0,7,0.0,0,5,5.0,0,6,6.0,6.5,5.0,"[6.5, 5.0, 5.0, 5.5, 6.0, 5.0, 6.5]",10.0,3.0,36.0
axi_n8_relic,Axi N8 Relic,"['relic', 'axi']",,1,1,1.0,12,8,8.0,-4,3,6.0,5.0,5.0,"[7, 7, 5.0, 3.0, 5.0]",7,3.0,36.0
neo_a15_relic,Neo A15 Relic,"['neo', 'relic']",,1,1,1.0,6,3,3.0,-3,6,3.0,3.0,3,"[3.0, 1.0, 1.0, 3.0, 2.0, 3.0, 3.0]",4,1.0,36.0
lith_a12_relic,Lith A12 Relic,"['relic', 'lith']",,2,1,2.0,5,23,23.0,18,12,1.0,1.0,1.0,"[1.0, 0.83, 0.915, 1.0, 1.0, 0.83, 1.0]",25.0,0.83,36.0
wolf_sledge_head,Wolf Sledge Head,"['component', 'weapon']",,0,11,0.0,0,4,6.2,0,6,5.9,5.0,4.5,"[5.0, 5.0, 5.0, 5.0, 5.0, 5.0, 5.0]",7.0,3,35.5
napalm_grenades,Napalm Grenades,"['penta', 'mod', 'rare', 'primary']",,0,4,0.0,0,10,28.0,0,2,17.5,17.5,11.0,"[17.0, 15.0, 9.0, 10.0, 11.0, 15.0, 17.5]",18,6.5,35.0
entropy_spike,Entropy Spike,"['syndicate', 'secondary', 'mod', 'rare', 'bolto']",,0,0,0.0,0,0,0.0,0,3,11.7,10.0,9.0,"[5.0, 10.0, 7.0, 11.0, 8.0, 12.5, 10.0]",12.5,5,35.0
amesha_set,Amesha Set,"['set', 'archwing']",,0,7,0.0,0,35,88.2,0,1,35.0,35.0,47.0,"[35.0, 55.0, 57.0, 40.0, 40.0, 35.0, 35.0]",80.0,30.0,35.0
viral_quills,Viral Quills,"['mod', 'rare', 'kavat', 'panzer_vulpaphyla']",,0,3,0.0,0,9,9.3,0,4,8.8,9.0,8.0,"[7.5, 5.0, 7.0, 9.0, 7.5, 8.0, 9.0]",10,5.0,35.0
aero_agility,Aero Agility,"['mod', 'rare', 'primary', 'sniper']",,0,1,0.0,0,35,35.0,0,2,17.5,17.5,24.0,"[15.0, 15.0, 25.0, 25.0, 20.0, 15.0, 17.5]",48.5,10.0,35.0
necramech_augur,Necramech Augur,"['mod', 'uncommon', 'necramech']",,0,4,0.0,0,10,18.8,0,3,11.7,9.0,10.0,"[9.0, 12.0, 10.0, 10.0, 17.0, 13.5, 9.0]",17.0,5,35.0
damage_decoy,Damage Decoy,"['mod', 'rare', 'warframe', 'loki']",,0,4,0.0,0,14,18.2,0,3,11.7,11.5,13.5,"[13.0, 14.0, 15.0, 20.0, 10.0, 17.5, 11.5]",20.0,9,35.0
secondary_cryogenic,Secondary Cryogenic,"['rare', 'arcane_enhancement']",,0,14,0.0,0,2,2.8,0,14,2.5,3.0,4.0,"[3.0, 3.0, 2.5, 3.0, 3.0, 3.0, 3.0]",8.0,2.5,35.0
magnetic_claws,Magnetic Claws,"['mod', 'rare', 'melee', 'claws']",,0,11,0.0,0,1,1.8,0,14,2.5,2.0,2.0,"[2.0, 2.0, 2.0, 2.0, 2.0, 2.0, 2.0]",2.5,1.5,34.5
toxic_blight,Toxic Blight,"['syndicate', 'mod', 'melee', 'rare', 'mire']",,1,7,0.14,4,8,10.6,4,3,10.0,10.0,9.0,"[9.5, 10.0, 8.5, 9.0, 9.0, 9.0, 10.0]",11,7,34.3
goblite_tears,Goblite Tears,['gem'],,0,6,0.0,0,1,1.0,0,53,0.6,0.7,1,"[1.0, 0.835, 1.0, 0.665, 0.5, 0.67, 0.67]",1.0,0.5,34.1
entropy_burst,Entropy Burst,"['syndicate', 'mod', 'supra', 'rare', 'primary']",,0,2,0.0,0,14,14.5,0,3,11.3,10.0,9.0,"[14.0, 8.0, 8.0, 9.0, 5.0, 10.0, 10.0]",15.0,5.0,34.0
smite_infusion,Smite Infusion,"['mod', 'warframe', 'oberon', 'augment', 'rare']",,0,5,0.0,0,14,15.6,0,3,11.3,14.0,10.0,"[10.0, 10.0, 10.5, 13.5, 10.0, 10.0, 14.0]",20.0,9,34.0
link_fiber,Link Fiber,"['mod', 'uncommon', 'sentinel', 'companion']",,0,7,0.0,0,5,6.0,0,7,4.9,5.0,5,"[5.0, 4.0, 5.0, 4.0, 5.0, 5.0, 5.0]",5.0,3.0,34.0
hallowed_eruption,Hallowed Eruption,"['mod', 'warframe', 'oberon', 'augment', 'rare']",,0,5,0.0,0,10,14.0,0,3,11.3,10.0,10.0,"[10.0, 12.0, 11.0, 10.0, 10.0, 10.0, 10.0]",15,8,34.0
dispatch_overdrive,Dispatch Overdrive,"['mod', 'melee', 'uncommon']",,0,9,0.0,0,2,3.0,0,13,2.6,3.0,2.5,"[1.0, 2.5, 3.0, 2.0, 2.0, 2.0, 3.0]",5.0,1.0,34.0
collision_force,Collision Force,"['mod', 'melee', 'rare']",,0,12,0.0,0,4,4.8,0,6,5.7,4.5,5.0,"[4.0, 5.0, 5.0, 5.0, 4.5, 5.0, 4.5]",7.0,3,34.0
tek_gravity,Tek Gravity,"['mod', 'melee', 'rare']",,0,13,0.0,0,3,3.6,0,8,4.2,4.0,5.0,"[4.0, 3.0, 4.0, 4.0, 5.0, 4.0, 4.0]",10.0,3.0,34.0
sapcaddy,Sapcaddy,['fish'],,0,11,0.0,0,1,1.2,0,30,1.1,1.0,1.4,"[2.0, 1.83, 1.83, 1.5, 1.5, 1.0, 1.0]",3.5,1,34.0
arcane_consequence,Arcane Consequence,['arcane_enhancement'],,0,6,0.0,0,3,3.4,0,16,2.1,3.0,2.0,"[1.5, 3.0, 3.0, 2.0, 2.5, 2.0, 3.0]",3.5,1.0,33.0
sweeping_serration,Sweeping Serration,"['shotgun', 'mod', 'rare', 'primary']",,0,7,0.0,0,5,8.6,0,4,8.2,8.5,7.0,"[8.0, 7.0, 7.5, 7.0, 10.0, 7.5, 8.5]",10.0,5,33.0
gladiator_aegis,Gladiator Aegis,"['mod', 'common', 'warframe']",,0,12,0.0,0,3,4.0,0,9,3.7,3.5,4,"[4.0, 4.0, 4.0, 4.0, 4.0, 3.5, 3.5]",5,2.0,33.0
rift_haven,Rift Haven,"['mod', 'warframe', 'limbo', 'augment', 'rare']",,0,2,0.0,0,9,11.5,0,2,16.5,15.0,14,"[15.0, 13.0, 14.0, 15.0, 15.0, 14.0, 15.0]",18.0,9.5,33.0
spira_prime_blueprint,Spira Prime Blueprint,"['weapon', 'prime', 'secondary', 'blueprint']",15,0,10,0.0,0,4,6.0,0,7,4.7,5.0,5,"[5.0, 4.5, 5.0, 4.0, 5.0, 4.5, 5.0]",6.0,2.5,33.0
neo_p1_relic,Neo P1 Relic,"['relic', 'neo']",,1,0,10.0,6,0,0.0,0,1,3.0,3.0,4,"[5, 5, 3.0, 4.0, 4.0, 3.0, 3.0]",5,3.0,33.0
perigale_receiver,Perigale Receiver,"['component', 'weapon']",,0,12,0.0,0,3,3.8,0,10,3.3,3.0,3.0,"[3.5, 3.0, 3.0, 3.0, 4.0, 3.0, 3.0]",5,2,33.0
axi_y3_relic,Axi Y3 Relic,"['axi', 'relic']",,1,0,10.0,12,0,0.0,0,1,3.0,3.0,3.0,"[2.17, 3.0, 2.0, 3.0, 1.33, 1.67, 3.0]",6.0,1.0,33.0
neo_y1_relic,Neo Y1 Relic,"['relic', 'neo']",,2,5,0.4,6,3,9.4,-3,10,2.3,2.2,3.5,"[2.0, 2.0, 2.5, 2.0, 1.17, 1.67, 2.25]",9.5,1.17,32.2
morphic_transformer,Morphic Transformer,"['mod', 'archwing', 'rare']",,0,6,0.0,0,7,9.4,0,6,5.3,6.5,5.0,"[4.5, 5.0, 5.0, 5.0, 4.5, 5.0, 6.5]",6.5,3,32.0
blinding_reave,Blinding Reave,"['mod', 'warframe', 'revenant', 'augment', 'rare']",,0,5,0.0,0,10,15.0,0,3,10.7,10.0,12.0,"[13.0, 11.5, 12.0, 11.5, 10.0, 12.0, 10.0]",15,8.0,32.0
catapult,Catapult,"['grendel', 'mod', 'warframe', 'augment', 'rare']",,0,4,0.0,0,14,15.5,0,3,10.7,11.0,10.0,"[10.0, 11.0, 11.5, 9.0, 11.5, 10.0, 11.0]",15.0,9.0,32.0
magus_cloud,Magus Cloud,"['uncommon', 'arcane_enhancement']",,0,5,0.0,0,4,4.4,0,8,4.0,4.0,4.0,"[4.0, 3.83, 4.0, 4.0, 4.5, 4.5, 4.0]",5.0,3.0,32.0
arcane_rise,Arcane Rise,"['rare', 'arcane_enhancement']",,0,6,0.0,0,2,2.8,0,13,2.5,4.0,2.5,"[2.5, 2.0, 2.0, 2.0, 2.0, 2.0, 4.0]",5,2.0,32.0
metamorphic_magazine,Metamorphic Magazine,"['mod', 'rare', 'primary', 'gorgon']",,0,4,0.0,0,9,15.2,0,3,10.7,11.0,14.0,"[9.0, 9.0, 10.0, 9.0, 10.5, 9.5, 11.0]",22.5,9.0,32.0
meso_b9_relic,Meso B9 Relic,"['relic', 'meso']",,2,2,1.0,6,10,3.75,4,4,4.0,2.0,3.8,"[2.0, 4.0, 3.0, 2.0, 2.5, 2.0, 2.0]",5,2,32.0
riot_848_stock,Riot-848 Stock Blueprint,"['weapon', 'component', 'blueprint']",,0,3,0.0,0,6,7.3,0,4,8.0,8.0,8,"[7.0, 6.0, 9.0, 8.5, 9.0, 8.0, 8.0]",10.0,4.0,32.0
lith_o1_relic,Lith O1 Relic,"['relic', 'lith']",,2,3,0.67,18,5,7.7,-13,6,3.2,3.2,5.0,"[3.17, 5.0, 5.0, 8.0, 7.0, 10.0, 3.17]",10.0,3.17,31.7
gorgon_wraith_receiver,Gorgon Wraith Receiver,"['component', 'weapon']",,0,5,0.0,0,8,10.8,0,7,4.4,5.0,4.0,"[5.0, 5.0, 5.0, 3.0, 4.5, 3.0, 5.0]",5,3,31.0
handspring,Handspring,"['mod', 'warframe', 'rare']",,0,7,0.0,0,4,5.2,0,7,4.4,4.0,4.0,"[4.0, 4.0, 4.0, 4.0, 4.0, 5.0, 4.0]",5,3,31.0
mantis_avionics_blueprint,Mantis Avionics Blueprint,['blueprint'],,0,11,0.0,0,5,5.0,0,8,3.9,3.5,4.5,"[4.5, 4.0, 4.5, 4.5, 4.5, 4.0, 3.5]",5.0,3.0,31.0
madurai_transmute_core,Madurai Transmute Core,"['mod', 'rare']",,0,2,0.0,0,8,10.0,0,2,15.5,15.5,10.0,"[12.5, 8.0, 5.0, 5.0, 10.0, 25.0, 15.5]",25.0,1,31.0
echowinder,Echowinder,['fish'],,0,9,0.0,0,1,3.0,0,21,1.5,1.8,1.8,"[1.915, 1.75, 1.67, 1.67, 2.0, 1.0, 1.83]",2.0,1,31.0
wrath_of_ukko,Wrath Of Ukko,"['kullervo', 'mod', 'warframe', 'augment', 'rare']",,0,8,0.0,0,10,12.8,0,3,10.3,12.0,10.0,"[12.0, 10.0, 13.0, 10.0, 10.0, 10.0, 12.0]",14.0,8,31.0
requiem_ii_relic,Requiem II Relic,"['relic', 'requiem']",,0,8,0.0,0,1,1.4,0,36,0.9,1.0,1,"[0.75, 0.83, 1.0, 1.0, 0.83, 0.83, 1.0]",3,0.5,30.9
barbisteo,Barbisteo,['fish'],,0,8,0.0,0,1,2.2,0,36,0.9,0.9,1.0,"[0.83, 0.83, 1.0, 1.0, 1.0, 1.0, 0.915]",2,0.83,30.9
meso_v15_relic,Meso V15 Relic,"['relic', 'meso']",,2,5,0.4,4,1,1.335,-3,12,1.8,1.1,1.3,"[0.33, 1.0, 1.17, 0.835, 1.165, 1.83, 1.08]",3,0.33,30.7
gleaming_blight,Gleaming Blight,"['syndicate', 'mod', 'melee', 'rare', 'dark_dagger']",,0,6,0.0,0,10,12.4,0,3,10.0,10.0,9.5,"[9.0, 10.0, 10.0, 10.0, 9.5, 10.0, 10.0]",15,5,30.0
trail_blazer,Trail Blazer,"['mod', 'common', 'k_drive']",,0,0,0.0,0,0,0.0,0,2,15.0,17.0,20,"[22, 15, 20.0, 17.0, 20.0, 20.0, 17.0]",25.0,5,30.0
mag_locks,Mag Locks,"['mod', 'common', 'k_drive']",,0,1,0.0,0,20,20.0,0,2,15.0,20.0,16.5,"[20.0, 20.0, 10.0, 15.0, 16.0, 10.0, 20.0]",20,5,30.0
resonating_quake,Resonating Quake,"['mod', 'warframe', 'banshee', 'augment', 'rare']",,0,3,0.0,0,14,16.0,0,2,15.0,15.0,15.0,"[15.0, 15.0, 15.0, 15.0, 15.0, 15.0, 15.0]",19.0,10,30.0
life_strike,Life Strike,"['mod', 'melee', 'rare']",,0,11,0.0,0,3,3.8,0,10,3.0,3.0,3,"[3.0, 3.0, 3.0, 5.0, 3.0, 3.0, 3.0]",5.0,2,30.0
orthos_prime_handle,Orthos Prime Handle,"['component', 'weapon', 'prime']",15,0,9,0.0,0,1,3.0,0,15,2.0,2.0,2.5,"[2.0, 2.5, 2.0, 2.0, 2.0, 2.0, 2.0]",4.0,2.0,30.0
precision_strike,Precision Strike,"['tonkor', 'mod', 'rare', 'primary']",,0,3,0.0,0,20,12.25,0,2,15.0,15.0,12.2,"[11.0, 12.0, 10.5, 15.0, 14.5, 15.0, 15.0]",20,8,30.0
necramech_pressure_point,Necramech Pressure Point,"['mod', 'rare', 'necramech']",,0,5,0.0,0,10,19.0,0,2,15.0,15.0,15.0,"[11.0, 13.0, 14.0, 15.0, 15.0, 15.0, 15.0]",20,11.0,30.0
endoparasitic_vector,Endoparasitic Vector,"['mod', 'rare', 'kubrow', 'pharaoh_predasite']",,0,0,0.0,0,0,0.0,0,2,15.0,15.0,10.0,"[10, 10.0, 20.0, 10.0, 19.0, 7.0, 15.0]",20,7,30.0
recharge_barrier,Recharge Barrier,"['mod', 'warframe', 'augment', 'rare', 'volt']",,0,2,0.0,0,10,15.0,0,3,10.0,10.0,10.0,"[9.5, 7.0, 9.5, 10.0, 10.0, 10.0, 10.0]",15.0,5,30.0
damaged_necramech_weapon_set,Damaged Necramech Weapon Set,"['necramech', 'weapon', 'set']",,0,1,0.0,0,280,280.0,0,2,15.0,15.0,15.0,"[10.0, 10.0, 15.0, 15.0, 10.0, 15.0, 15.0]",40,10.0,30.0
slicing_feathers,Slicing Feathers,"['mod', 'stance', 'warfans', 'rare']",,0,10,0.0,0,4,4.4,0,8,3.8,4.0,4.0,"[5.0, 5.0, 5.0, 5.0, 4.0, 5.0, 4.0]",9.0,3.0,30.0
sheev_blueprint,Sheev Blueprint,"['weapon', 'melee', 'blueprint']",,0,4,0.0,0,12,10.0,0,3,10.0,1.0,10.0,"[8.0, 10.0, 10.0, 10.0, 10.0, 10.0, 1.0]",14,1.0,30.0
voidrig_weapon_pod,Voidrig Weapon Pod,"['component', 'necramech']",,0,1,0.0,0,45,45.0,0,1,30.0,30.0,32.5,"[35.0, 40.0, 25.0, 29.5, 31.0, 35.0, 30.0]",40,20.0,30.0
axi_n1_relic,Axi N1 Relic,"['relic', 'axi']",,2,1,2.0,12,10,10.0,-2,1,10.0,10.0,10.0,"[10.0, 2.0, 10.0, 10.0, 15.0, 18.0, 10.0]",30,2.0,30.0
meso_k2_relic,Meso K2 Relic,"['relic', 'meso']",,5,1,5.0,30,11,11.0,-19,1,5.0,5.0,6,"[5.0, 8.0, 5.0, 6.0, 8.5, 8.0, 5.0]",10.5,5,30.0
meso_d4_relic,Meso D4 Relic,"['relic', 'meso']",,2,1,2.0,18,5,5.0,-13,2,5.0,5.0,4.0,"[3.0, 4.0, 3.0, 4.0, 5.0, 6.0, 5.0]",9.0,3,30.0
lith_a2_relic,Lith A2 Relic,"['relic', 'lith']",,2,1,2.0,18,5,5.0,-13,2,5.0,5.0,5.0,"[5.0, 5.0, 4.0, 5.0, 4.0, 4.0, 5.0]",9,2,30.0
tink,Tink,['fish'],,0,5,0.0,0,1,1.0,0,30,1.0,1.0,1.0,"[1.0, 1.0, 1.0, 1.335, 1.0, 1.67, 1.0]",2,1,30.0
lith_k9_relic,Lith K9 Relic,"['relic', 'lith']",,2,1,2.0,6,10,10.0,4,1,10.0,10.0,6,"[10.0, 4.0, 9.0, 10.0, 10.0, 10.0, 10.0]",15.0,4,30.0
meso_p12_relic,Meso P12 Relic,"['meso', 'relic']",,4,1,4.0,18,15,15.0,-3,1,6.0,6.0,7.0,"[6, 6, 15.0, 13.0, 15.0, 8.0, 6.0]",15.0,6,30.0
lith_w3_relic,Lith W3 Relic,"['relic', 'lith']",,2,2,1.0,6,6,8.0,0,6,2.5,3.0,3.5,"[4.0, 5.0, 3.0, 3.0, 2.0, 3.0, 3.0]",6,2,30.0
damzav_vati,Damzav-Vati,"['mod', 'rare', 'secondary', 'akbronco_prime']",,1,10,0.1,5,14,15.0,9,2,13.5,13.5,12.0,"[10.0, 15.0, 15.0, 12.0, 15.0, 12.0, 13.5]",20,9,29.7
physique,Physique,"['mod', 'aura', 'uncommon']",,0,9,0.0,0,4,6.0,0,6,4.9,7.0,5.5,"[4.0, 5.0, 6.0, 4.0, 5.0, 4.5, 7.0]",8.5,4.0,29.5
kitgun_riven_mod_(veiled),Kitgun Riven Mod (Veiled),"['mod', 'riven_mod', 'common', 'veiled_riven']",,0,21,0.0,0,1,1.4,0,19,1.5,2.0,2.0,"[2.0, 2.0, 1.0, 2.0, 1.0, 1.0, 2.0]",3.0,1,29.0
beguiling_lantern,Beguiling Lantern,"['mod', 'warframe', 'titania', 'augment', 'rare']",,0,6,0.0,0,10,13.0,0,3,9.7,9.5,10.0,"[10.0, 10.0, 13.0, 12.0, 10.0, 10.0, 9.5]",13,6.5,29.0
rifle_scavenger,Rifle Scavenger,"['mod', 'aura', 'uncommon']",,0,1,0.0,0,12,12.0,0,3,9.7,9.0,10.0,"[9.0, 10.0, 12.0, 8.0, 10.0, 11.0, 9.0]",17.0,8.0,29.0
sequence_burn,Sequence Burn,"['syndicate', 'secondary', 'mod', 'rare', 'spectra']",,0,1,0.0,0,19,19.0,0,2,14.5,14.5,10.0,"[5.0, 10.0, 14.0, 15.0, 15.0, 16.0, 14.5]",20,5.0,29.0
howl,Howl,"['mod', 'rare', 'kubrow', 'raksa_kubrow']",,0,11,0.0,0,4,4.8,0,9,3.2,3.0,4.5,"[3.5, 4.0, 4.5, 5.0, 4.0, 5.0, 3.0]",7.0,2.0,29.0
arcane_phantasm,Arcane Phantasm,"['uncommon', 'arcane_enhancement']",,0,5,0.0,0,2,3.6,0,13,2.2,5.0,2.5,"[3.0, 3.0, 2.0, 2.0, 3.0, 2.0, 5.0]",5,1,29.0
sporothrix_stock,Sporothrix Stock,"['component', 'weapon']",,0,2,0.0,0,60,79.5,0,3,9.7,10.0,10.0,"[9.0, 9.0, 9.0, 9.0, 9.0, 9.0, 10.0]",15,8.0,29.0
seonn,Seonn,['fish'],,0,4,0.0,0,5,14.8,0,1,29.0,29.0,15.0,"[10, 1, 15.0, 7.0, 50.0, 20.0, 29.0]",50.0,1,29.0
hok_kaal,Hok-Kaal,"['mod', 'common', 'any']",,0,3,0.0,0,5,6.7,0,7,4.1,4.0,4.0,"[2.5, 5.0, 5.0, 3.0, 2.0, 4.5, 4.0]",6.5,2,29.0
power_of_three,Power Of Three,"['ivara', 'mod', 'warframe', 'augment', 'rare']",,0,2,0.0,0,11,15.5,0,3,9.5,7.0,7.5,"[7.0, 9.5, 5.0, 6.0, 7.0, 10.0, 7.0]",14.0,3,28.5
tranquil_cleave,Tranquil Cleave,"['mod', 'rare', 'stance', 'nikanas']",,0,11,0.0,0,4,4.6,0,8,3.5,4.5,4.0,"[4.0, 4.0, 4.0, 4.0, 3.0, 3.0, 4.5]",6.0,2,28.0
entropy_detonation,Entropy Detonation,"['syndicate', 'mod', 'melee', 'rare', 'obex']",,0,7,0.0,0,10,13.0,0,3,9.3,10.0,11.0,"[10.0, 9.5, 9.0, 11.0, 10.0, 10.0, 10.0]",20.0,5,28.0
snipetron_vandal_blueprint,Snipetron Vandal Blueprint,"['weapon', 'primary', 'blueprint']",,0,9,0.0,0,5,7.2,0,5,5.6,7.0,5.0,"[5.0, 5.0, 5.0, 5.0, 3.0, 5.0, 7.0]",10,3.0,28.0
synth_charge,Synth Charge,"['mod', 'pistol', 'secondary', 'rare']",,0,12,0.0,0,3,7.2,0,5,5.6,5.0,6.0,"[5.5, 5.0, 5.0, 5.0, 5.0, 5.0, 5.0]",9.0,5,28.0
axi_t6_relic,Axi T6 Relic,"['relic', 'axi']",,1,1,1.0,12,14,14.0,2,1,14.0,10.0,10.0,"[6, 10.0, 8.0, 8.0, 8.0, 25.0, 10.0]",25.0,6,28.0
repair_dispensary,Repair Dispensary,"['mod', 'warframe', 'protea', 'augment', 'rare']",,0,5,0.0,0,6,13.2,0,2,14.0,14.0,10,"[10.0, 10.0, 10.0, 10.5, 10.0, 10.0, 14.0]",15,5.0,28.0
garmr_core_blueprint,Garmr Core Blueprint,"['blueprint', 'secondary', 'hound']",,0,5,0.0,0,15,27.0,0,2,14.0,13.0,13.0,"[15.0, 15.0, 15.0, 15.0, 15.0, 16.0, 13.0]",17.5,8,28.0
null_audit,Null Audit,"['mod', 'rare', 'sentinel', 'hound']",,0,3,0.0,0,10,12.7,0,3,9.3,9.0,9.0,"[9.5, 10.0, 9.0, 10.0, 10.0, 9.5, 9.0]",10,7.5,28.0
eleventh_storm,Eleventh Storm,"['mod', 'uncommon', 'stance', 'sword_and_shield']",,0,8,0.0,0,4,5.0,0,7,3.9,4.0,4.0,"[3.5, 5.0, 4.0, 4.5, 5.0, 4.0, 4.0]",5,2,27.0
fanged_fusillade,Fanged Fusillade,"['mod', 'rare', 'rifle', 'primary']",,0,10,0.0,0,5,10.0,0,3,9.0,9.0,8,"[8.0, 8.0, 9.0, 7.0, 8.0, 8.0, 9.0]",10,5.0,27.0
dera_vandal_blueprint,Dera Vandal Blueprint,"['primary', 'weapon', 'blueprint']",,0,4,0.0,0,9,11.0,0,3,9.0,9.5,9.0,"[9.0, 8.5, 10.0, 9.5, 7.5, 9.0, 9.5]",10.5,7,27.0
laser_sight,Laser Sight,"['shotgun', 'mod', 'uncommon', 'primary']",,0,3,0.0,0,8,9.3,0,6,4.5,5.0,5,"[6.0, 4.0, 4.0, 4.5, 4.0, 4.0, 5.0]",10,2.0,27.0
fomorian_accelerant,Fomorian Accelerant,"['mod', 'uncommon', 'primary', 'drakgoon']",,0,14,0.0,0,3,5.8,0,4,6.8,7.0,7.0,"[8.0, 7.0, 5.0, 6.0, 7.0, 4.5, 7.0]",10,4.0,27.0
hushed_invisibility,Hushed Invisibility,"['mod', 'warframe', 'augment', 'loki', 'rare']",,0,5,0.0,0,10,16.0,0,3,9.0,9.5,10.0,"[9.0, 10.0, 10.0, 10.0, 11.0, 8.0, 9.5]",14.5,8,27.0
hellfire,Hellfire,"['mod', 'uncommon', 'rifle', 'primary']",,0,5,0.0,0,2,3.8,0,7,3.9,4.5,3.0,"[3.0, 3.0, 3.0, 3.5, 2.5, 4.0, 4.5]",4.5,2,27.0
deadly_sequence,Deadly Sequence,"['syndicate', 'mod', 'grinlok', 'rare', 'primary']",,0,4,0.0,0,6,15.2,0,2,13.5,12.0,10,"[5.0, 11.0, 9.0, 10.0, 10.0, 15.0, 12.0]",16.5,5.0,27.0
hard_reset,Hard Reset,"['mod', 'rare', 'parazon']",,0,13,0.0,0,7,7.6,0,4,6.8,8.0,7.0,"[8.0, 6.5, 7.0, 7.0, 6.0, 6.0, 8.0]",10.0,3.0,27.0
atomic_fallout,Atomic Fallout,"['mod', 'rare', 'primary', 'shotgun']",,0,18,0.0,0,2,2.0,0,11,2.5,2.0,2.0,"[2.0, 2.0, 2.0, 2.0, 2.0, 2.0, 2.0]",3.5,2.0,27.0
focus_radon,Focus Radon,"['mod', 'rare', 'melee']",,0,12,0.0,0,2,2.6,0,12,2.2,3.0,3.0,"[2.0, 2.0, 2.0, 2.0, 2.0, 2.0, 3.0]",5.0,2.0,27.0
lith_l7_relic,Lith L7 Relic,"['relic', 'lith']",,4,2,2.0,6,6,2.0,0,3,3.0,3.0,2.0,"[5.0, 1.0, 4.5, 3.0, 6.0, 2.0, 3.0]",6.0,1,27.0
catalyzer_link,Catalyzer Link,"['common', 'mod', 'rifle', 'primary']",,0,10,0.0,0,5,5.2,0,5,5.2,4.5,4.2,"[4.0, 3.0, 3.0, 4.0, 5.0, 8.0, 4.5]",8.0,2,26.0
chilling_globe,Chilling Globe,"['mod', 'warframe', 'augment', 'rare', 'frost']",,0,11,0.0,0,9,9.6,0,3,8.7,9.0,9.0,"[9.0, 8.5, 10.0, 9.0, 8.0, 8.0, 9.0]",13.0,6,26.0
partitioned_mallet,Partitioned Mallet,"['mod', 'warframe', 'rare', 'augment', 'octavia']",,0,3,0.0,0,14,16.3,0,2,13.0,14.0,13,"[12.0, 10.0, 11.0, 14.0, 13.0, 12.0, 14.0]",15,9,26.0
panzer_devolution,Panzer Devolution,"['mod', 'rare', 'kavat', 'panzer_vulpaphyla']",,0,3,0.0,0,8,8.7,0,3,8.7,9.0,8.0,"[9.0, 7.5, 8.0, 8.0, 9.0, 8.0, 9.0]",10,5.0,26.0
shatter_burst,Shatter Burst,"['railjack', 'common', 'mod']",,0,4,0.0,0,4,4.8,0,7,3.7,3.0,4.0,"[3.0, 4.0, 4.0, 4.0, 5.0, 4.0, 3.0]",6.0,3.0,26.0
necramech_hydraulics,Necramech Hydraulics,"['mod', 'uncommon', 'necramech']",,0,5,0.0,0,5,7.8,0,3,8.7,8.5,7.0,"[9.0, 8.0, 6.5, 7.0, 7.0, 7.0, 8.5]",10.0,4,26.0
meso_n9_relic,Meso N9 Relic,"['relic', 'meso']",,1,1,1.0,6,6,6.0,0,3,4.3,5.0,4.5,"[1.67, 5.0, 5.0, 5.0, 5.0, 3.0, 5.0]",10,1.67,26.0
metem_erun,Metem-Erun,"['mod', 'rare', 'any']",,0,7,0.0,0,5,5.4,0,6,4.3,4.0,4.0,"[5.0, 5.0, 4.0, 3.0, 5.0, 5.0, 4.0]",7,2.0,26.0
vikla_safor,Vikla-Safor,"['mod', 'common', 'any']",,0,7,0.0,0,5,6.8,0,7,3.7,3.0,4.0,"[4.5, 5.0, 3.5, 4.0, 4.0, 5.0, 3.0]",5.0,2,26.0
lith_n19_relic,Lith N19 Relic,"['lith', 'relic']",,11,2,5.5,20,4,4.5,-16,1,4.0,4.0,3.0,"[4.335, 4.0, 5.0, 5.0, 2.835, 4.0, 4.0]",5,1,26.0
lobotriscid,Lobotriscid,['fish'],,0,8,0.0,0,1,2.2,0,29,0.9,1.0,1.0,"[1.0, 1.0, 1.0, 0.67, 1.0, 1.0, 1.0]",2,0.67,25.9
spectra_vandal_blueprint,Spectra Vandal Blueprint,"['weapon', 'modular', 'secondary', 'blueprint']",,1,13,0.08,5,5,7.6,0,3,8.0,8.0,8.0,"[7.5, 8.0, 9.5, 9.0, 8.0, 8.0, 8.0]",10,5.5,25.8
neo_t11_relic,Neo T11 Relic,"['relic', 'neo']",,2,5,0.4,6,3,2.0,-3,6,3.0,3.0,2.0,"[2.0, 2.0, 2.0, 2.0, 3.0, 1.0, 3.0]",3.0,1.0,25.2
charged_shell,Charged Shell,"['shotgun', 'mod', 'uncommon', 'primary']",,0,6,0.0,0,4,4.8,0,7,3.6,3.0,3.0,"[3.0, 1.0, 1.5, 3.0, 2.0, 2.0, 3.0]",5,1.0,25.0
rapid_resilience,Rapid Resilience,"['mod', 'warframe', 'rare']",,0,8,0.0,0,4,5.4,0,6,4.2,4.0,4,"[4.0, 3.0, 4.0, 5.0, 5.0, 4.5, 4.0]",5,2,25.0
cetus_scene,Cetus Scene,"['scene', 'misc']",,0,3,0.0,0,50,25.0,0,1,25.0,25.0,25.0,"[40, 80.0, 20.0, 40.0, 50.0, 15.0, 25.0]",80,15,25.0
mawfish,Mawfish,['fish'],,0,3,0.0,0,1,2.0,0,25,1.0,1.0,2.0,"[2.0, 3.0, 3.0, 3.0, 3.0, 1.665, 1.0]",7.0,1,25.0
malicious_code,Malicious Code,"['mod', 'rare', 'parazon']",,0,9,0.0,0,5,9.0,0,3,8.3,9.0,7.5,"[7.0, 7.0, 6.0, 5.0, 7.5, 8.0, 9.0]",10.0,5,25.0
amars_contempt,Amar's Contempt,"['mod', 'rare', 'melee', 'dual_daggers']",,0,17,0.0,0,4,4.2,0,6,4.2,4.0,4.0,"[5.0, 5.0, 3.0, 4.0, 4.0, 2.0, 4.0]",5,2.0,25.0
zariman_angel_roost_scene,Zariman Angel Roost Scene,['scene'],,0,4,0.0,0,20,42.2,0,1,25.0,25.0,21.0,"[60.0, 16.0, 20.0, 225.0, 45.0, 27.5, 25.0]",230.0,10,25.0
perigale_stock,Perigale Stock,"['component', 'weapon']",,0,8,0.0,0,3,5.2,0,9,2.8,3.0,3.0,"[3.0, 3.0, 3.0, 2.5, 3.0, 3.5, 3.0]",5,1.5,25.0
xiran,Xiran,['fish'],,0,5,0.0,0,10,14.0,0,1,25.0,8.0,25.0,"[150, 10, 15.0, 25.0, 25.0, 25.0, 8.0]",150,8.0,25.0
axi_y1_relic,Axi Y1 Relic,"['relic', 'axi']",,2,3,0.67,12,4,3.0,-8,6,2.5,3.0,3.0,"[2.0, 2.0, 1.33, 1.33, 1.33, 2.0, 3.0]",5,1.33,25.0
duviri_throne_room_scene,Duviri Throne Room Scene,"['misc', 'scene']",,0,0,0.0,0,0,0.0,0,2,12.5,12.5,20,"[25, 10.0, 50.0, 30.0, 20.0, 10.0, 12.5]",50.0,10.0,25.0
gorgon_wraith_stock,Gorgon Wraith Stock,"['component', 'weapon']",,0,7,0.0,0,7,8.4,0,6,4.0,3.5,5.0,"[5.0, 5.0, 5.0, 5.0, 5.0, 4.0, 3.5]",5,2.5,24.0
bore,Bore,"['mod', 'rare', 'pistol', 'secondary']",,0,5,0.0,0,9,12.4,0,3,8.0,8.0,8.5,"[10.0, 9.0, 9.0, 9.0, 10.0, 10.0, 8.0]",12.0,6,24.0
stunning_speed,Stunning Speed,"['mod', 'rare', 'pistol', 'secondary']",,0,11,0.0,0,3,3.0,0,9,2.7,2.5,2.5,"[3.0, 2.0, 3.0, 2.0, 3.0, 3.5, 2.5]",3.5,2,24.0
homing_fang,Homing Fang,"['mod', 'uncommon', 'stance', 'daggers']",,0,2,0.0,0,5,7.5,0,6,4.0,4.0,4.0,"[4.0, 3.0, 4.0, 3.0, 4.0, 4.0, 4.0]",7.0,2,24.0
stropha_stock,Stropha Stock,"['component', 'weapon']",,0,9,0.0,0,2,3.2,0,12,2.0,2.0,2,"[2.0, 1.0, 2.0, 2.0, 2.0, 2.0, 2.0]",3.5,1,24.0
fang_prime_blueprint,Fang Prime Blueprint,"['weapon', 'prime', 'melee', 'blueprint']",15,0,15,0.0,0,1,2.0,0,15,1.6,2.0,2.0,"[1.0, 2.0, 2.0, 1.0, 2.0, 2.0, 2.0]",3,1.0,24.0
ammo_chain,Ammo Chain,"['uncommon', 'primary', 'mod', 'archwing', 'archgun']",,0,10,0.0,0,5,6.2,0,6,4.0,3.0,4.0,"[4.5, 4.5, 4.0, 4.0, 5.0, 5.0, 3.0]",10,2,24.0
axi_v9_relic,Axi V9 Relic,"['relic', 'axi']",,6,2,3.0,36,12,16.0,-24,1,6.0,6.0,10,"[11.0, 12.0, 10.0, 15.0, 8.0, 7.0, 6.0]",15,6.0,24.0
meso_c3_relic,Meso C3 Relic,"['relic', 'meso']",,1,1,1.0,6,12,12.0,6,1,12.0,12.0,11.0,"[10, 18, 8, 10.0, 15.0, 12.0]",18,8,24.0
meso_b1_relic,Meso B1 Relic,"['relic', 'meso']",,4,2,2.0,18,10,10.0,-8,1,8.0,8.0,8.0,"[8.0, 7.0, 6.0, 6.0, 7.0, 8.0, 8.0]",15,5,24.0
lith_c2_relic,Lith C2 Relic,"['relic', 'lith']",,1,1,1.0,6,8,8.0,2,3,4.0,4.0,4.0,"[4.0, 4.0, 4.0, 3.0, 6.5, 4.0, 4.0]",7.0,3,24.0
lith_r1_relic,Lith R1 Relic,"['relic', 'lith']",,2,1,2.0,18,15,15.0,-3,1,8.0,8.0,9.0,"[8, 12.0, 10.0, 8.0]",12.0,8,24.0
emergence_savior,Emergence Savior,"['rare', 'arcane_enhancement']",,0,14,0.0,0,2,2.0,0,12,2.0,2.0,2.0,"[2.0, 2.0, 2.0, 2.0, 2.0, 2.0, 2.0]",2.5,1,24.0
sarofang_handle,Sarofang Handle,"['component', 'weapon']",,0,11,0.0,0,3,3.6,0,7,3.4,4.0,3.5,"[3.0, 4.0, 3.0, 3.0, 4.0, 3.5, 4.0]",5.0,2.0,24.0
inaak,Inaak,['fish'],,0,3,0.0,0,2,9.0,0,1,24.0,24.0,19.5,"[40, 10, 15, 30.0, 50.0, 12.0, 24.0]",50.0,5,24.0
worthy_comradery,Worthy Comradery,"['mod', 'uncommon', 'aura']",,0,5,0.0,0,1,4.2,0,12,2.0,2.0,2.0,"[2.0, 2.0, 2.0, 2.0, 2.0, 2.0, 2.0]",3.0,2,24.0
neo_t9_relic,Neo T9 Relic,"['neo', 'relic']",,1,2,0.5,6,2,2.5,-4,6,2.7,2.7,2,"[1.0, 1.0, 1.0, 1.5, 2.0, 1.0, 2.67]",5,1,24.0
shotgun_barrage,Shotgun Barrage,"['shotgun', 'mod', 'uncommon', 'primary']",,0,4,0.0,0,3,4.0,0,8,2.9,3.0,3,"[3.0, 3.0, 2.0, 2.0, 2.0, 2.0, 3.0]",5.0,1,23.0
argon_scope,Argon Scope,"['mod', 'rare', 'rifle', 'primary']",,0,19,0.0,0,2,2.6,0,7,3.3,3.0,3.2,"[4.0, 3.5, 2.5, 5.0, 4.0, 3.0, 3.0]",5,2,23.0
infested_impedance,Infested Impedance,"['mod', 'aura', 'uncommon']",,0,6,0.0,0,7,9.2,0,2,11.5,11.5,9.0,"[9.0, 9.0, 10.0, 10.0, 10.0, 10.0, 11.5]",15,2,23.0
stahlta_barrel,Stahlta Barrel,"['component', 'weapon']",,0,20,0.0,0,3,3.2,0,8,2.9,3.0,3.0,"[3.0, 3.0, 3.0, 3.0, 2.0, 3.0, 3.0]",3.5,2,23.0
damaged_necramech_weapon_receiver,Damaged Necramech Weapon Receiver,"['component', 'necramech']",,0,4,0.0,0,10,23.5,0,3,7.7,10.0,8.0,"[9.0, 5.0, 5.0, 5.5, 5.0, 3.0, 10.0]",10,3.0,23.0
cold_arrival,Cold Arrival,"['mod', 'uncommon', 'k_drive']",,0,1,0.0,0,23,23.0,0,1,23.0,23.0,10,"[10, 15, 10, 30.0, 8.0, 19.0, 23.0]",30.0,5,23.0
cascadia_accuracy,Cascadia Accuracy,"['rare', 'arcane_enhancement']",,0,14,0.0,0,1,1.8,0,22,1.0,2.0,2.0,"[2.0, 2.0, 2.0, 2.0, 2.0, 1.0, 2.0]",2,1,23.0
reconifex_receiver,Reconifex Receiver,"['component', 'weapon']",,0,5,0.0,0,9,9.8,0,3,7.7,7.5,7.5,"[5.0, 9.0, 10.0, 7.0, 7.5, 6.5, 7.5]",15,5.0,23.0
neo_k8_relic,Neo K8 Relic,"['neo', 'relic']",,11,4,2.75,50,15,8.33,-35,1,6.0,6.0,8.3,"[78, 13.0, 9.0, 10.0, 6.0, 8.33, 6.0]",78,5,22.5
axi_t13_relic,Axi T13 Relic,"['relic', 'axi']",,2,4,0.5,12,4,2.25,-8,6,2.5,1.9,2.2,"[1.165, 1.33, 1.665, 1.33, 1.33, 2.25, 1.915]",5,1,22.5
lith_s18_relic,Lith S18 Relic,"['relic', 'lith']",,2,5,0.4,5,3,4.0,-2,8,2.0,2.0,4.0,"[3.0, 2.5, 3.0, 2.5, 3.0, 2.25, 2.0]",14.5,2.0,22.4
depleted_reload,Depleted Reload,"['sniper', 'mod', 'rare', 'primary']",,0,10,0.0,0,3,4.6,0,9,2.4,2.0,2.0,"[3.0, 2.0, 3.0, 2.0, 3.0, 2.0, 2.0]",3.0,1.5,22.0
shield_disruption,Shield Disruption,"['mod', 'aura', 'uncommon']",,0,3,0.0,0,19,23.0,0,2,11.0,11.0,10.0,"[10.0, 10.0, 10.0, 10.5, 11.0, 10.0, 11.0]",15,6.0,22.0
toxic_flight,Toxic Flight,"['mod', 'rare', 'warframe']",,0,9,0.0,0,2,3.6,0,7,3.1,3.0,3.0,"[3.5, 4.5, 3.0, 3.5, 3.0, 3.0, 3.0]",9.0,1,22.0
dread_ward,Dread Ward,"['mod', 'garuda', 'warframe', 'augment', 'rare']",,0,8,0.0,0,10,12.6,0,2,11.0,10.0,10.0,"[10.0, 9.0, 9.0, 10.0, 9.0, 12.0, 10.0]",17,6.5,22.0
rumbled,Rumbled,"['atlas', 'mod', 'warframe', 'augment', 'rare']",,0,4,0.0,0,15,22.5,0,2,11.0,10.0,12.5,"[10.0, 9.5, 10.0, 10.0, 10.0, 12.0, 10.0]",25.0,8.5,22.0
blood_for_ammo,Blood For Ammo,"['mod', 'common', 'parazon']",,0,8,0.0,0,4,5.4,0,6,3.7,4.0,3.0,"[3.0, 3.0, 2.0, 2.0, 2.0, 3.0, 4.0]",5.0,1,22.0
astral_slash,Astral Slash,"['rare', 'melee', 'mod', 'archwing', 'archmelee']",,0,3,0.0,0,5,8.0,0,3,7.3,8.5,5.0,"[4.5, 4.5, 5.0, 5.0, 5.5, 5.0, 8.5]",8.5,3,22.0
ostimyr,Ostimyr,['fish'],,0,3,0.0,0,2,2.0,0,18,1.2,0.8,2.0,"[2.0, 2.0, 1.5, 2.0, 1.0, 2.0, 0.83]",3,0.83,22.0
lith_c12_relic,Lith C12 Relic,"['relic', 'lith']",,1,0,10.0,6,0,0.0,0,1,2.0,4.0,4.0,"[7, 2.0, 4.5, 5.0, 4.0, 2.0, 4.0]",7,2.0,22.0
bloodthirst,Bloodthirst,"['mod', 'common', 'melee', 'claws']",,0,10,0.0,0,4,4.6,0,5,4.4,5.0,4.5,"[4.0, 5.0, 5.0, 5.0, 4.0, 4.0, 5.0]",10.0,3,22.0
riot_848_barrel,Riot-848 Barrel Blueprint,"['weapon', 'component', 'blueprint']",,0,1,0.0,0,3,3.0,0,3,7.3,6.0,8,"[7.0, 7.0, 10.0, 5.0, 5.0, 10.0, 6.0]",12.0,5,22.0
lith_v1_relic,Lith V1 Relic,"['relic', 'lith']",,1,5,0.2,6,3,4.0,-3,6,3.0,3.0,4,"[5.0, 9.0, 3.0, 10.0, 9.0, 7.0, 3.0]",10,2.0,21.6
emergence_renewed,Emergence Renewed,"['rare', 'arcane_enhancement']",,0,6,0.0,0,2,2.8,0,10,2.1,3.0,2.0,"[2.0, 2.0, 2.0, 2.0, 2.0, 2.0, 3.0]",3.0,1,21.0
riot_848_receiver,Riot-848 Receiver Blueprint,"['weapon', 'component', 'blueprint']",,1,2,0.5,4,22,23.5,18,2,7.0,7.0,9,"[4.0, 5.0, 5.0, 6.0, 7.0, 5.5, 7.0]",10,4.0,21.0
trauma_manifestation_arena,Perita Manifestation Scene,['scene'],,0,2,0.0,0,30,60.0,0,1,21.0,21.0,40.0,"[40, 40, 50, 35.0, 25.0, 40.0, 21.0]",50,21.0,21.0
neo_c7_relic,Neo C7 Relic,"['neo', 'relic']",,3,8,0.38,6,2,3.2,-4,16,0.9,1.1,1.8,"[1.335, 1.5, 1.5, 1.0, 1.5, 0.835, 1.085]",4,0.835,20.7
magus_vigor,Magus Vigor,"['common', 'arcane_enhancement']",,0,4,0.0,0,2,2.8,0,10,2.0,2.0,3.0,"[3.0, 2.0, 3.0, 4.0, 3.0, 3.0, 2.0]",4,2,20.0
kinetic_friction,Kinetic Friction,"['mod', 'uncommon', 'k_drive']",,0,0,0.0,0,0,0.0,0,1,20.0,20.0,20.0,"[30.0, 20.0, 10.0, 20.0, 7.0, 20.0, 20.0]",30.0,5,20.0
air_time,Air Time,"['mod', 'common', 'k_drive']",,0,1,0.0,0,15,15.0,0,1,20.0,20.0,15.0,"[10.0, 12.5, 10.0, 10.0, 15.0, 18.5, 20.0]",20,5,20.0
swipe,Swipe,"['mod', 'uncommon', 'melee', 'kavat_claws']",,0,3,0.0,0,5,6.3,0,7,2.9,3.0,3.0,"[3.0, 4.5, 2.0, 3.0, 3.0, 3.0, 3.0]",5,2,20.0
blood_forge,Blood Forge,"['mod', 'garuda', 'warframe', 'augment', 'rare']",,0,7,0.0,0,10,12.6,0,2,10.0,10.0,10.0,"[9.5, 9.5, 10.0, 9.5, 10.0, 10.0, 10.0]",13.0,8.0,20.0
theorem_demulcent,Theorem Demulcent,"['arcane_enhancement', 'rare']",,0,4,0.0,0,2,4.2,0,6,3.3,3.0,4.0,"[4.5, 4.0, 3.0, 4.0, 4.0, 4.0, 3.0]",5.5,1.0,20.0
proton_snap,Proton Snap,"['mod', 'rare', 'melee']",,0,8,0.0,0,4,6.0,0,5,4.0,4.0,4.0,"[4.5, 4.0, 4.5, 4.0, 4.0, 4.0, 4.0]",7.0,3.0,20.0
smoke_shadow,Smoke Shadow,"['mod', 'warframe', 'rare', 'augment', 'ash']",,0,7,0.0,0,10,12.6,0,2,10.0,10.0,10.0,"[10.0, 10.0, 10.0, 10.0, 10.0, 10.0, 10.0]",12.5,6,20.0
rifle_aptitude,Rifle Aptitude,"['mod', 'uncommon', 'rifle', 'primary']",,0,7,0.0,0,2,6.4,0,6,3.3,3.0,3.0,"[3.5, 3.0, 3.0, 3.0, 4.5, 3.0, 3.0]",5,2,20.0
slay_board,Slay Board,"['mod', 'uncommon', 'k_drive']",,0,1,0.0,0,20,20.0,0,1,20.0,20.0,15.0,"[15.0, 20.0, 30.0, 1.0, 7.0, 20.0, 20.0]",30.0,1.0,20.0
battle_forge,Battle Forge,"['mod', 'railjack', 'uncommon']",,0,3,0.0,0,9,5.0,0,3,6.7,5.5,5.0,"[7.5, 9.5, 4.0, 7.0, 9.5, 6.5, 5.5]",12.5,4.0,20.0
predator,Predator,"['railjack', 'uncommon', 'mod']",,0,5,0.0,0,4,5.2,0,6,3.3,4.0,3.0,"[4.0, 3.0, 3.0, 5.0, 3.0, 4.0, 4.0]",5,1,20.0
quick_escape,Quick Escape,"['mod', 'rare', 'k_drive']",,0,3,0.0,0,20,21.0,0,1,20.0,20.0,20.0,"[10.0, 20.0, 20.0, 10.0, 20.0, 22.0, 20.0]",22.0,10,20.0
necramech_rage,Necramech Rage,"['mod', 'uncommon', 'necramech']",,0,6,0.0,0,10,14.2,0,2,10.0,10.0,12,"[13.0, 12.5, 12.0, 10.0, 9.5, 10.0, 10.0]",15.0,9.5,20.0
axi_k4_relic,Axi K4 Relic,"['relic', 'axi']",,2,3,0.67,12,12,17.3,0,1,12.0,6.0,9.5,"[15, 20, 9.5, 9, 9.5, 6.0]",20,6.0,20.0
neo_v5_relic,Neo V5 Relic,"['relic', 'neo']",,2,3,0.67,6,7,8.0,1,2,6.0,6.0,5.0,"[5.0, 6.0, 6.0, 5.0, 4.75, 4.0, 6.0]",9,3,20.0
neo_n12_relic,Neo N12 Relic,"['relic', 'neo']",,4,4,1.0,24,6,10.5,-18,2,5.0,5.0,6,"[5.0, 7.0, 5.0, 8.0, 8.0, 9.0, 5.0]",9.0,4.0,20.0
meso_r3_relic,Meso R3 Relic,"['relic', 'meso']",,1,1,1.0,6,6,6.0,0,2,5.0,5.0,5.0,"[3, 5, 5, 5, 5.0, 5.0, 5.0]",5,3,20.0
meso_n10_relic,Meso N10 Relic,"['relic', 'meso']",,1,1,1.0,6,6,6.0,0,2,5.0,5.0,5.0,"[7, 6, 5.0, 4.0, 4.0, 4.0, 5.0]",8,3,20.0
lith_n6_relic,Lith N6 Relic,"['relic', 'lith']",,2,2,1.0,6,4,7.0,-2,1,10.0,10.0,5.0,"[10, 6, 10.0, 2.0, 6.0, 4.5, 10.0]",10,2.0,20.0
arcane_power_ramp,Arcane Power Ramp,"['rare', 'arcane_enhancement']",,0,7,0.0,0,2,3.6,0,6,3.3,3.3,3.0,"[4.0, 3.0, 3.0, 3.0, 3.0, 3.0, 3.33]",5.5,1,20.0
axi_r4_relic,Axi R4 Relic,"['axi', 'relic']",,2,2,1.0,18,10,15.0,-8,1,10.0,10.0,10,"[4.0, 4.0, 3.0, 4.0, 10.0, 4.5, 10.0]",20,3.0,20.0
meso_a10_relic,Meso A10 Relic,"['relic', 'meso']",,2,3,0.67,6,2,4.0,-4,6,2.0,2.0,1.5,"[1.67, 2.0, 2.0, 3.0, 0.33, 3.0, 2.0]",4,0.33,20.0
poppin_vert,Poppin' Vert,"['mod', 'rare', 'k_drive']",,0,1,0.0,0,15,15.0,0,1,19.0,19.0,15.0,"[15.0, 15.0, 15.0, 20.0, 15.0, 17.0, 19.0]",20,9.0,19.0
blazing_steel,Blazing Steel,"['uncommon', 'melee', 'mod', 'archwing', 'archmelee']",,0,8,0.0,0,5,7.8,0,3,6.3,7.5,4.0,"[6.0, 4.0, 4.0, 5.0, 4.0, 4.0, 7.5]",7.5,3.5,19.0
chaos_sphere,Chaos Sphere,"['mod', 'warframe', 'nyx', 'augment', 'rare']",,0,5,0.0,0,8,13.2,0,2,9.5,9.0,10.0,"[10.0, 9.5, 10.0, 9.0, 10.0, 10.0, 9.0]",15.0,8.0,19.0
terminal_velocity,Terminal Velocity,"['mod', 'uncommon', 'rifle', 'primary']",,0,6,0.0,0,3,5.6,0,5,3.8,4.0,3.5,"[3.5, 3.0, 3.5, 3.0, 3.0, 3.0, 4.0]",5.0,2.0,19.0
defiled_snapdragon,Defiled Snapdragon,"['mod', 'rare', 'stance', 'blade_and_whip']",,0,11,0.0,0,4,4.4,0,6,3.2,3.0,3.5,"[2.5, 3.0, 4.0, 2.0, 4.0, 3.0, 3.0]",5.0,2.0,19.0
transistor_shield,Transistor Shield,"['mod', 'warframe', 'augment', 'rare', 'volt']",,0,7,0.0,0,9,10.6,0,2,9.5,9.0,10.0,"[10.0, 10.0, 9.0, 14.0, 10.0, 10.0, 9.0]",14.0,5.0,19.0
burdened_magazine,Burdened Magazine,"['shotgun', 'mod', 'rare', 'primary']",,0,14,0.0,0,2,2.0,0,9,2.1,2.0,2.0,"[1.5, 2.0, 2.0, 1.5, 2.0, 2.0, 2.0]",5.0,1,19.0
pop_top,Pop Top,"['mod', 'uncommon', 'k_drive']",,0,4,0.0,0,15,16.8,0,1,19.0,19.0,18.5,"[17.0, 15.0, 20.0, 10.0, 10.0, 18.5, 19.0]",27.5,10.0,19.0
equilibrium_audit,Equilibrium Audit,"['mod', 'rare', 'sentinel', 'hound']",,0,1,0.0,0,10,10.0,0,2,9.5,9.5,5.0,"[6.0, 5.0, 9.0, 8.5, 6.0, 13.0, 9.5]",13.0,3.0,19.0
neo_v12_relic,Neo V12 Relic,"['relic', 'neo']",,2,2,1.0,6,6,2.0,0,5,1.8,2.5,2.0,"[2.0, 2.0, 2.0, 2.0, 2.0, 1.5, 2.5]",5.0,1.0,18.4
comet_blast,Comet Blast,"['rare', 'primary', 'mod', 'archwing', 'archgun']",,0,5,0.0,0,6,10.8,0,2,9.0,8.0,5,"[6.0, 5.0, 5.0, 5.0, 4.0, 10.0, 8.0]",10.0,2,18.0
shattering_justice,Shattering Justice,"['syndicate', 'mod', 'rare', 'primary', 'sobek']",,0,5,0.0,0,10,16.4,0,2,9.0,8.5,9.5,"[12.5, 12.0, 10.0, 9.5, 10.0, 8.0, 8.5]",15,8.0,18.0
everlasting_ward,Everlasting Ward,"['chroma', 'mod', 'warframe', 'augment', 'rare']",,0,4,0.0,0,14,15.8,0,2,9.0,10.0,10,"[10.0, 10.0, 11.0, 10.0, 10.0, 8.5, 10.0]",15,5,18.0
venerdo_hoverdrive,Venerdo Hoverdrive,"['mod', 'uncommon', 'k_drive']",,0,1,0.0,0,20,20.0,0,1,18.0,18.0,20.0,"[20.0, 20.0, 10.0, 14.0, 13.5, 20.0, 18.0]",30.0,3.0,18.0
iron_phoenix,Iron Phoenix,"['mod', 'rare', 'stance', 'swords']",,0,9,0.0,0,2,3.8,0,5,3.6,4.0,3,"[3.5, 4.0, 3.0, 2.0, 3.0, 4.0, 4.0]",5.0,2,18.0
virtuos_spike,Virtuos Spike,"['common', 'arcane_enhancement', 'operator']",,0,3,0.0,0,5,8.0,0,1,18.0,18.0,6.5,"[10, 4, 8, 19, 3, 5, 18.0]",19,3,18.0
orvius_disc,Orvius Disc,"['component', 'weapon']",,0,13,0.0,0,1,1.0,0,17,1.1,1.0,1.0,"[1.0, 1.0, 1.0, 1.0, 1.0, 1.0, 1.0]",1,1,18.0
magus_drive,Magus Drive,"['common', 'arcane_enhancement']",,1,2,0.5,3,8,16.5,5,3,4.0,4.5,6.0,"[5.0, 4.0, 6.0, 6.0, 6.5, 3.0, 4.5]",14,3.0,18.0
ammo_stock,Ammo Stock,"['shotgun', 'mod', 'uncommon', 'primary']",,0,4,0.0,0,4,7.8,0,4,4.5,3.5,4.5,"[5.0, 4.5, 4.0, 4.0, 4.0, 4.5, 3.5]",7.0,3,18.0
sheev_heatsink,Sheev Heatsink,"['component', 'weapon']",,0,2,0.0,0,9,10.5,0,2,9.0,9.0,9.0,"[10.0, 10.0, 9.5, 9.0, 9.0, 7.0, 9.0]",10,6,18.0
cedo_receiver,Cedo Receiver,"['component', 'weapon']",,0,4,0.0,0,8,11.8,0,2,9.0,10.0,6.8,"[7.5, 7.0, 4.5, 10.0, 5.0, 8.0, 10.0]",10,3.0,18.0
necramech_deflection,Necramech Deflection,"['mod', 'common', 'necramech']",,0,5,0.0,0,5,8.4,0,2,9.0,8.0,7.2,"[7.0, 7.5, 8.0, 8.5, 7.5, 10.0, 8.0]",10.0,5.0,18.0
neo_g6_relic,Neo G6 Relic,"['neo', 'relic']",,4,2,2.0,18,15,15.0,-3,1,6.0,7.5,6.0,"[4.0, 6.0, 4.0, 4.0, 4.0, 4.0, 7.5]",12,2,18.0
magnetic_rush,Magnetic Rush,"['mod', 'rare', 'melee']",,0,10,0.0,0,1,2.0,0,9,2.0,2.0,2.0,"[2.0, 2.0, 2.0, 2.0, 2.0, 2.0, 2.0]",2.5,2,18.0
neo_a14_relic,Neo A14 Relic,"['neo', 'relic']",,1,2,0.5,6,3,2.0,-3,3,4.0,4.0,2.0,"[1.0, 3.0, 2.0, 1.0, 6.0, 3.5, 4.0]",6.0,1,18.0
neo_d10_relic,Neo D10 Relic,"['neo', 'relic']",,1,2,0.5,6,2,2.5,-4,6,2.0,2.0,2.0,"[1.0, 2.0, 3.0, 5.0, 3.0, 3.0, 2.0]",5.0,1,18.0
agility_drift,Agility Drift,"['mod', 'rare', 'warframe']",,0,11,0.0,0,2,2.8,0,8,2.1,2.0,3.0,"[3.5, 4.0, 5.0, 3.0, 2.5, 3.0, 2.0]",5,1,17.0
necramech_rebuke,Necramech Rebuke,"['mod', 'uncommon', 'necramech']",,0,1,0.0,0,14,14.0,0,1,17.0,9.0,9.0,"[9.5, 10.0, 9.0, 9.0, 9.0, 5.0, 9.0]",12,5,17.0
out_of_sight,Out Of Sight,"['mod', 'rare', 'parazon']",,0,9,0.0,0,8,8.8,0,3,5.7,5.0,5.0,"[5.0, 8.0, 5.0, 5.0, 5.0, 5.5, 5.0]",9.0,4,17.0
carnis_carapace,Carnis Carapace,"['mod', 'uncommon', 'warframe']",,0,8,0.0,0,3,3.0,0,6,2.8,3.0,3.0,"[2.0, 3.0, 3.5, 2.0, 3.0, 2.0, 3.0]",5.0,2,17.0
arcane_pulse,Arcane Pulse,"['arcane_enhancement', 'rare']",,0,2,0.0,0,2,2.5,0,8,2.0,3.5,2.5,"[2.0, 3.0, 3.0, 2.0, 2.0, 3.0, 3.5]",4,1,16.0
singularity,Singularity,"['mod', 'warframe', 'nyx', 'augment', 'rare']",,0,4,0.0,0,6,10.0,0,2,8.0,10.0,10.0,"[10.0, 9.0, 8.5, 10.0, 10.0, 7.5, 10.0]",19,7,16.0
aero_vantage,Aero Vantage,"['mod', 'uncommon', 'warframe']",,0,7,0.0,0,2,6.4,0,5,3.2,3.0,3.5,"[4.0, 3.0, 2.5, 4.0, 3.0, 3.0, 3.0]",5,2.5,16.0
continuity,Continuity,"['mod', 'warframe', 'rare']",,0,14,0.0,0,3,3.8,0,6,2.7,2.5,3.0,"[3.0, 3.0, 2.0, 3.0, 3.0, 3.5, 2.5]",4,1.5,16.0
void_cloak,Void Cloak,"['mod', 'railjack', 'common']",,0,1,0.0,0,3,3.0,0,4,4.0,4.5,4.0,"[4.0, 2.5, 4.0, 2.0, 3.0, 2.0, 4.5]",5,2.0,16.0
charm,Charm,"['mod', 'rare', 'kavat', 'smeeta_kavat']",,0,6,0.0,0,3,3.2,0,7,2.3,2.0,3.0,"[3.0, 2.0, 4.0, 2.5, 2.5, 2.0, 2.0]",5,1.5,16.0
arcane_warmth,Arcane Warmth,['arcane_enhancement'],,0,5,0.0,0,2,2.2,0,8,2.0,2.0,2.0,"[2.0, 2.0, 3.0, 1.5, 1.0, 2.0, 2.0]",3,1.0,16.0
sheev_hilt,Sheev Hilt,"['component', 'weapon']",,0,4,0.0,0,8,15.2,0,2,8.0,9.0,9.0,"[9.0, 10.0, 8.0, 10.0, 9.0, 7.5, 9.0]",15,6,16.0
requiem_iii_relic,Requiem III Relic,"['relic', 'requiem']",,0,10,0.0,0,1,1.4,0,16,1.0,1.0,1,"[0.83, 1.0, 0.915, 1.0, 1.5, 0.83, 1.0]",3,0.5,16.0
lith_p4_relic,Lith P4 Relic,"['relic', 'lith']",,2,2,1.0,15,5,6.0,-10,1,8.0,8.0,5.0,"[4.0, 7, 7.0, 4.0, 8.0, 6.0, 8.0]",8,3,16.0
reconifex_stock,Reconifex Stock,"['component', 'weapon']",,0,1,0.0,0,25,25.0,0,2,8.0,8.0,7.8,"[5.0, 10.0, 5.0, 10.0, 10.0, 7.5, 8.0]",15,3,16.0
neo_p9_relic,Neo P9 Relic,"['neo', 'relic']",,5,3,1.67,6,4,4.3,-2,2,3.0,3.0,2.0,"[4.0, 2.0, 1.0, 3.0, 5.0, 3.0, 3.0]",5.0,1,16.0
zid-an-haras,Zid-an Haras,['arcane_enhancement'],,0,3,0.0,0,3,2.0,0,4,4.0,4.0,2.0,"[2.0, 3.0, 2.0, 2.0, 2.5, 2.0, 4.0]",4.0,1.0,16.0
meso_l5_relic,Meso L5 Relic,"['relic', 'meso']",,1,4,0.25,5,2,2.0,-3,18,0.7,1.2,2.0,"[1.0, 1.0, 1.5, 1.0, 1.67, 1.165, 1.17]",20.0,1.0,15.1
disarming_purity,Disarming Purity,"['syndicate', 'mod', 'rare', 'primary', 'panthera']",,0,1,0.0,0,20,20.0,0,1,15.0,15.0,13.5,"[15.0, 17.0, 10.0, 8.0, 12.0, 15.0, 15.0]",20,5.0,15.0
purging_slash,Purging Slash,"['mod', 'warframe', 'excalibur', 'augment', 'rare']",,0,0,0.0,0,0,0.0,0,2,7.5,8.0,9.2,"[7.0, 8.0, 9.0, 8.5, 8.5, 7.0, 8.0]",15.0,5.0,15.0
stockpiled_blight,Stockpiled Blight,"['syndicate', 'secondary', 'mod', 'rare', 'kunai']",,0,4,0.0,0,9,12.2,0,2,7.5,7.5,9.0,"[8.0, 9.0, 9.0, 8.0, 8.0, 9.0, 7.5]",20.0,7.5,15.0
soul_survivor,Soul Survivor,"['mod', 'warframe', 'nekros', 'augment', 'rare']",,0,4,0.0,0,10,13.8,0,1,15.0,15.0,10.0,"[15.0, 12.0, 14.0, 15.0, 10.0, 10.0, 15.0]",15.0,5,15.0
sniper_scavenger,Sniper Scavenger,"['mod', 'aura', 'uncommon']",,0,5,0.0,0,4,17.6,0,1,15.0,15.0,10,"[10.0, 10.0, 15.0, 5.0, 10.0, 9.5, 15.0]",18.0,5.0,15.0
escape_velocity,Escape Velocity,"['mod', 'warframe', 'nova', 'augment', 'rare']",,0,9,0.0,0,10,13.0,0,1,15.0,15.0,10,"[15.0, 6.5, 10.0, 9.5, 10.0, 8.5, 15.0]",15,5.0,15.0
afterburn,Afterburn,"['chroma', 'mod', 'warframe', 'augment', 'rare']",,0,3,0.0,0,10,11.3,0,1,15.0,15.0,10.0,"[10.0, 9.5, 10.0, 10.0, 10.0, 9.0, 15.0]",20.0,5.0,15.0
firewalker,Firewalker,"['mod', 'rare', 'warframe']",,0,10,0.0,0,3,4.4,0,5,3.0,2.0,3.0,"[4.0, 3.0, 2.5, 3.0, 3.0, 3.0, 2.0]",6,2.0,15.0
brain_storm,Brain Storm,"['primary', 'pvp', 'grakata', 'rare', 'mod']",,0,2,0.0,0,15,17.5,0,1,15.0,10.0,10.0,"[15.0, 9.0, 13.0, 15.0, 9.5, 10.0, 10.0]",20.0,5,15.0
revo_reducer,Revo Reducer,"['rare', 'railjack', 'mod']",,0,6,0.0,0,2,2.6,0,6,2.5,3.0,3.0,"[2.5, 3.5, 2.0, 2.0, 2.0, 2.0, 3.0]",5,1,15.0
fetch,Fetch,"['mod', 'beast', 'sentinel', 'uncommon']",,0,5,0.0,0,3,4.6,0,5,3.0,3.0,3.0,"[3.0, 4.0, 3.0, 5.0, 3.0, 3.0, 3.0]",5.0,1.5,15.0
shell_rush,Shell Rush,"['uncommon', 'primary', 'mod', 'archwing', 'archgun']",,0,10,0.0,0,5,6.2,0,3,5.0,5.0,7.0,"[7.0, 5.5, 5.0, 6.0, 5.0, 7.0, 5.0]",10,4.0,15.0
gnashing_payara,Gnashing Payara,"['mod', 'rare', 'stance', 'dual_daggers']",,0,13,0.0,0,4,4.0,0,5,3.0,3.0,4.0,"[4.0, 4.0, 4.0, 3.5, 4.0, 3.0, 3.0]",4.5,3.0,15.0
proboscis,Proboscis,"['mod', 'rare', 'helminth charger', 'helminth_charger']",,0,3,0.0,0,5,21.3,0,1,15.0,15.0,10.2,"[10, 10, 10.0, 15.0, 7.0, 14.0, 15.0]",15,7.0,15.0
necramech_stretch,Necramech Stretch,"['mod', 'uncommon', 'necramech']",,0,3,0.0,0,7,9.3,0,3,5.0,4.5,7.0,"[7.0, 6.5, 5.0, 5.0, 7.0, 5.0, 4.5]",10.0,4.0,15.0
cedo_stock,Cedo Stock,"['component', 'weapon']",,0,2,0.0,0,13,14.0,0,1,15.0,15.0,10.0,"[8.0, 15.0, 10.0, 8.0, 10.0, 8.0, 15.0]",15.0,4.5,15.0
void_hole,Void Hole,"['rare', 'railjack', 'mod']",,0,3,0.0,0,2,9.0,0,5,3.0,2.0,3.0,"[5.0, 2.0, 3.0, 2.0, 2.0, 3.0, 2.0]",5,2,15.0
meso_p3_relic,Meso P3 Relic,"['relic', 'meso']",,1,2,0.5,6,6,6.0,0,2,5.0,5.0,4.0,"[2, 8, 4.0, 3.0, 4.0, 5.0]",8,2,15.0
lith_k4_relic,Lith K4 Relic,"['relic', 'lith']",,1,2,0.5,6,5,10.0,-1,2,5.0,5.0,5,"[7.0, 4.0, 4.0, 7.0, 6.0, 6.0, 5.0]",7.5,4,15.0
lith_a3_relic,Lith A3 Relic,"['relic', 'lith']",,3,2,1.5,6,8,8.0,2,1,6.0,6.0,4.2,"[2.0, 3.0, 5.0, 5.0, 4.5, 3.0, 6.0]",6,2,15.0
auto_omni,Auto Omni,"['mod', 'common', 'sentinel', 'nautilus']",,0,1,0.0,0,13,13.0,0,1,15.0,15.0,10.0,"[14.0, 20.0, 25.0, 12.0, 9.0, 10.0, 15.0]",25.0,8,15.0
saturn_six_scene,Saturn Six Scene,"['scene', 'misc']",,0,0,0.0,0,0,0.0,0,1,15.0,15.0,20.0,"[20.0, 40.0, 15.0]",40.0,15.0,15.0
evasive_denial,Evasive Denial,"['mod', 'rare', 'sentinel', 'hound']",,0,4,0.0,0,8,11.8,0,1,15.0,15.0,5.0,"[5.0, 5.0, 6.5, 8.0, 5.0, 5.0, 15.0]",15.0,4,15.0
lith_p8_relic,Lith P8 Relic,"['lith', 'relic']",,2,1,2.0,6,2,2.0,-4,1,5.0,3.0,3.0,"[4, 2.0, 2, 5, 3.0, 5.0, 3.0]",5,1,15.0
dreamers_bond,Dreamer's Bond,"['mod', 'uncommon', 'aura']",,0,2,0.0,0,8,9.0,0,2,7.5,7.0,7,"[10.0, 8.0, 6.0, 6.0, 5.5, 6.5, 7.0]",12.0,5,15.0
mall_rotunda_simulacrum,Mall Rotunda Simulacrum,['simulacrum'],,0,3,0.0,0,25,20.0,0,1,15.0,20.0,20.0,"[21.0, 20.0, 23.0, 24.0, 20.0, 30.0, 20.0]",30.0,10,15.0
neo_a16_relic,Neo A16 Relic,"['relic', 'neo']",,1,2,0.5,4,2,9.0,-2,5,2.0,2.0,3.3,"[2.83, 2.5, 2.5, 3.0, 2.0, 3.0, 2.0]",10.0,2.0,15.0
pressurized_magazine,Pressurized Magazine,"['mod', 'rare', 'pistol', 'secondary']",,0,11,0.0,0,4,4.6,0,2,7.0,4.0,4.5,"[4.0, 4.0, 4.0, 4.0, 5.0, 10.0, 4.0]",10.0,3.0,14.0
eject_magazine,Eject Magazine,"['secondary', 'pvp', 'rare', 'mod', 'pistol']",,0,5,0.0,0,4,7.4,0,4,3.5,4.0,4,"[3.0, 4.0, 3.0, 4.0, 3.0, 4.0, 4.0]",5,3,14.0
rising_storm,Rising Storm,"['mod', 'warframe', 'rare', 'augment', 'ash']",,0,7,0.0,0,10,11.2,0,1,14.0,14.0,10.0,"[11.0, 12.0, 10.0, 11.0, 11.5, 11.5, 14.0]",15.0,8.5,14.0
deadly_efficiency,Deadly Efficiency,"['rare', 'primary', 'mod', 'archwing', 'archgun']",,0,19,0.0,0,4,4.8,0,3,4.7,5.0,6.0,"[4.5, 5.0, 5.0, 4.0, 5.0, 4.5, 5.0]",8,2.0,14.0
prolonged_paralysis,Prolonged Paralysis,"['mod', 'warframe', 'valkyr', 'augment', 'rare']",,0,1,0.0,0,18,18.0,0,1,14.0,14.0,15,"[15.0, 15.0, 16.0, 14.0, 14.0, 18.0, 14.0]",19.0,11.0,14.0
stretch,Stretch,"['mod', 'warframe', 'uncommon']",,0,9,0.0,0,2,2.8,0,6,2.3,2.5,2.0,"[2.0, 2.0, 2.0, 2.0, 2.0, 2.0, 2.5]",3.5,1.0,14.0
mending_shot,Mending Shot,"['mod', 'rare', 'primary', 'rifle_(no_aoe)']",,0,5,0.0,0,15,24.0,0,1,14.0,14.0,15.0,"[15.0, 19.0, 14.0, 13.0, 20.0, 10.0, 14.0]",20,8,14.0
neo_z3_relic,Neo Z3 Relic,"['relic', 'neo']",,1,1,1.0,6,7,7.0,1,1,7.0,2.0,5,"[5.0, 3.0, 5.0, 5.0, 3.0, 3.5, 2.0]",18,2.0,14.0
lith_t6_relic,Lith T6 Relic,"['relic', 'lith']",,1,1,1.0,6,54,54.0,48,1,7.0,7.0,5.2,"[4, 3, 5.5, 10.0, 5.0, 7.0]",10.0,3,14.0
akimbo_slip_shot,Akimbo Slip Shot,"['rare', 'arcane_enhancement']",,0,6,0.0,0,3,6.0,0,7,2.0,2.0,3.0,"[3.0, 3.0, 3.0, 3.0, 3.0, 3.0, 2.0]",4,2,14.0
neo_n15_relic,Neo N15 Relic,"['relic', 'neo']",,1,3,0.33,6,5,6.0,-1,2,5.0,5.0,5.0,"[5.0, 5.0, 5.0, 4.0, 5.0, 5.5, 5.0]",5.5,3,13.3
neo_z5_relic,Neo Z5 Relic,"['relic', 'neo']",,1,3,0.33,6,3,4.3,-3,2,5.0,5.0,3,"[4.0, 2.0, 1.0, 3.0, 2.0, 3.0, 5.0]",5,1.0,13.3
meso_k3_relic,Meso K3 Relic,"['relic', 'meso']",,1,3,0.33,6,3,4.3,-3,2,5.0,5.0,5.0,"[3, 5.0, 5.0, 5.0, 6.0, 9.0, 5.0]",9,3,13.3
meso_p2_relic,Meso P2 Relic,"['relic', 'meso']",,1,3,0.33,6,4,4.7,-2,2,5.0,5.0,3.0,"[2.0, 2.0, 2.0, 10.0, 5.0, 4.0, 5.0]",10,1,13.3
tear_azurite,Tear Azurite,['gem'],,0,5,0.0,0,1,1.0,0,22,0.6,0.2,1.0,"[0.83, 0.67, 0.67, 0.835, 0.7350000000000001, 0.6, 0.17]",3,0.17,13.2
lith_q3_relic,Lith Q3 Relic,"['relic', 'lith']",,1,5,0.2,4,2,2.2925,-2,11,1.0,1.0,2.3,"[1.0, 2.5, 1.0, 2.0, 1.165, 0.67, 1.0]",7.0,0.67,13.2
quasar_drill,Quasar Drill,"['rare', 'primary', 'mod', 'archwing', 'archgun']",,0,1,0.0,0,10,10.0,0,3,4.3,4.5,5.0,"[6.0, 5.0, 5.0, 5.0, 7.0, 5.0, 4.5]",10,2,13.0
safeguard_switch,Safeguard Switch,"['mod', 'warframe', 'augment', 'loki', 'rare']",,0,4,0.0,0,15,16.8,0,1,13.0,13.0,14.0,"[15.0, 12.0, 12.0, 12.0, 15.0, 10.0, 13.0]",17.0,10.0,13.0
vile_precision,Vile Precision,"['mod', 'rare', 'rifle', 'primary']",,0,15,0.0,0,2,2.8,0,7,1.9,2.0,2.0,"[2.5, 3.0, 2.5, 2.0, 2.5, 2.0, 2.0]",5,1,13.0
endurance_drift,Endurance Drift,"['mod', 'rare', 'warframe']",,0,11,0.0,0,4,4.6,0,4,3.2,3.0,4,"[3.5, 4.0, 4.0, 4.0, 4.0, 4.5, 3.0]",5,2.0,13.0
melee_guidance,Melee Guidance,"['mod', 'rare', 'aura']",,0,12,0.0,0,4,4.2,0,5,2.6,2.0,3.0,"[4.0, 4.0, 5.0, 3.0, 2.0, 5.0, 2.0]",10,2,13.0
hit_and_run,Hit And Run,"['mod', 'uncommon', 'parazon']",,0,8,0.0,0,10,4.5,0,3,4.3,5.0,4.5,"[5.0, 3.5, 4.0, 4.0, 5.0, 4.5, 5.0]",5,3,13.0
repeater_clip,Repeater Clip,"['shotgun', 'mod', 'uncommon', 'primary']",,0,10,0.0,0,9,9.6,0,2,6.5,5.0,6.0,"[10.0, 5.0, 8.5, 10.0, 5.0, 8.0, 5.0]",10,3.0,13.0
naramon_transmute_core,Naramon Transmute Core,"['mod', 'rare']",,0,2,0.0,0,8,10.0,0,1,13.0,13.0,10.0,"[10, 15, 10, 8.0, 9.0, 13.0]",15,8.0,13.0
charc_eel,Charc Eel,['fish'],,0,4,0.0,0,2,5.5,0,7,1.9,3.0,2,"[2.0, 3.0, 1.585, 1.4, 1.83, 1.67, 3.0]",3,1,13.0
reconifex_barrel,Reconifex Barrel,"['component', 'weapon']",,0,5,0.0,0,9,19.0,0,2,6.5,5.0,9.0,"[9.0, 10.0, 10.0, 9.0, 19.0, 7.5, 5.0]",19.0,3,13.0
residual_shock,Residual Shock,"['arcane_enhancement', 'rare']",,0,3,0.0,0,3,3.3,0,4,3.1,3.5,4,"[4.0, 3.5, 4.0, 2.0, 4.0, 4.0, 3.5]",7.0,2,12.5
atlantis_vulcan,Atlantis Vulcan,"['mod', 'uncommon', 'stance', 'nunchaku']",,0,5,0.0,0,4,6.6,0,3,4.0,5.0,4,"[3.5, 4.5, 3.0, 5.0, 4.0, 4.0, 5.0]",5,2,12.0
neutralizing_justice,Neutralizing Justice,"['syndicate', 'miter', 'mod', 'rare', 'primary']",,0,3,0.0,0,10,12.3,0,1,12.0,12.0,10,"[9.5, 11.0, 10.0, 12.0, 14.0, 12.5, 12.0]",15.0,7.0,12.0
arrow_mutation,Arrow Mutation,"['mod', 'rare', 'primary', 'bow']",,0,7,0.0,0,3,5.6,0,4,3.0,3.0,3.0,"[4.0, 3.0, 3.0, 5.0, 3.0, 3.0, 3.0]",5,2,12.0
magus_nourish,Magus Nourish,"['rare', 'arcane_enhancement']",,0,5,0.0,0,4,5.8,0,3,4.0,4.0,5.0,"[5.0, 4.0, 5.0, 5.0, 5.0, 4.0, 4.0]",8.5,3,12.0
safeguard,Safeguard,"['mod', 'warframe', 'augment', 'nezha', 'rare']",,0,5,0.0,0,10,13.8,0,1,12.0,12.0,10.0,"[10.0, 13.0, 9.0, 13.0, 10.0, 10.0, 12.0]",15.0,6.0,12.0
intensify,Intensify,"['mod', 'warframe', 'rare']",,0,11,0.0,0,3,3.6,0,6,2.0,3.0,2.0,"[2.0, 2.0, 2.0, 2.0, 2.0, 2.0, 3.0]",5.0,1,12.0
calm_and_frenzy,Calm & Frenzy,"['mod', 'warframe', 'augment', 'rare', 'equinox']",,0,5,0.0,0,10,14.2,0,1,12.0,12.0,12.0,"[9.0, 10.0, 12.0, 15.0, 11.0, 10.0, 12.0]",18.0,7,12.0
neo_n10_relic,Neo N10 Relic,"['relic', 'neo']",,3,1,3.0,24,5,5.0,-19,1,3.0,3.0,8.0,"[12.0, 15.0, 6.0, 8.0, 8.0, 5.0, 3.0]",30,3.0,12.0
lith_t5_relic,Lith T5 Relic,"['relic', 'lith']",,1,1,1.0,6,3,3.0,-3,1,6.0,6.0,5.0,"[5, 8, 2.0, 4.0, 2.5, 6.0, 6.0]",8,2.0,12.0
lith_n5_relic,Lith N5 Relic,"['relic', 'lith']",,1,2,0.5,6,4,4.5,-2,1,8.0,8.0,7.5,"[7, 7, 8, 8.0, 5.0, 5.0, 8.0]",8,5.0,12.0
innodem_blueprint,Innodem Blueprint,"['melee', 'weapon', 'blueprint']",,0,8,0.0,0,6,8.8,0,2,6.0,6.0,6.8,"[7.0, 9.0, 9.0, 5.0, 6.0, 6.0, 6.0]",14,5,12.0
fractalized_reset,Fractalized Reset,"['rare', 'arcane_enhancement']",,0,6,0.0,0,2,4.8,0,6,2.0,2.0,2.0,"[2.0, 2.0, 2.0, 2.0, 2.0, 2.0, 2.0]",3,1,12.0
neo_d5_relic,Neo D5 Relic,"['relic', 'neo']",,1,2,0.5,6,6,4.0,0,2,4.0,4.0,4,"[2.0, 6.0, 6.0, 4.0, 4.0, 3.0, 4.0]",6,2,12.0
lith_k10_relic,Lith K10 Relic,"['lith', 'relic']",,1,1,1.0,6,10,10.0,4,2,3.0,3.0,4.0,"[5, 2.0, 6.0, 5.0, 4.0, 5.0, 3.0]",6.0,2,12.0
containment_breach,Containment Breach,"['mod', 'archwing', 'primary', 'rare', 'archgun']",,0,9,0.0,0,2,2.8,0,5,2.4,2.0,2.0,"[2.0, 3.0, 2.0, 2.0, 2.0, 2.0, 2.0]",4.5,1,12.0
pack_leader,Pack Leader,"['mod', 'common', 'sentinel', 'companion']",,0,2,0.0,0,6,7.0,0,4,2.8,3.0,3.0,"[3.5, 2.0, 1.5, 3.0, 3.0, 2.0, 3.0]",5,1.5,11.0
flow,Flow,"['mod', 'warframe', 'rare']",,0,16,0.0,0,1,1.6,0,4,2.8,2.0,2,"[2.0, 2.0, 2.0, 2.0, 2.0, 3.5, 2.0]",6,1,11.0
tactical_reload,Tactical Reload,"['primary', 'pvp', 'rare', 'mod', 'assault_rifle']",,0,7,0.0,0,5,5.4,0,3,3.7,3.0,3.5,"[3.5, 3.5, 4.0, 3.0, 5.0, 4.0, 3.0]",5,2,11.0
embedded_catalyzer,Embedded Catalyzer,"['mod', 'uncommon', 'pistol', 'secondary']",,0,5,0.0,0,5,8.8,0,3,3.7,4.0,4.0,"[4.5, 4.5, 4.0, 4.0, 4.0, 4.0, 4.0]",7,3,11.0
necramech_aviator,Necramech Aviator,"['mod', 'common', 'necramech']",,0,1,0.0,0,35,35.0,0,1,11.0,8.0,10.0,"[15.0, 10.0, 15.0, 9.0, 12.0, 18.0, 8.0]",18.0,6,11.0
seeking_fury,Seeking Fury,"['mod', 'rare', 'primary', 'shotgun']",,0,4,0.0,0,2,4.5,0,3,3.7,4.0,2.0,"[2.0, 3.0, 2.0, 2.0, 2.0, 3.0, 4.0]",5,1.0,11.0
intruder_stasis,Intruder Stasis,"['mod', 'railjack', 'uncommon']",,0,10,0.0,0,7,8.2,0,2,5.5,6.0,8,"[7.0, 7.5, 6.0, 7.5, 6.5, 5.0, 6.0]",10,5.0,11.0
eye_eye,Eye-Eye,['fish'],,0,5,0.0,0,1,5.8,0,6,1.8,1.8,2.0,"[1.83, 1.915, 1.83, 2.0, 1.915, 1.83, 1.83]",3,1.0,11.0
tectonic_fracture,Tectonic Fracture,"['atlas', 'mod', 'warframe', 'augment', 'rare']",,0,5,0.0,0,10,15.0,0,1,10.0,10.0,11.8,"[10.0, 13.0, 12.0, 9.0, 11.5, 12.0, 10.0]",15,1,10.0
skull_shots,Skull Shots,"['pvp', 'viper', 'rare', 'mod', 'secondary']",,0,4,0.0,0,7,10.5,0,1,10.0,10.0,9.0,"[8.0, 8.0, 9.0, 10.5, 7.0, 8.0, 10.0]",15,7.0,10.0
jagged_edge,Jagged Edge,"['mod', 'melee', 'rare']",,0,7,0.0,0,2,3.8,0,3,3.3,3.5,3.0,"[4.0, 2.0, 3.0, 2.0, 2.0, 2.0, 3.5]",5,2,10.0
crash_course,Crash Course,"['mod', 'rare', 'rifle', 'primary']",,0,8,0.0,0,5,6.6,0,3,3.3,3.5,4.0,"[3.0, 3.0, 4.5, 4.5, 4.0, 3.0, 3.5]",6,3,10.0
parallax_scope,Parallax Scope,"['common', 'primary', 'mod', 'archwing', 'archgun']",,0,1,0.0,0,10,10.0,0,3,3.3,3.0,3.0,"[3.0, 2.0, 3.0, 3.0, 3.0, 2.0, 3.0]",5.0,1.0,10.0
arcane_eruption,Arcane Eruption,"['uncommon', 'arcane_enhancement']",,0,6,0.0,0,2,2.4,0,2,5.0,5.0,2.5,"[2.0, 4.0, 1.5, 2.0, 2.0, 2.0, 5.0]",5,1.5,10.0
tainted_clip,Tainted Clip,"['mod', 'rare', 'pistol', 'secondary']",,0,11,0.0,0,2,2.4,0,7,1.4,1.5,2.0,"[2.0, 2.0, 3.0, 2.0, 3.0, 2.0, 1.5]",5.0,1,10.0
exodia_force,Exodia Force,"['rare', 'arcane_enhancement']",,0,3,0.0,0,6,13.7,0,1,10.0,9.0,9.0,"[9.0, 7.0, 8.0, 8.0, 9.0, 8.0, 9.0]",15,6.0,10.0
regen,Regen,"['mod', 'sentinel', 'common']",,0,2,0.0,0,2,3.5,0,2,5.0,5.0,3.0,"[3.0, 3.0, 2.0, 3.0, 3.0, 3.0, 5.0]",5,1,10.0
lucky_shot,Lucky Shot,"['primary', 'uncommon', 'pvp', 'rifle', 'mod']",,0,1,0.0,0,25,25.0,0,1,10.0,10.0,10.0,"[10.0, 10.0, 6.0, 10.0]",10.0,6.0,10.0
warm_coat,Warm Coat,"['mod', 'warframe', 'common']",,0,2,0.0,0,4,4.5,0,1,10.0,3.0,5,"[2.0, 10.0, 3.0, 17.5, 85.0, 2.0, 3.0]",85.0,2.0,10.0
fever_strike,Fever Strike,"['mod', 'melee', 'uncommon']",,0,4,0.0,0,3,5.0,0,3,3.3,4.0,3.0,"[3.0, 2.0, 3.0, 2.5, 2.0, 3.0, 4.0]",5,2,10.0
endless_lullaby,Endless Lullaby,"['baruuk', 'mod', 'warframe', 'augment', 'rare']",,0,4,0.0,0,9,11.8,0,1,10.0,10.0,10.0,"[10.0, 12.5, 10.0, 12.0, 10.0, 8.0, 10.0]",20,8.0,10.0
aerial_ace,Aerial Ace,"['mod', 'rare', 'rifle', 'primary']",,0,1,0.0,0,20,20.0,0,1,10.0,10.0,13.0,"[9.0, 10.0, 9.0, 15.0, 10.5, 10.0, 10.0]",25.0,8,10.0
anchored_glide,Anchored Glide,"['mod', 'rare', 'warframe', 'zephyr']",,0,5,0.0,0,10,14.2,0,1,10.0,10.0,11.0,"[11.5, 12.0, 9.0, 15.0, 11.0, 14.5, 10.0]",15,5.0,10.0
bursting_mass,Bursting Mass,"['mod', 'mutalist_quanta', 'rare', 'primary']",,0,4,0.0,0,7,10.0,0,1,10.0,10.0,10,"[11.5, 9.0, 9.0, 13.0, 8.0, 10.0, 10.0]",14.5,5,10.0
damaged_necramech_weapon_barrel,Damaged Necramech Weapon Barrel,"['component', 'necramech']",,0,2,0.0,0,15,20.0,0,1,10.0,10.0,7,"[4.0, 5.0, 4.0, 10.0, 5.0, 5.0, 10.0]",10,4.0,10.0
retribution,Retribution,"['mod', 'warframe', 'rare']",,0,13,0.0,0,2,2.6,0,3,3.3,3.5,3.5,"[2.0, 5.0, 4.0, 2.0, 2.0, 2.0, 3.5]",11.5,2,10.0
avenging_truth,Avenging Truth,"['syndicate', 'mod', 'silva_and_aegis', 'melee', 'rare']",,0,4,0.0,0,8,12.8,0,1,10.0,10.0,10.0,"[10.0, 11.0, 11.0, 10.0, 14.0, 8.0, 10.0]",20,5.0,10.0
resolute_focus,Resolute Focus,"['uncommon', 'primary', 'mod', 'archwing', 'archgun']",,0,10,0.0,0,2,3.8,0,1,10.0,10.0,5.0,"[6.0, 4.0, 5.0, 4.0, 5.0, 10.0, 10.0]",10.0,3,10.0
meteor_crash,Meteor Crash,"['rare', 'melee', 'mod', 'archwing', 'archmelee']",,0,4,0.0,0,5,6.2,0,2,5.0,5.0,5,"[5.0, 5.0, 5.0, 7.0, 4.0, 4.0, 5.0]",10,3,10.0
zodiac_shred,Zodiac Shred,"['rare', 'primary', 'mod', 'archwing', 'archgun']",,0,2,0.0,0,5,10.0,0,1,10.0,10.0,5.0,"[9.0, 8.0, 10.0, 7.5, 6.5, 8.0, 10.0]",12.0,4,10.0
duality,Duality,"['mod', 'warframe', 'augment', 'rare', 'equinox']",,0,3,0.0,0,12,15.7,0,1,10.0,10.0,12,"[10.0, 9.5, 10.0, 11.5, 9.0, 10.0, 10.0]",15,7,10.0
exposing_harpoon,Exposing Harpoon,"['mod', 'harpak', 'rare', 'primary']",,0,4,0.0,0,7,15.0,0,1,10.0,10.0,10.0,"[10.0, 10.0, 10.0, 10.0, 8.0, 10.0, 10.0]",18,6.0,10.0
the_relentless_lost,The Relentless Lost,"['xaku', 'mod', 'warframe', 'augment', 'rare']",,0,4,0.0,0,10,13.0,0,1,10.0,10.0,10.0,"[9.5, 10.0, 5.0, 10.0, 9.0, 8.0, 10.0]",12,5.0,10.0
critical_precision,Critical Precision,"['mod', 'rare', 'primary', 'tiberon']",,0,3,0.0,0,14,33.0,0,1,10.0,10.0,11.0,"[14.5, 12.5, 15.0, 15.0, 12.0, 15.0, 10.0]",20,5.0,10.0
primary_obstruct,Primary Obstruct,"['rare', 'arcane_enhancement']",,0,4,0.0,0,3,6.5,0,3,3.3,3.0,3.0,"[3.0, 4.0, 4.0, 4.0, 3.0, 4.0, 3.0]",4,1,10.0
coil_recharge,Coil Recharge,"['gyre', 'mod', 'warframe', 'augment', 'rare']",,0,6,0.0,0,14,15.4,0,1,10.0,10.0,10.5,"[12.0, 10.0, 11.0, 11.0, 10.5, 10.0, 10.0]",15,5.0,10.0
höllvania_central_mall_subway,Höllvania Central Mall Subway,['scene'],,0,1,0.0,0,69,69.0,0,1,10.0,10.0,15.0,"[10.0, 20.0, 20.0, 10.0]",20.0,10.0,10.0
vesper_77_barrel,Vesper 77 Barrel,"['component', 'weapon']",,0,3,0.0,0,6,11.0,0,1,10.0,10.0,9,"[10.0, 8.0, 9.0, 8.0, 10.0, 10.0, 10.0]",10,3,10.0
secondary_irradiate,Secondary Irradiate,"['rare', 'arcane_enhancement']",,0,4,0.0,0,2,5.0,0,5,2.0,2.0,2.0,"[2.0, 2.0, 2.5, 2.335, 1.75, 2.0, 2.0]",4,1,10.0
boro_overlook_scene,Boro Overlook Scene,['scene'],,0,0,0.0,0,0,0.0,0,1,10.0,10.0,30,"[5, 80, 30, 80, 40.0, 15.0, 10.0]",80,5,10.0
world_seeder_scene,World-Seeder Scene,['scene'],,0,1,0.0,0,95,95.0,0,1,10.0,10.0,30,"[50, 30, 50, 20, 20.0, 40.0, 10.0]",50,10.0,10.0
da_ren,Da-Ren,"['mod', 'uncommon', 'any']",,0,9,0.0,0,8,8.6,0,2,5.0,5.0,5.0,"[4.0, 5.0, 6.0, 5.0, 10.0, 4.0, 5.0]",10.0,3,10.0
vulcan_blitz,Vulcan Blitz,"['mod', 'uncommon', 'melee', 'jat_kittag']",,0,14,0.0,0,3,4.4,0,2,4.5,7.0,5.5,"[4.5, 5.0, 6.0, 4.0, 7.0, 5.0, 7.0]",9,4,9.0
seismic_palm,Seismic Palm,"['mod', 'rare', 'stance', 'fists']",,0,8,0.0,0,2,3.6,0,3,3.0,3.0,2.8,"[3.5, 1.0, 2.0, 3.0, 2.5, 3.0, 3.0]",5,1,9.0
grim_fury,Grim Fury,"['mod', 'uncommon', 'stance', 'sparring']",,0,1,0.0,0,7,7.0,0,2,4.5,4.5,4.0,"[3.0, 4.0, 3.0, 4.0, 3.0, 3.5, 4.5]",5,2,9.0
cephalon_suda_augment_mod,Cephalon Suda Augment Mod,"['syndicate', 'mod', 'rare']",,0,3,0.0,0,9,9.3,0,1,9.0,9.0,10.0,"[8.0, 10.0, 10.0, 9.0, 10.0, 10.0, 9.0]",12.5,8,9.0
chilling_grasp,Chilling Grasp,"['shotgun', 'mod', 'uncommon', 'primary']",,0,2,0.0,0,5,2.5,0,5,1.8,2.0,2.5,"[2.0, 3.0, 2.0, 2.0, 4.0, 1.0, 2.0]",5,1.0,9.0
motus_setup,Motus Setup,"['mod', 'rare', 'primary', 'shotgun']",,0,4,0.0,0,4,6.0,0,2,4.5,4.0,4.0,"[5.0, 3.0, 3.0, 3.0, 4.0, 5.0, 4.0]",8,2.5,9.0
hydraulic_crosshairs,Hydraulic Crosshairs,"['common', 'mod', 'pistol', 'secondary']",,0,3,0.0,0,4,6.0,0,2,4.5,5.0,5,"[5.0, 7.0, 5.0, 4.0, 5.0, 3.5, 5.0]",7.0,2,9.0
thiefs_wit,Thief's Wit,"['mod', 'warframe', 'common']",,0,5,0.0,0,4,5.0,0,5,1.8,2.0,2.8,"[3.0, 3.0, 3.0, 2.0, 3.0, 3.0, 2.0]",5.0,1,9.0
purifying_flames,Purifying Flames,"['mod', 'warframe', 'ember', 'augment', 'rare']",,0,1,0.0,0,10,10.0,0,1,9.0,8.0,8.0,"[6.0, 7.5, 9.0, 6.0, 9.0, 8.0, 8.0]",10,5,9.0
emp_aura,EMP Aura,"['mod', 'aura', 'uncommon']",,0,4,0.0,0,10,18.5,0,1,9.0,9.0,10,"[9.0, 10.0, 7.0, 10.0, 10.0, 10.0, 9.0]",20.0,2,9.0
ice_wave_impedance,Ice Wave Impedance,"['mod', 'warframe', 'augment', 'rare', 'frost']",,0,4,0.0,0,15,17.5,0,1,9.0,9.0,11.0,"[10.0, 12.5, 9.0, 10.0, 12.0, 10.0, 9.0]",15,9.0,9.0
gunslinger,Gunslinger,"['mod', 'uncommon', 'pistol', 'secondary']",,0,2,0.0,0,6,7.0,0,2,4.5,4.5,3.0,"[2.5, 3.0, 4.0, 2.0, 2.5, 2.0, 4.5]",5,2,9.0
necramech_redirection,Necramech Redirection,"['mod', 'common', 'necramech']",,0,8,0.0,0,4,4.8,0,2,4.5,4.0,5.0,"[5.5, 5.0, 5.0, 4.5, 4.0, 5.0, 4.0]",5.5,3,9.0
damaged_necramech_set,Damaged Necramech Set,"['necramech', 'set', 'mech']",,0,5,0.0,0,10,16.0,0,1,9.0,10.0,10.0,"[10.0, 9.5, 10.0, 10.0, 10.0, 10.0, 10.0]",10.0,8,9.0
wolf_sledge_handle,Wolf Sledge Handle,"['component', 'weapon']",,0,10,0.0,0,4,7.2,0,2,4.5,4.0,4.5,"[5.0, 5.0, 4.5, 4.5, 4.0, 5.0, 4.0]",7.5,3.0,9.0
meso_c6_relic,Meso C6 Relic,"['relic', 'meso']",,1,2,0.5,6,3,4.5,-3,2,3.0,3.0,4.0,"[4, 5, 2, 3.0, 5.0, 4.0, 3.0]",5,2,9.0
lith_t1_relic,Lith T1 Relic,"['relic', 'lith']",,2,1,2.0,19,5,5.0,-14,1,3.0,3.0,5.0,"[5.0, 2.67, 5.0, 5.0, 4.0, 4.0, 3.0]",30,2.0,9.0
cryptosuctus,Cryptosuctus,['fish'],,0,5,0.0,0,1,1.0,0,9,1.0,1.0,1.0,"[2.0, 1.83, 1.415, 1.0, 1.0, 1.83, 1.0]",2.5,1,9.0
mountains_edge,Mountain's Edge,"['mod', 'uncommon', 'stance', 'dual_nikanas']",,0,0,0.0,0,0,0.0,0,1,9.0,9.0,9,"[7.0, 9.0, 5.0, 9.0, 10.0, 10.0, 9.0]",30.0,5,9.0
damaged_necramech_weapon_pod,Damaged Necramech Weapon Pod,"['necramech', 'component', 'damaged']",,0,10,0.0,0,2,2.0,0,5,1.8,3.0,1.5,"[1.0, 2.0, 2.0, 2.0, 1.0, 1.5, 3.0]",20.0,1,8.8
iatric_mycelium,Iatric Mycelium,"['mod', 'rare', 'kubrow', 'vizier_predasite']",,0,0,0.0,0,0,0.0,0,1,8.5,9.0,8.5,"[8, 9.0]",9.0,8,8.5
marquise_veridos,Marquise Veridos,['gem'],,0,8,0.0,0,1,2.0,0,8,1.0,1.0,1.0,"[1.0, 0.915, 0.75, 1.0, 0.83, 1.0, 1.0]",3,0.5,8.0
eroding_blight,Eroding Blight,"['embolist', 'syndicate', 'secondary', 'mod', 'rare']",,0,5,0.0,0,8,10.4,0,1,8.0,8.0,8.0,"[8.0, 8.0, 15.0, 9.0, 8.0, 9.0, 8.0]",17,5,8.0
squad_renew,Squad Renew,"['mod', 'rare', 'railjack']",,0,3,0.0,0,10,13.3,0,1,8.0,8.0,9.0,"[10.0, 9.0, 10.0, 9.0, 10.0, 8.5, 8.0]",14.0,6,8.0
necramech_slipstream,Necramech Slipstream,"['mod', 'common', 'necramech']",,0,3,0.0,0,9,9.3,0,1,8.0,8.0,6.0,"[7.5, 15.0, 6.0, 8.0, 9.0, 7.0, 8.0]",15.0,4,8.0
master_thief,Master Thief,"['mod', 'warframe', 'rare']",,0,8,0.0,0,2,3.4,0,2,4.0,4.0,3.0,"[3.0, 3.0, 2.0, 1.0, 3.0, 2.0, 4.0]",4,1.0,8.0
carnis_mandible,Carnis Mandible,"['mod', 'common', 'melee']",,0,7,0.0,0,2,3.2,0,3,2.7,1.5,2.0,"[2.0, 2.0, 5.0, 2.0, 1.5, 5.0, 1.5]",5.0,1,8.0
necramech_fury,Necramech Fury,"['mod', 'common', 'necramech']",,0,5,0.0,0,2,6.4,0,2,4.0,5.5,4.0,"[5.0, 5.0, 5.0, 4.5, 5.0, 4.0, 5.5]",7.0,2,8.0
kaal_zidi,Kaal-Zidi,"['mod', 'uncommon', 'any']",,0,6,0.0,0,5,9.2,0,2,4.0,3.0,5.0,"[5.0, 10.0, 6.0, 4.0, 5.0, 5.0, 3.0]",10.0,3,8.0
neo_v11_relic,Neo V11 Relic,"['relic', 'neo']",,2,2,1.0,6,4,5.0,-2,1,4.0,4.0,2.5,"[3.0, 2.5, 1.33, 2.0, 2.5, 3.0, 4.0]",4.0,1,8.0
meso_a11_relic,Meso A11 Relic,"['relic', 'meso']",,1,1,1.0,6,40,40.0,34,1,4.0,42.0,4.0,"[4, 5.0, 6.0, 8.0, 4.915, 5.0, 42.0]",42.0,3,8.0
meso_a12_relic,Meso A12 Relic,"['relic', 'meso']",,1,3,0.33,4,2,7.3,-2,3,2.0,2.0,3.0,"[3.0, 2.8, 3.0, 2.0, 2.0, 0.33, 2.0]",6.0,0.33,8.0
infected_clip,Infected Clip,"['mod', 'uncommon', 'rifle', 'primary']",,0,5,0.0,0,1,2.6,0,4,1.9,3.0,2.0,"[2.0, 2.0, 2.0, 1.5, 1.5, 1.5, 3.0]",4.0,1,7.5
meso_k8_relic,Meso K8 Relic,"['relic', 'meso']",,1,4,0.25,4,1,1.0,-3,6,1.0,0.7,1.0,"[1.0, 3.0, 2.0, 1.0, 1.0, 0.835, 0.67]",3.0,0.67,7.5
continuous_misery,Continuous Misery,"['common', 'mod', 'rifle', 'primary']",,0,6,0.0,0,3,5.4,0,2,3.5,2.0,3.0,"[2.5, 2.0, 4.0, 4.0, 2.5, 2.0, 2.0]",5.0,2,7.0
shotgun_scavenger,Shotgun Scavenger,"['mod', 'aura', 'uncommon']",,0,3,0.0,0,12,14.0,0,1,7.0,14.0,10,"[14.0, 10.0, 7.0, 10.0, 7.0, 10.0, 14.0]",15.0,5.0,7.0
burning_wasp,Burning Wasp,"['mod', 'uncommon', 'stance', 'whips']",,0,5,0.0,0,2,1.0,0,6,1.2,1.0,1.0,"[1.0, 5.0, 1.0, 2.0, 2.0, 2.0, 1.0]",5.0,1,7.0
scimitar_engines_blueprint,Scimitar Engines Blueprint,['blueprint'],,0,11,0.0,0,2,2.8,0,3,2.3,2.5,2.5,"[2.0, 1.0, 3.0, 2.0, 3.0, 3.0, 2.5]",5.0,1,7.0
rending_strike,Rending Strike,"['mod', 'melee', 'rare']",,0,5,0.0,0,4,6.8,0,3,2.3,2.5,2.5,"[2.0, 3.0, 2.0, 2.0, 2.0, 2.0, 2.5]",4.0,1,7.0
tainted_shell,Tainted Shell,"['shotgun', 'mod', 'rare', 'primary']",,0,16,0.0,0,2,3.2,0,5,1.4,1.5,2.0,"[3.0, 2.0, 2.0, 5.0, 2.0, 2.0, 1.5]",5,1,7.0
flow_burn,Flow Burn,"['mod', 'railjack', 'uncommon']",,0,5,0.0,0,4,6.8,0,2,3.5,3.5,4,"[5.0, 3.0, 3.0, 3.0, 4.0, 5.0, 3.5]",5,2,7.0
firewall,Firewall,"['mod', 'uncommon', 'parazon']",,0,7,0.0,0,7,12.8,0,1,7.0,7.0,8.5,"[8.0, 9.0, 8.0, 10.0, 8.0, 8.0, 7.0]",10,5,7.0
haav,Haav,['fish'],,0,4,0.0,0,5,7.8,0,1,7.0,7.0,6.0,"[5, 25, 1, 5, 10.0, 50.0, 7.0]",50.0,1,7.0
streamline,Streamline,"['mod', 'warframe', 'rare']",,0,15,0.0,0,1,1.8,0,3,2.0,2.0,2.0,"[2.5, 2.0, 3.0, 2.0, 2.0, 2.0, 2.0]",4,1,6.0
war_hilt,War Hilt,"['component', 'weapon']",,0,10,0.0,0,1,2.4,0,4,1.5,1.5,2,"[2.0, 2.0, 1.5, 1.5, 2.0, 1.0, 1.5]",3.0,1,6.0
ghost,Ghost,"['mod', 'common', 'sentinel', 'shade']",,0,3,0.0,0,1,5.7,0,2,3.0,3.0,3.0,"[3.0, 3.0, 2.0, 1.0, 5.0, 3.0, 3.0]",5.0,1.0,6.0
sinister_reach,Sinister Reach,"['mod', 'uncommon', 'primary']",,0,8,0.0,0,1,2.4,0,2,3.0,3.0,2.5,"[2.0, 3.0, 3.0, 2.0, 3.0, 3.0, 3.0]",5,1.5,6.0
vacuum,Vacuum,"['mod', 'common', 'sentinel', 'robotic']",,0,1,0.0,0,3,3.0,0,2,3.0,3.0,4.0,"[3.0, 1.5, 3.0, 2.0, 2.0, 3.0, 3.0]",5,1.0,6.0
arcane_primary_charger,Arcane Primary Charger,"['arcane_enhancement', 'rare']",,0,2,0.0,0,5,2.0,0,3,2.0,2.0,2.0,"[2.0, 2.0, 3.0, 5.0, 2.0, 2.0, 2.0]",5.0,1.0,6.0
heart_noctrul,Heart Noctrul,['gem'],,0,7,0.0,0,1,1.8,0,6,1.0,1.0,1,"[1.0, 0.83, 0.83, 0.83, 0.75, 0.5, 1.0]",5,0.5,6.0
saxum_thorax,Saxum Thorax,"['mod', 'common', 'melee']",,0,6,0.0,0,4,6.4,0,1,6.0,6.0,4.5,"[4.5, 5.0, 5.0, 5.0, 4.0, 5.0, 6.0]",6,2.0,6.0
focused_acceleration,Focused Acceleration,"['primary', 'pvp', 'rare', 'mod', 'tetra']",,0,2,0.0,0,12,16.0,0,1,6.0,6.0,10.0,"[13.0, 10.0, 15.0, 15.0, 8.0, 6.0, 6.0]",15,3,6.0
guardian,Guardian,"['mod', 'common', 'sentinel', 'robotic']",,0,1,0.0,0,3,3.0,0,2,3.0,2.0,3.0,"[3.5, 3.5, 4.0, 4.0, 4.0, 2.0, 2.0]",5,1.0,6.0
requiem_iv_relic,Requiem IV Relic,"['relic', 'requiem']",,0,10,0.0,0,1,1.4,0,6,1.0,1.0,1.0,"[0.83, 0.83, 1.0, 1.0, 0.83, 1.0, 1.0]",3,0.5,6.0
mortus_lungfish,Mortus Lungfish,['fish'],,0,3,0.0,0,1,1.0,0,6,1.0,1.0,1.0,"[1.33, 1.0, 1.0, 1.0, 1.0, 0.75, 1.0]",2,0.75,6.0
meso_a7_relic,Meso A7 Relic,"['meso', 'relic']",,2,4,0.5,10,3,2.0,-7,1,4.0,4.0,2.0,"[3.0, 3.0, 1.0, 2.25, 1.5, 1.5, 4.0]",5.0,1,6.0
esti_vel_ikha,Esti Vel-Ikha,"['mod', 'rare', 'any']",,0,7,0.0,0,5,6.0,0,2,3.0,3.0,4.0,"[3.5, 5.0, 4.5, 5.0, 4.0, 4.0, 3.0]",5,2,6.0
steel_fiber,Steel Fiber,"['mod', 'common', 'warframe']",,0,2,0.0,0,5,7.5,0,2,2.5,2.5,3.0,"[4.0, 3.0, 3.0, 3.0, 2.0, 3.0, 2.5]",5,1,5.0
piercing_step,Piercing Step,"['mod', 'uncommon', 'warframe']",,0,3,0.0,0,10,13.0,0,1,5.0,5.0,4.5,"[5, 4, 4.0, 4.0, 3.0, 3.0, 5.0]",7,3.0,5.0
vulpine_mask,Vulpine Mask,"['mod', 'rare', 'stance', 'rapiers']",,0,9,0.0,0,2,3.2,0,3,1.7,2.0,1.5,"[2.0, 1.5, 1.0, 2.0, 1.0, 2.0, 2.0]",4,1,5.0
deceptive_bond,Deceptive Bond,"['mod', 'warframe', 'augment', 'loki', 'rare']",,0,4,0.0,0,6,16.2,0,1,5.0,5.0,10,"[13.0, 20.0, 8.0, 20.0, 8.0, 12.5, 5.0]",20,3.0,5.0
arcane_ultimatum,Arcane Ultimatum,"['arcane_enhancement', 'rare']",,0,4,0.0,0,2,3.0,0,1,5.0,5.0,2.0,"[2.0, 2.0, 2.0, 3.0, 3.0, 2.0, 5.0]",5.0,1,5.0
assault_mode,Assault Mode,"['sentinel', 'mod', 'common']",,0,4,0.0,0,2,6.0,0,3,1.7,2.0,2.0,"[1.0, 2.0, 3.0, 2.0, 1.0, 1.0, 2.0]",4,1,5.0
maiming_strike,Maiming Strike,"['mod', 'melee', 'rare']",,0,7,0.0,0,4,4.6,0,1,5.0,5.0,4,"[4.0, 4.0, 3.0, 5.0, 4.0, 4.0, 5.0]",5,2,5.0
finishing_touch,Finishing Touch,"['mod', 'melee', 'uncommon']",,0,3,0.0,0,2,3.3,0,3,1.7,2.0,3,"[5.0, 2.0, 2.0, 5.0, 4.0, 2.0, 2.0]",5.0,1.5,5.0
rubedo_lined_barrel,Rubedo-Lined Barrel,"['uncommon', 'primary', 'mod', 'archwing', 'archgun']",,0,5,0.0,0,2,7.8,0,1,5.0,5.0,3.0,"[3.0, 4.0, 4.0, 3.0, 5.0, 5.0, 5.0]",6,2,5.0
flailing_branch,Flailing Branch,"['mod', 'rare', 'stance', 'staves']",,0,13,0.0,0,1,2.0,0,5,1.0,1.0,2.0,"[2.5, 2.5, 2.0, 2.5, 2.0, 2.0, 1.0]",5.0,1,5.0
shocking_touch,Shocking Touch,"['mod', 'melee', 'uncommon']",,0,2,0.0,0,3,3.0,0,3,1.7,2.0,3.0,"[1.0, 1.0, 2.0, 2.0, 1.0, 2.0, 2.0]",5,1.0,5.0
lock_and_load,Lock And Load,"['primary', 'pvp', 'shotgun', 'rare', 'mod']",,0,8,0.0,0,2,3.6,0,2,2.5,2.5,3.0,"[4.0, 2.0, 2.0, 3.0, 2.0, 4.5, 2.5]",5,1,5.0
fast_deflection,Fast Deflection,"['mod', 'uncommon', 'warframe']",,0,4,0.0,0,3,3.0,0,3,1.7,2.0,2.0,"[2.0, 3.0, 2.5, 2.5, 3.0, 2.0, 2.0]",6.0,1,5.0
medi_pet_kit,Medi-Pet Kit,"['companion', 'mod', 'rare', 'sentinel']",,0,8,0.0,0,2,3.0,0,2,2.5,2.5,2.0,"[2.0, 2.0, 2.0, 2.0, 1.5, 2.0, 2.5]",5,1.0,5.0
shattering_impact,Shattering Impact,"['mod', 'melee', 'common']",,0,3,0.0,0,5,6.3,0,2,2.5,2.5,3.0,"[3.0, 2.0, 3.0, 5.0, 3.0, 5.0, 2.5]",5.5,1,5.0
lasting_sting,Lasting Sting,"['mod', 'melee', 'common']",,0,5,0.0,0,3,4.4,0,2,2.5,4.0,3,"[1.0, 3.0, 2.0, 1.0, 2.0, 4.0, 4.0]",5,1.0,5.0
tribunal,Tribunal,"['mod', 'warframe', 'rare', 'augment', 'harrow']",,0,2,0.0,0,10,15.0,0,1,5.0,5.0,10,"[10.0, 5.0, 12.5, 10.0, 5.0, 7.5, 5.0]",14,5.0,5.0
cruising_speed,Cruising Speed,"['railjack', 'uncommon', 'mod']",,0,3,0.0,0,3,5.7,0,1,5.0,5.0,3.0,"[3.0, 5.0, 4.0, 3.0, 5.0, 3.5, 5.0]",5.0,2,5.0
poisonous_sting,Poisonous Sting,"['uncommon', 'melee', 'mod', 'archwing', 'archmelee']",,0,4,0.0,0,9,9.5,0,1,5.0,5.0,5.0,"[4.0, 3.0, 5.0, 5.0, 5.0, 5.0, 5.0]",5,3.0,5.0
sundering_weave,Sundering Weave,"['mod', 'uncommon', 'stance', 'machetes']",,0,7,0.0,0,1,2.0,0,2,2.5,2.5,2.0,"[2.0, 2.0, 1.5, 2.0, 5.0, 2.0, 2.5]",5,1,5.0
cryo_rounds,Cryo Rounds,"['mod', 'uncommon', 'rifle', 'primary']",,0,3,0.0,0,3,4.0,0,2,2.5,3.0,2.5,"[3.0, 2.0, 2.0, 2.0, 2.0, 2.0, 3.0]",5.0,1,5.0
nano_applicator,Nano-Applicator,"['shotgun', 'mod', 'rare', 'primary']",,0,11,0.0,0,3,4.2,0,1,5.0,5.0,3.0,"[3.0, 3.0, 3.0, 4.0, 4.0, 4.0, 5.0]",7,1.0,5.0
live_wire,Live Wire,"['mod', 'common', 'parazon']",,0,7,0.0,0,4,4.0,0,1,5.0,5.0,4.0,"[4.0, 4.0, 4.0, 4.0, 5.0, 5.0, 5.0]",5,2,5.0
master_key,Master Key,"['mod', 'common', 'parazon']",,0,9,0.0,0,5,9.0,0,1,5.0,5.0,4.0,"[4.0, 5.0, 4.0, 5.0, 4.0, 4.0, 5.0]",10,3,5.0
tek_collateral,Tek Collateral,"['mod', 'warframe', 'rare']",,0,24,0.0,0,3,3.2,0,2,2.5,3.0,3.0,"[3.0, 3.0, 3.0, 4.0, 3.0, 2.5, 3.0]",5.5,2.0,5.0
damaged_necramech_casing,Damaged Necramech Casing,"['necramech', 'component', 'damaged']",,0,13,0.0,0,1,1.6,0,3,1.7,1.0,1.0,"[2.0, 1.0, 1.0, 1.0, 1.5, 2.0, 1.0]",2,1,5.0
kymaeros,Kymaeros,['fish'],,0,7,0.0,0,1,2.8,0,5,1.0,1.0,1.0,"[1.0, 1.085, 0.83, 1.0, 0.83, 0.83, 1.0]",9,0.83,5.0
waveband_disruptor,Waveband Disruptor,"['mod', 'uncommon', 'railjack']",,0,8,0.0,0,5,6.0,0,1,5.0,5.0,5,"[4.0, 5.0, 5.0, 4.5, 4.0, 3.0, 5.0]",6,2.5,5.0
deimos_cenote_scene,Deimos Cenote Scene,"['scene', 'misc']",,0,6,0.0,0,5,12.8,0,1,5.0,5.0,5.0,"[5.0, 8.0, 3.0, 5.0, 5.0, 5.0, 5.0]",40,3.0,5.0
diversified_denial,Diversified Denial,"['mod', 'rare', 'sentinel', 'hound']",,0,5,0.0,0,5,14.6,0,1,5.0,5.0,6.0,"[7.0, 7.0, 5.0, 5.0, 8.0, 6.0, 5.0]",9.5,4,5.0
ghoulsaw_blade_blueprint,Ghoulsaw Blade,"['weapon', 'component']",,0,0,0.0,0,0,0.0,0,1,5.0,25.0,5.0,"[5, 20, 5.0, 4.0, 5.0, 5.0, 25.0]",50,4.0,5.0
neo_k9_relic,Neo K9 Relic,"['neo', 'relic']",,2,3,0.67,6,3,1.5,-3,2,1.5,5.0,1.5,"[1.0, 2.0, 1.5, 1.835, 1.0, 1.0, 5.0]",6,1,5.0
magus_overload,Magus Overload,"['common', 'arcane_enhancement']",,1,7,0.14,3,5,10.8,2,2,2.0,2.0,6.0,"[10.0, 3.0, 6.0, 6.0, 6.0, 10.0, 2.0]",10.0,2.0,4.6
pummel,Pummel,"['mod', 'rare', 'pistol', 'secondary']",,0,6,0.0,0,5,6.6,0,1,4.0,4.0,4.0,"[4.0, 4.0, 4.0, 3.0, 4.0, 4.0, 4.0]",5,2,4.0
steady_hands,Steady Hands,"['mod', 'rare', 'pistol', 'secondary']",,0,11,0.0,0,2,2.8,0,3,1.3,1.5,2.0,"[2.0, 1.5, 2.0, 1.0, 2.0, 1.0, 1.5]",5,1.0,4.0
concealed_explosives,Concealed Explosives,"['mod', 'rare', 'secondary', 'thrown']",,0,10,0.0,0,2,2.6,0,2,2.0,2.0,3.0,"[3.5, 3.5, 2.0, 2.0, 4.0, 2.0, 2.0]",5.0,2,4.0
intruder,Intruder,"['mod', 'common', 'parazon']",,0,5,0.0,0,3,2.0,0,3,1.3,1.0,2.0,"[3.0, 1.0, 2.0, 2.0, 1.0, 2.0, 1.0]",10,1,4.0
hawk_eye,Hawk Eye,"['mod', 'uncommon', 'pistol', 'secondary']",,0,2,0.0,0,4,6.5,0,1,4.0,3.0,4.0,"[3, 6, 10, 2.0, 5.0, 5.0, 3.0]",10,2.0,4.0
mobilize,Mobilize,"['mod', 'uncommon', 'warframe']",,0,3,0.0,0,2,3.3,0,1,4.0,4.0,3.0,"[3.0, 2.0, 3.0, 5.0, 3.0, 4.0, 4.0]",5,2.0,4.0
virtuos_ghost,Virtuos Ghost,"['operator', 'arcane_enhancement', 'rare']",,0,3,0.0,0,4,13.0,0,1,4.0,5,5.0,"[4.0, 5, 5, 7, 3, 5]",7,3,4.0
shepherd,Shepherd,"['mod', 'rare', 'aura']",,0,5,0.0,0,3,5.2,0,1,4.0,4.0,4.0,"[4.0, 4.5, 5.0, 5.0, 4.0, 4.0, 4.0]",5.0,2,4.0
suppress,Suppress,"['common', 'mod', 'pistol', 'secondary']",,0,3,0.0,0,2,3.7,0,1,4.0,4.0,4,"[1.0, 4.5, 2.0, 1.5, 1.5, 1.0, 4.0]",5,1,4.0
glacial_edge,Glacial Edge,"['uncommon', 'melee', 'mod', 'archwing', 'archmelee']",,0,4,0.0,0,2,7.8,0,1,4.0,4.0,4.0,"[5.0, 2.0, 4.0, 4.0, 5.0, 4.5, 4.0]",5,2.0,4.0
accelerated_blast,Accelerated Blast,"['shotgun', 'mod', 'rare', 'primary']",,0,5,0.0,0,2,2.0,0,2,2.0,2.0,2.0,"[2.0, 2.5, 1.5, 2.0, 5.0, 5.0, 2.0]",5,1,4.0
shield_charger,Shield Charger,"['mod', 'rare', 'sentinel', 'robotic']",,0,9,0.0,0,2,3.0,0,3,1.3,1.5,2.0,"[2.0, 2.0, 1.0, 2.0, 3.0, 1.0, 1.5]",5,1,4.0
enduring_affliction,Enduring Affliction,"['mod', 'melee', 'uncommon']",,0,3,0.0,0,4,8.0,0,1,4.0,4.0,4.0,"[2.0, 7.0, 11.0, 5.0, 4.0, 5.0, 4.0]",11.0,2,4.0
corpus_ship_orbital_cannon_scene,Corpus Ship Orbital Cannon Scene,"['scene', 'misc']",,0,3,0.0,0,10,5.0,0,1,4.0,4.0,5,"[15, 5, 5, 5.0, 10.0, 4.0, 4.0]",15,4.0,4.0
metal_auger,Metal Auger,"['mod', 'rare', 'rifle', 'primary']",,0,10,0.0,0,2,2.2,0,1,4.0,4.0,2.0,"[2.0, 3.0, 2.0, 2.0, 2.0, 2.0, 4.0]",5,1,4.0
combustion_beam,Combustion Beam,"['mod', 'primary', 'rare']",,0,11,0.0,0,1,2.2,0,3,1.3,1.0,2.0,"[2.0, 1.0, 1.0, 2.0, 4.0, 1.5, 1.0]",4.0,1,4.0
conductive_blade,Conductive Blade,"['uncommon', 'melee', 'mod', 'archwing', 'archmelee']",,0,1,0.0,0,5,5.0,0,1,4.0,4.0,4.0,"[5.0, 3.0, 4.0, 3.0, 3.0, 4.0, 4.0]",8,3,4.0
blood_for_life,Blood For Life,"['mod', 'common', 'parazon']",,0,9,0.0,0,5,7.2,0,1,4.0,1.0,4.0,"[4.0, 2.0, 4.0, 4.0, 4.0, 4.0, 1.0]",6.5,1.0,4.0
purged_dagonic,Purged Dagonic,['gem'],,0,5,0.0,0,3,1.0,0,6,0.7,0.7,1.0,"[0.33, 0.665, 0.5, 1.0, 0.33, 0.4, 0.67]",5,0.33,4.0
scrubber,Scrubber,['fish'],,0,6,0.0,0,1,2.0,0,2,2.0,2.0,1.4,"[1.0, 1.83, 1.0, 1.83, 1.83, 1.33, 2.0]",3,1.0,4.0
onslaught_matrix,Onslaught Matrix,"['mod', 'uncommon', 'railjack']",,0,6,0.0,0,2,3.6,0,2,2.0,2.0,3.0,"[4.0, 1.0, 3.0, 3.0, 3.0, 2.0, 2.0]",4.0,1.0,4.0
cleanse_the_murmur,Cleanse The Murmur,"['mod', 'uncommon', 'primary', 'shotgun']",,0,6,0.0,0,2,7.2,0,2,2.0,2.0,4.0,"[4.0, 9.0, 4.0, 8.0, 4.0, 10.0, 2.0]",10.0,2,4.0
bane_of_the_murmur,Bane Of The Murmur,"['mod', 'uncommon', 'primary', 'rifle']",,0,3,0.0,0,2,7.0,0,2,2.0,2.0,4.0,"[3.0, 3.0, 2.0, 4.0, 2.0, 5.0, 2.0]",5,1,4.0
smite_the_murmur,Smite The Murmur,"['mod', 'uncommon', 'melee']",,0,3,0.0,0,5,9.0,0,1,4.0,4.0,4.0,"[4, 7.5, 8, 4.0, 5.0, 4.5, 4.0]",8,3,4.0
balanced_posture,Balanced Posture,"['mod', 'common', 'stance', 'claws']",,0,6,0.0,0,5,6.0,0,1,4.0,4.0,5.0,"[5.0, 5.0, 3.0, 3.0, 4.0, 3.0, 4.0]",9.5,3,4.0
lashta_vak,Lashta-Vak,"['mod', 'rare', 'any']",,0,4,0.0,0,3,4.2,0,1,4.0,4.0,4.0,"[4.0, 4.0, 5.0, 5.0, 5.0, 5.0, 4.0]",6,2,4.0
crossing_snakes,Crossing Snakes,"['mod', 'rare', 'stance', 'dual_swords']",,0,17,0.0,0,1,1.8,0,1,3.0,3.0,2.0,"[3.0, 2.5, 1.5, 1.0, 2.0, 2.0, 3.0]",5.0,1,3.0
arcane_resistance,Arcane Resistance,"['uncommon', 'arcane_enhancement']",,0,1,0.0,0,3,3.0,0,1,3.0,3.0,3.0,"[2.0, 3.0, 3.0, 2.0, 2.0, 2.0, 3.0]",9,1,3.0
bane_of_grineer,Bane Of Grineer,"['mod', 'uncommon', 'rifle', 'primary']",,0,5,0.0,0,5,6.4,0,1,3.0,3.0,3,"[3.0, 2.0, 2.0, 2.0, 2.0, 4.0, 3.0]",5,1,3.0
enhanced_durability,Enhanced Durability,"['mod', 'archwing', 'uncommon']",,0,8,0.0,0,2,3.8,0,1,3.0,3.0,4.8,"[3.0, 4.0, 3.0, 3.0, 5.0, 3.0, 3.0]",8,2.0,3.0
expel_grineer,Expel Grineer,"['mod', 'uncommon', 'pistol', 'secondary']",,0,2,0.0,0,2,7.0,0,1,3.0,3.0,3.0,"[3, 3.0, 3.0, 10.0, 3.0, 3.0]",10.0,3,3.0
adhesive_blast,Adhesive Blast,"['unique', 'mod', 'rare', 'primary']",,0,16,0.0,0,2,2.6,0,1,3.0,3.0,2.5,"[4.0, 3.5, 2.0, 2.0, 2.0, 2.0, 3.0]",5,2.0,3.0
virtuos_tempo,Virtuos Tempo,"['common', 'arcane_enhancement', 'operator']",,0,3,0.0,0,4,4.0,0,1,3.0,3.0,4,"[4.0, 5.0, 3.0, 4.0, 3.0, 2.0, 3.0]",5,2.0,3.0
arcane_agility,Arcane Agility,"['uncommon', 'arcane_enhancement']",,0,5,0.0,0,3,3.4,0,1,3.0,3.0,3,"[3.0, 2.5, 3.0, 4.5, 3.0, 3.0, 3.0]",5.0,1,3.0
arcane_bodyguard,Arcane Bodyguard,"['arcane_enhancement', 'rare']",,0,8,0.0,0,2,2.8,0,1,3.0,3.0,3.0,"[2.0, 3.0, 2.0, 2.0, 3.0, 3.0, 3.0]",5,1,3.0
organ_shatter,Organ Shatter,"['mod', 'melee', 'common']",,0,2,0.0,0,2,2.5,0,1,3.0,3.0,2,"[2.0, 1.0, 2.0, 2.5, 1.0, 2.5, 3.0]",5.0,1,3.0
molten_impact,Molten Impact,"['mod', 'melee', 'uncommon']",,0,4,0.0,0,2,4.5,0,1,3.0,3.0,2.0,"[3.0, 2.0, 3.0, 2.0, 2.0, 2.0, 3.0]",9,1,3.0
spring_loaded_chamber,Spring-Loaded Chamber,"['mod', 'uncommon', 'primary', 'assault_rifle']",,0,6,0.0,0,6,7.8,0,1,3.0,3.0,5.2,"[5.0, 5.0, 5.0, 6.0, 8.0, 6.5, 3.0]",9,3.0,3.0
guardian_derision,Guardian Derision,"['mod', 'melee', 'rare']",,0,8,0.0,0,2,2.8,0,1,3.0,3.0,3.0,"[1.0, 5.0, 4.0, 2.0, 2.0, 2.0, 3.0]",5.0,1,3.0
section_density,Section Density,"['railjack', 'uncommon', 'mod']",,0,6,0.0,0,2,4.4,0,1,3.0,3.0,3.0,"[3.0, 3.0, 5.0, 8.0, 3.5, 3.0, 3.0]",8.0,2,3.0
cats_eye,Cat's Eye,"['mod', 'rare', 'kavat', 'adarza_kavat']",,0,9,0.0,0,4,4.4,0,1,3.0,3.0,3.0,"[2.5, 2.0, 5.0, 4.0, 3.0, 4.0, 3.0]",5.0,1,3.0
relentless_combination,Relentless Combination,"['mod', 'melee', 'uncommon']",,0,4,0.0,0,2,4.0,0,1,3.0,3.0,3.0,"[3.0, 3.0, 5.0, 2.0, 3.0, 3.0, 3.0]",5.0,1,3.0
shotgun_ammo_mutation,Shotgun Ammo Mutation,"['shotgun', 'mod', 'rare', 'primary']",,0,9,0.0,0,3,4.0,0,1,3.0,3.0,4.0,"[3.0, 2.0, 4.5, 3.5, 5.0, 4.0, 3.0]",6.0,2.0,3.0
reflex_draw,Reflex Draw,"['secondary', 'pvp', 'uncommon', 'mod', 'pistol']",,0,5,0.0,0,4,7.0,0,1,3.0,3.0,3.0,"[3.0, 3.0, 3.0, 7.0, 5.0, 8.0, 3.0]",8.0,2.5,3.0
hush,Hush,"['common', 'mod', 'rifle', 'primary']",,0,6,0.0,0,2,3.8,0,1,3.0,3.0,3.0,"[3.0, 2.5, 1.0, 4.0, 3.0, 2.0, 3.0]",5,1.0,3.0
true_steel,True Steel,"['mod', 'melee', 'common']",,0,2,0.0,0,5,6.5,0,1,3.0,3.0,3.0,"[2.0, 2.0, 3.0, 3.0, 3.0, 3.0, 3.0]",5,1.0,3.0
damaged_necramech_weapon_stock,Damaged Necramech Weapon Stock,"['component', 'necramech']",,0,4,0.0,0,5,9.8,0,1,3.0,5.5,8,"[10.0, 5.0, 5.0, 8.0, 6.0, 5.0, 5.5]",10,4,3.0
fury,Fury,"['mod', 'melee', 'uncommon']",,0,5,0.0,0,1,2.8,0,1,3.0,3.0,2.5,"[2.0, 2, 3, 4.0, 5.0, 1.0, 3.0]",5,1,3.0
ion_burn,Ion Burn,"['railjack', 'common', 'mod']",,0,8,0.0,0,2,3.8,0,1,3.0,3.0,3.0,"[3.0, 1.5, 3.0, 3.0, 5.0, 3.0, 3.0]",5,1,3.0
patagium,Patagium,"['mod', 'uncommon', 'warframe']",,0,4,0.0,0,5,5.8,0,1,3.0,3.0,3,"[3.0, 2.0, 5.0, 4.0, 3.0, 3.0, 3.0]",5,2,3.0
arcane_tanker,Arcane Tanker,"['arcane_enhancement', 'rare']",,0,4,0.0,0,4,2.5,0,1,3.0,3.0,2.5,"[2.0, 2.5, 2.0, 3.0, 2.0, 2.0, 3.0]",4.0,1.0,3.0
hyperstrike,Hyperstrike,"['railjack', 'common', 'mod']",,0,4,0.0,0,3,4.0,0,1,3.0,2.0,3.0,"[3.0, 3.0, 5.0, 4.0, 3.0, 3.0, 2.0]",5.0,1,3.0
orgone_tuning_matrix,Orgone Tuning Matrix,"['mod', 'uncommon', 'railjack']",,0,1,0.0,0,2,2.0,0,1,3.0,3.0,4.0,"[5.0, 4.0, 3.0, 3.0, 4.0, 4.0, 3.0]",5.0,2,3.0
cascadia_empowered,Cascadia Empowered,"['rare', 'arcane_enhancement']",,0,9,0.0,0,2,2.0,0,1,3.0,3.0,2,"[2.0, 2.0, 1.5, 2.0, 1.915, 2.0, 3.0]",3,1,3.0
conjunction_voltage,Conjunction Voltage,"['rare', 'arcane_enhancement']",,0,8,0.0,0,3,3.2,0,2,1.5,1.5,2.0,"[2.0, 2.0, 2.0, 3.0, 1.5, 3.0, 1.5]",4,1,3.0
magus_aggress,Magus Aggress,"['uncommon', 'arcane_enhancement']",,0,8,0.0,0,2,3.0,0,1,3.0,3.0,2.0,"[2.0, 2.0, 2.0, 2.0, 2.0, 2.5, 3.0]",5.5,1,3.0
expel_the_murmur,Expel The Murmur,"['mod', 'uncommon', 'secondary', 'pistol']",,0,8,0.0,0,2,4.0,0,1,3.0,3.0,4.0,"[5.0, 3.0, 4.0, 4.0, 4.0, 4.0, 3.0]",7,3.0,3.0
secondary_surge,Secondary Surge,"['rare', 'arcane_enhancement']",,0,7,0.0,0,2,2.2,0,1,3.0,2.5,2.0,"[2.0, 3.0, 2.0, 2.0, 2.0, 2.0, 2.5]",4,1.0,3.0
sey_taph,Sey-Taph,"['mod', 'common', 'any']",,0,7,0.0,0,5,8.0,0,1,3.0,3.0,3.0,"[3.0, 3.0, 3.0, 3.0, 4.0, 4.0, 3.0]",6,3,3.0
power_throw,Power Throw,"['mod', 'rare', 'melee', 'thrown_melee']",,0,21,0.0,0,1,1.0,0,1,2.0,2.0,1.0,"[2.0, 2.0, 1.0, 1.0, 1.0, 1.0, 2.0]",3,1,2.0
arcane_trickery,Arcane Trickery,"['uncommon', 'arcane_enhancement']",,0,5,0.0,0,3,3.4,0,1,2.0,2.0,2.0,"[2.0, 3.0, 3.0, 2.0, 3.0, 2.0, 2.0]",5,1,2.0
fracturing_wind,Fracturing Wind,"['mod', 'uncommon', 'stance', 'fists']",,0,7,0.0,0,1,2.4,0,2,1.0,1.0,2.0,"[2.0, 2.0, 3.0, 3.0, 1.0, 3.0, 1.0]",3,1,2.0
thunderbolt,Thunderbolt,"['mod', 'rare', 'primary', 'bow']",,0,5,0.0,0,2,4.2,0,1,2.0,2.0,2.0,"[2.0, 2.0, 3.0, 4.0, 2.0, 3.5, 2.0]",7,1,2.0
accelerated_deflection,Accelerated Deflection,"['mod', 'uncommon', 'sentinel', 'robotic']",,0,8,0.0,0,2,3.0,0,1,2.0,2.0,2.0,"[2.0, 2.0, 2.0, 2.5, 2.0, 2.0, 2.0]",4.0,1,2.0
rush,Rush,"['mod', 'warframe', 'uncommon']",,0,2,0.0,0,3,5.0,0,1,2.0,2.0,3,"[2.0, 3.0, 2.0, 3.0, 2.0, 3.0, 2.0]",5,1,2.0
redirection,Redirection,"['mod', 'common', 'warframe']",,0,8,0.0,0,1,2.2,0,1,2.0,2.0,1.0,"[1.0, 1.0, 1.0, 3.0, 1.5, 2.0, 2.0]",7,1,2.0
point_blank,Point Blank,"['shotgun', 'mod', 'uncommon', 'primary']",,0,7,0.0,0,1,3.4,0,1,2.0,2.0,2.0,"[2.0, 2.0, 2.5, 2.0, 2.5, 2.0, 2.0]",5,1,2.0
perpetual_agony,Perpetual Agony,"['common', 'mod', 'pistol', 'secondary']",,0,3,0.0,0,3,6.0,0,1,2.0,7.0,2.0,"[1, 2, 2, 2.0, 2.0, 20.0, 7.0]",20.0,1,2.0
flux_overdrive,Flux Overdrive,"['mod', 'rare', 'primary', 'flux_rifle']",,0,8,0.0,0,1,2.0,0,1,2.0,2.0,2.0,"[1.0, 3.0, 2.0, 3.0, 2.0, 2.0, 2.0]",5.0,1,2.0
bleeding_edge,Bleeding Edge,"['common', 'melee', 'mod', 'archwing', 'archmelee']",,0,3,0.0,0,5,4.5,0,1,2.0,2.0,4.5,"[5, 5, 4, 1.0, 3.0, 5.0, 2.0]",5,1.0,2.0
stealth_drift,Stealth Drift,"['mod', 'rare', 'warframe']",,0,10,0.0,0,2,3.0,0,1,2.0,2.0,2.5,"[2.5, 3.0, 2.0, 2.0, 2.0, 1.5, 2.0]",5.0,1.0,2.0
sharpened_claws,Sharpened Claws,"['mod', 'kavat', 'uncommon']",,0,6,0.0,0,2,3.4,0,1,2.0,2.0,2.0,"[2.0, 2.0, 3.0, 2.0, 3.0, 2.5, 2.0]",5,1,2.0
reflex_coil,Reflex Coil,"['mod', 'melee', 'uncommon']",,0,7,0.0,0,1,3.0,0,1,2.0,2.0,2.0,"[3.5, 2.0, 3.0, 3.0, 1.0, 2.0, 2.0]",5,1.0,2.0
seeker,Seeker,"['mod', 'rare', 'pistol', 'secondary']",,0,11,0.0,0,2,2.4,0,1,2.0,2.0,2.8,"[3.0, 4.0, 2.0, 2.0, 3.0, 2.0, 2.0]",5.0,2.0,2.0
proton_jet,Proton Jet,"['mod', 'uncommon', 'primary', 'rifle']",,0,3,0.0,0,9,9.7,0,1,2.0,2.0,3.8,"[3.0, 4.0, 3.0, 3.0, 3.0, 3.0, 2.0]",5,2.0,2.0
pain_threshold,Pain Threshold,"['mod', 'rare', 'warframe']",,0,10,0.0,0,2,2.4,0,1,2.0,2.0,2.0,"[5, 2.0, 2.0, 5.0, 2.5, 1.0, 2.0]",5,1,2.0
streamlined_form,Streamlined Form,"['mod', 'warframe', 'rare']",,0,5,0.0,0,3,5.8,0,1,2.0,2.0,3.0,"[1.0, 3.0, 3.0, 3.0, 3.0, 2.0, 2.0]",5.0,1.0,2.0
parry,Parry,"['mod', 'melee', 'common']",,0,1,0.0,0,10,10.0,0,1,2.0,5.0,5,"[5.0, 9.0, 3.0, 5.0, 5.0, 5.0, 5.0]",9.0,3.0,2.0
synth_reflex,Synth Reflex,"['mod', 'warframe', 'rare']",,0,15,0.0,0,2,3.2,0,1,2.0,5.0,3.0,"[3.0, 3.0, 4.0, 3.5, 3.0, 4.0, 5.0]",6,1,2.0
arcane_momentum,Arcane Momentum,['arcane_enhancement'],,0,5,0.0,0,2,2.4,0,1,2.0,2.0,2.0,"[2.0, 1.5, 2.0, 2.0, 2.0, 2.0, 2.0]",4,1,2.0
arcane_intention,Arcane Intention,"['uncommon', 'arcane_enhancement']",,0,8,0.0,0,1,2.0,0,1,2.0,3.0,2.0,"[4.0, 1.5, 2.0, 1.0, 2.0, 2.0, 3.0]",11,1,2.0
immuno_shield,Immuno Shield,"['mod', 'common', 'parazon']",,0,1,0.0,0,2,2.0,0,1,2.0,2.0,2.0,"[1, 5, 2, 5.0, 2.0]",5,1,2.0
tactical_pump,Tactical Pump,"['shotgun', 'mod', 'uncommon', 'primary']",,0,2,0.0,0,2,6.0,0,1,1.0,1.0,3.0,"[2.0, 3.0, 3.0, 2.0, 2.0, 2.5, 1.0]",5,1.0,1.0
calculated_redirection,Calculated Redirection,"['mod', 'common', 'sentinel', 'companion']",,0,3,0.0,0,3,2.0,0,1,1.0,1.0,2,"[1.0, 2.0, 1.0, 2.0, 1.5, 2.0, 1.0]",5.0,1,1.0
convulsion,Convulsion,"['mod', 'uncommon', 'pistol', 'secondary']",,0,8,0.0,0,1,2.0,0,1,1.0,1.0,2.0,"[2.0, 2.5, 1.0, 3.0, 3.0, 1.0, 1.0]",3,1,1.0
blunderbuss,Blunderbuss,"['common', 'shotgun', 'mod', 'primary']",,0,3,0.0,0,1,3.0,0,1,1.0,2.0,3.0,"[3.0, 4.0, 2.0, 3.0, 5.0, 2.0, 2.0]",5,1,1.0
serration,Serration,"['mod', 'uncommon', 'rifle', 'primary']",,0,6,0.0,0,3,4.0,0,1,1.0,1.0,2.0,"[3.5, 2.0, 2.0, 3.0, 2.0, 2.0, 1.0]",5,1,1.0
agile_aim,Agile Aim,"['primary', 'uncommon', 'pvp', 'rifle', 'mod']",,0,8,0.0,0,1,4.0,0,1,1.0,1.0,3,"[1.0, 4.0, 4.0, 3.0, 2.0, 5.0, 1.0]",5.0,1.0,1.0
aero_periphery,Aero Periphery,"['common', 'mod', 'primary']",,0,6,0.0,0,2,3.8,0,1,1.0,1.0,2.0,"[2, 1.0, 2.0, 2.0, 2.0, 3.0, 1.0]",10,1.0,1.0
ambassador_barrel,Ambassador Barrel,"['component', 'weapon']",,0,6,0.0,0,2,1.0,0,1,1.0,1.0,1,"[1.0, 1.0, 1.0, 2.0, 1.0, 1.0, 1.0]",2.0,1,1.0
ambassador_receiver,Ambassador Receiver,"['component', 'weapon']",,0,6,0.0,0,2,1.0,0,1,1.0,1.0,1.0,"[1.0, 1.5, 2.0, 1.0, 2.0, 1.0, 1.0]",2,1,1.0
ambassador_stock,Ambassador Stock,"['component', 'weapon']",,0,6,0.0,0,2,1.0,0,1,1.0,1.0,1.0,"[1.0, 1.0, 1.0, 1.0, 2.0, 1.0, 1.0]",2.0,1,1.0
